time,latitude,longitude,depth,mag,magType,nst,gap,dmin,rms,net,id,updated,place,type,horizontalError,depthError,magError,magNst,status,locationSource,magSource
2026-09-25T13:47:26.836Z,-6.9267,105.3554,10,4.7,mb,48,124,3.516,1.06,us,us6000txkc,2026-09-25T14:33:43.040Z,"80 km SW of Labuan, Indonesia",earthquake,11.62,1.87,0.092,47,reviewed,us,us
2026-09-25T13:17:57.160Z,17.915833333333,-66.2845,7.75,2.5,md,12,190,0.1221,0.22,pr,pr71534643,2026-09-25T13:32:12.960Z,"6 km SSE of Salinas, Puerto Rico",earthquake,0.55,0.43,0.27298754423735,11,reviewed,pr,pr
2026-09-25T12:37:16.665Z,-59.849,-61.371,10,4.9,mb,37,130,5.099,0.69,us,us6000txk8,2026-09-25T12:59:50.040Z,"Drake Passage",earthquake,5.37,1.879,0.093,36,reviewed,us,us
2026-09-25T11:53:21.312Z,34.8425,77.5756,10,4.5,mb,43,79,3.76,0.84,us,us6000txk0,2026-09-25T12:46:43.040Z,"72 km E of Thang, India",earthquake,9.15,0.656,0.103,28,reviewed,us,us
2026-09-25T11:12:15.838Z,-21.8904,174.0792,23.966,5.3,mww,59,88,5.567,1.15,us,us6000txjy,2026-09-25T11:31:30.040Z,"Vanuatu region",earthquake,3.94,5.524,0.08,15,reviewed,us,us
2026-09-25T09:46:30.540Z,19.340999603271,-155.35383605957,27.690000534058,3.16,md,57,67,0.03098,0.159999996,hv,hv75043607,2026-09-25T13:50:39.040Z,"16 km SW of Volcano, Hawaii",earthquake,0.32,0.449999988,0.1196376626078,11,automatic,hv,hv
2026-09-25T09:04:36.235Z,38.1037,-0.9501,10,3,mb_lg,8,147,2.795,1.01,us,us6000txjq,2026-09-25T14:57:58.116Z,"2 km NNW of Orihuela, Spain",earthquake,7.62,2.006,0.295,3,reviewed,us,us
2026-09-25T08:57:38.180Z,19.391332626343,-155.2765045166,1.4400000572205,2.46,ml,35,48,0.004838,0.180000007,hv,hv75043592,2026-09-25T09:01:03.760Z,"7 km SW of Volcano, Hawaii",earthquake,0.16,0.170000002,0.34,16,automatic,hv,hv
2026-09-25T07:18:22.822Z,37.4587,138.7057,165.7,4.1,mb,40,151,0.996,0.37,us,us6000txjc,2026-09-25T12:56:48.040Z,"8 km ENE of Kariwa, Japan",earthquake,11.76,8.893,0.095,30,reviewed,us,us
2026-09-25T05:57:51.890Z,34.7286,-103.7598,9.36,2.5,mb_lg,20,65,1.114,0.33,us,us6000txj1,2026-09-25T06:20:16.040Z,"16 km NE of House, New Mexico",earthquake,3.5,7.564,0.102,26,reviewed,us,us
2026-09-25T05:41:42.360Z,41.564166666667,-109.8855,-2.54,3.13,ml,19,112,0.1149,0.18,uu,uu80157966,2026-09-25T15:04:10.940Z,"3 km NW of Little America, Wyoming",earthquake,0.45,1.19,0.20449336661194,22,reviewed,uu,uu
2026-09-25T05:35:50.000Z,37.4128,72.1784,212.621,4.3,mb,26,104,0.931,0.48,us,us6000txiw,2026-09-25T05:55:34.040Z,"52 km NNW of Khandūd, Afghanistan",earthquake,8.3,5.172,0.178,9,reviewed,us,us
2026-09-25T05:15:03.260Z,18.336166666667,-65.377166666667,18.18,2.92,md,12,170,0.0943,0.31,pr,pr71534578,2026-09-25T05:48:15.900Z,"8 km WNW of Culebra, Puerto Rico",earthquake,1.49,0.78,0.33862697660954,8,reviewed,pr,pr
2026-09-25T04:27:40.435Z,-7.4036,125.6985,10,5,mb,45,91,6.37,1.13,us,us6000txim,2026-09-25T04:41:21.040Z,"124 km N of Metinaro, Timor Leste",earthquake,10.11,1.881,0.101,31,reviewed,us,us
2026-09-25T04:26:30.062Z,-11.3812,-77.721,45.943,4.4,mb,25,157,1.051,0.47,us,us6000txil,2026-09-25T05:26:07.909Z,"32 km SSW of Huacho, Peru",earthquake,6.32,10.345,0.093,33,reviewed,us,us
2026-09-25T02:42:31.424Z,43.5977,39.4641,10,4.1,mb,22,73,2,0.63,us,us6000txi7,2026-09-25T03:14:14.716Z,"16 km SSW of Vardane, Russia",earthquake,7.39,1.982,0.197,7,reviewed,us,us
2026-09-25T02:25:11.103Z,31.697,-104.536,4.5618,3,ml,37,69,0,0.2,tx,tx2026swhsch,2026-09-25T02:40:53.588Z,"55 km SSW of Whites City, New Mexico",earthquake,0.98570591898373,0.50599830523055,0.2,23,reviewed,tx,tx
2026-09-25T00:57:07.267Z,4.5217,-76.9788,52.219,4.5,mb,38,104,2.198,1.03,us,us6000txhs,2026-09-25T03:35:12.040Z,"39 km WSW of Sipí, Colombia",earthquake,6.02,8.233,0.118,21,reviewed,us,us
2026-09-24T23:30:28.053Z,-6.0863,147.3935,53.586,5.3,mww,57,43,3.305,0.91,us,us6000txhp,2026-09-24T23:48:55.040Z,"72 km NW of Finschhafen, Papua New Guinea",earthquake,8.35,7.543,0.086,13,reviewed,us,us
2026-09-24T23:19:34.354Z,-37.4621,-71.293,174.336,4.2,mb,26,141,1.699,0.7,us,us6000txhl,2026-09-25T01:57:52.040Z,"63 km WSW of Andacollo, Argentina",earthquake,7.63,12.724,0.216,6,reviewed,us,us
2026-09-24T22:22:59.185Z,-29.4432,-177.6601,48.811,4.9,mb,40,110,0.307,0.97,us,us6000txha,2026-09-25T00:11:52.040Z,"Kermadec Islands, New Zealand",earthquake,11.93,5.099,0.098,35,reviewed,us,us
2026-09-24T21:34:13.611Z,41.725,-108.7673,0,2.9,ml,54,66,0.812,0.72,us,us6000txh0,2026-09-25T14:51:42.753Z,"5 km NNE of Point of Rocks, Wyoming",mining explosion,2.92,1.569,0.034,111,reviewed,us,us
2026-09-24T21:21:45.340Z,17.932666666667,-66.959666666667,7.71,2.65,md,8,227,0.08738,0.11,pr,pr71534443,2026-09-24T21:55:21.280Z,"6 km SW of Guánica, Puerto Rico",earthquake,0.95,0.3,0.026181482698899,3,reviewed,pr,pr
2026-09-24T20:57:01.030Z,31.676,-101.746,4.9072,2.8,ml,19,59,0,0.1,tx,tx2026svwvaw,2026-09-24T21:49:58.040Z,"32 km SW of Garden City, Texas",earthquake,1.0884101619899,2.3788123664415,0.2,18,reviewed,tx,tx
2026-09-24T20:33:21.651Z,31.671,-101.74,5.4932,3.2,ml,26,59,0,0.1,tx,tx2026svwaxy,2026-09-24T21:28:35.138Z,"32 km SW of Garden City, Texas",earthquake,0.81391185777764,0.73721573566934,0.1,25,reviewed,tx,tx
2026-09-24T20:18:27.490Z,63.084,-149.943,85.5,2.6,ml,92,30,0.6,0.8,ak,aka2026sywlqq,2026-09-24T21:45:46.040Z,"60 km SW of Cantwell, Alaska",earthquake,2.3,2.8948,0.2,60,automatic,ak,ak
2026-09-24T20:05:25.988Z,1.9132,126.5357,48.469,4.6,mb,62,77,9.658,0.99,us,us6000txg5,2026-09-24T21:41:15.040Z,"155 km NW of Ternate, Indonesia",earthquake,9.08,6.806,0.076,52,reviewed,us,us
2026-09-24T18:27:09.070Z,36.479831695557,-121.09583282471,4.6399998664856,2.47,md,41,64,0.03914,0.19,nc,nc75440987,2026-09-24T18:52:21.968Z,"7 km SE of Pinnacles, CA",earthquake,0.28,1.13999999,0.15,44,automatic,nc,nc
2026-09-24T18:00:47.703Z,-4.6356,152.2767,93.994,5.1,mb,65,86,0.456,0.89,us,us6000txf9,2026-09-24T18:17:56.040Z,"32 km S of Kokopo, Papua New Guinea",earthquake,9.86,6.093,0.055,108,reviewed,us,us
2026-09-24T17:57:29.290Z,18.777666666667,-67.91,20.14,3.04,md,6,203,0.5176,0.29,pr,pr71534418,2026-09-24T18:48:43.320Z,"56 km ENE of Punta Cana, Dominican Republic",earthquake,1.71,25.87,0.061775926933123,5,reviewed,pr,pr
2026-09-24T17:56:13.809Z,32.5187,-104.6362,3.014,3.4,ml,34,78,0.086,0.23,us,us6000txf7,2026-09-24T18:14:00.040Z,"33 km SSE of Hope, New Mexico",earthquake,2.51,6.397,0.055,86,reviewed,us,us
2026-09-24T17:52:17.387Z,59.671,-153.546,138.6,2.7,ml,119,54,0.2,0.8,ak,aka2026syrpcd,2026-09-24T21:23:19.040Z,"34 km ESE of Pedro Bay, Alaska",earthquake,3.4,1.8237,0.4,84,automatic,ak,ak
2026-09-24T17:23:29.606Z,31.676,-101.727,6.1768,2.7,ml,25,60,0,0.1,tx,tx2026svpsys,2026-09-24T21:17:02.040Z,"31 km SW of Garden City, Texas",earthquake,0.79413513051536,1.3608064952404,0.2,28,reviewed,tx,tx
2026-09-24T17:14:34.930Z,3.9513,-75.858,10,4.2,mb,22,168,1.771,0.42,us,us6000txdx,2026-09-24T21:05:04.040Z,"28 km WSW of Roncesvalles, Colombia",earthquake,7.72,1.966,0.14,14,reviewed,us,us
2026-09-24T16:52:47.906Z,52.1563,-170.808,10,3.5,ml,18,213,0.871,0.98,us,us6000txfy,2026-09-25T13:32:04.040Z,"158 km SW of Nikolski, Alaska",earthquake,4.05,1.984,0.097,14,reviewed,us,us
2026-09-24T16:46:31.662Z,3.6948,-75.7529,10,4.6,mb,39,108,1.829,1.11,us,us6000txdb,2026-09-24T19:19:33.040Z,"21 km NNW of Rioblanco, Colombia",earthquake,9.34,1.882,0.074,54,reviewed,us,us
2026-09-24T16:28:00.188Z,-3.243,139.7677,68.453,4.6,mb,29,77,1.181,0.78,us,us6000txcw,2026-09-24T18:06:30.040Z,"119 km SW of Abepura, Indonesia",earthquake,9.98,7.607,0.098,31,reviewed,us,us
2026-09-24T15:40:28.080Z,36.617832183838,-119.31433105469,19.440000534058,2.68,md,19,159,0.2425,0.18,nc,nc75440902,2026-09-24T20:16:08.265Z,"1 km S of Orange Cove, CA",earthquake,0.87,0.829999983,0.16,8,automatic,nc,nc
2026-09-24T14:39:26.649Z,30.831,-103.394,3.3569,2.9,ml,25,77,0.3,0.2,tx,tx2026svkhwu,2026-09-24T15:06:34.040Z,"37 km ESE of Balmorhea, Texas",earthquake,1.1167775485272,3.73101979066,0.2,25,reviewed,tx,tx
2026-09-24T14:33:52.979Z,61.445,-146.42,16.2,2.7,ml,100,18,0.2,0.9,ak,aka2026sykywt,2026-09-24T15:23:13.040Z,"35 km N of Valdez, Alaska",earthquake,1.7,1.5613,0.1,65,automatic,ak,ak
2026-09-24T14:14:05.188Z,61.1063,-140.0197,5,2.9,ml,25,92,0.558,0.98,us,us6000txc4,2026-09-24T15:16:19.040Z,"159 km ESE of McCarthy, Alaska",earthquake,3.12,1.989,0.053,46,reviewed,us,us
2026-09-24T14:02:42.293Z,14.1475,-93.213,10,4.5,mb,29,221,2.363,0.86,us,us6000txc1,2026-09-24T17:45:44.040Z,"106 km SW of Puerto Madero, Mexico",earthquake,10.78,1.964,0.08,46,reviewed,us,us
2026-09-24T12:29:58.824Z,-5.3396,151.4915,95.598,5.2,mb,50,94,1.323,0.82,us,us6000txbm,2026-09-24T12:44:54.040Z,"139 km SW of Kokopo, Papua New Guinea",earthquake,8.82,7.161,0.092,39,reviewed,us,us
2026-09-24T11:34:12.607Z,52.396,-167.34,17.2,3.5,ml,20,261,1.1,0.6,ak,aka2026syezcx,2026-09-24T19:33:14.362Z,"119 km ESE of Nikolski, Alaska",earthquake,6.9,5.7126,0.1,12,reviewed,ak,ak
2026-09-24T11:08:24.838Z,-30.2344,-177.8691,35,4.9,mb,37,82,0.987,1.12,us,us6000txb3,2026-09-24T11:42:21.040Z,"Kermadec Islands, New Zealand",earthquake,9.81,1.478,0.168,21,reviewed,us,us
2026-09-24T09:55:04.538Z,55.076,-153.225,5,3.2,ml,47,259,3.1,1.6,ak,aka2026sybrit,2026-09-24T19:26:30.607Z,"216 km SSE of Akhiok, Alaska",earthquake,5.8,0,0.2,37,reviewed,ak,ak
2026-09-24T09:38:10.067Z,31.682,-101.721,8.8623,2.7,ml,41,68,0,0.1,tx,tx2026svaiir,2026-09-24T13:15:24.911Z,"30 km SW of Garden City, Texas",earthquake,0.49202714100556,0.64815392849741,0.1,21,reviewed,tx,tx
2026-09-24T09:36:39.911Z,31.678,-101.742,5.3955,3,ml,35,59,0,0.1,tx,tx2026svahau,2026-09-24T21:07:02.040Z,"32 km SW of Garden City, Texas",earthquake,0.73722615474284,0.74343868397457,0.1,33,reviewed,tx,tx
2026-09-24T08:36:08.785Z,31.671,-101.742,5.542,3.6,ml,37,40,0,0.1,tx,tx2026suygvy,2026-09-25T08:40:58.624Z,"32 km SW of Garden City, Texas",earthquake,0.65224989222147,0.59000503743581,0.2,28,reviewed,tx,tx
2026-09-24T07:40:58.138Z,37.4736,38.8612,10,5.3,mww,86,64,0.968,0.84,us,us6000tx9u,2026-09-25T04:38:02.727Z,"15 km SSW of Hilvan, Turkey",earthquake,5.44,1.854,0.066,22,reviewed,us,us
2026-09-24T07:22:15.885Z,53.5,-163.701,9.3,3.8,ml,127,204,1.1,1.2,ak,aka2026sxwopr,2026-09-24T19:19:33.570Z,"151 km S of False Pass, Alaska",earthquake,4.9,3.0898,0.1,67,reviewed,ak,ak
2026-09-24T07:07:05.252Z,-33.8294,-72.1057,31.376,4.3,mb,27,162,0.444,0.84,us,us6000tx9m,2026-09-24T09:02:45.040Z,"53 km WSW of San Antonio, Chile",earthquake,4.52,6.502,0.161,11,reviewed,us,us
2026-09-24T04:53:54.476Z,57.471,-154.244,23.1,2.9,ml,97,67,0.6,0.6,ak,aka2026sxrotv,2026-09-24T04:58:38.966Z,"16 km SE of Karluk, Alaska",earthquake,2.8,2.4008,0.2,72,automatic,ak,ak
2026-09-24T03:59:56.424Z,59.59,-138.844,0.5,2.9,ml,42,113,0.3,0.8,ak,aka2026sxpvgj,2026-09-24T04:07:19.040Z,"50 km E of Yakutat, Alaska",earthquake,4.3,3.0496,0.2,30,automatic,ak,ak
2026-09-24T03:30:26.013Z,-8.33,119.3665,10,4.5,mb,25,126,3.316,0.32,us,us6000tx8q,2026-09-24T03:51:50.040Z,"31 km NNW of Komodo, Indonesia",earthquake,8.23,1.799,0.144,14,reviewed,us,us
2026-09-24T03:11:42.650Z,35.312666666667,-117.804,7.18,2.62,ml,53,33,0.05664,0.15,ci,ci41338223,2026-09-24T22:05:55.217Z,"17 km WSW of Johannesburg, CA",earthquake,0.13,0.51,0.15325371687929,26,reviewed,ci,ci
2026-09-24T01:27:20.927Z,62.04,-149.756,26.8,3.7,ml,207,26,0.4,1.1,ak,aka2026sxksxl,2026-09-24T21:23:08.636Z,"14 km SSE of Susitna North, Alaska",earthquake,1.4,1.8067,0.1,144,reviewed,ak,ak
2026-09-24T00:53:50.791Z,-17.2621,-176.2226,338.174,4.3,mb,32,82,4.291,0.95,us,us6000tx7k,2026-09-24T04:21:09.040Z,"282 km WNW of Neiafu, Tonga",earthquake,11.06,6.115,0.114,22,reviewed,us,us
2026-09-24T00:26:38.374Z,-1.8133,138.7809,35,4.6,mb,41,79,2.043,0.43,us,us6000tx7g,2026-09-24T03:42:13.040Z,"223 km WNW of Abepura, Indonesia",earthquake,9.84,1.918,0.093,35,reviewed,us,us
2026-09-24T00:07:28.770Z,18.0768,-68.2911,87,3.74,md,16,209,0.4463,0.45,pr,pr2026267000,2026-09-24T03:34:14.040Z,"47 km SE of Boca de Yuma, Dominican Republic",earthquake,3.81,2.26,0.17,14,reviewed,pr,pr
2026-09-24T00:05:25.735Z,62.767,-143.743,5,3,ml,96,42,0.5,1.3,ak,aka2026sxhzwp,2026-09-24T03:13:01.040Z,"13 km ENE of Slana, Alaska",earthquake,2.3,,0.2,65,automatic,ak,ak
2026-09-24T00:05:12.310Z,19.330333333333,-155.82766666667,7.39,3.18,ml,46,176,0.07731,0.25,hv,hv75042947,2026-09-24T10:20:10.548Z,"14 km SSE of Honaunau-Napoopoo, Hawaii",earthquake,0.58,0.38,0.21096047844399,38,reviewed,hv,hv
2026-09-23T21:35:24.732Z,40.5193,141.9929,65.283,4.4,mb,28,146,0.756,0.7,us,us6000tx6g,2026-09-24T02:29:36.040Z,"41 km NNE of Kuji, Japan",earthquake,5.77,7.807,0.127,18,reviewed,us,us
2026-09-23T20:44:36.440Z,35.309833333333,-117.8055,7.23,2.96,ml,54,32,0.05365,0.15,ci,ci41337999,2026-09-23T21:01:13.310Z,"17 km WSW of Johannesburg, CA",earthquake,0.13,0.43,0.13834156055928,176,reviewed,ci,ci
2026-09-23T19:59:30.120Z,35.311,-117.8015,6.47,2.45,ml,54,25,0.05661,0.19,ci,ci41337943,2026-09-23T20:26:27.660Z,"17 km WSW of Johannesburg, CA",earthquake,0.17,0.43,0.15338386172153,96,reviewed,ci,ci
2026-09-23T18:28:56.100Z,37.417667388916,-118.89016723633,2.9700000286102,2.69,md,29,96,0.1788,0.07,nc,nc75440422,2026-09-23T19:22:22.331Z,"25 km SW of Toms Place, CA",earthquake,0.21,2.03999996,0.21,29,automatic,nc,nc
2026-09-23T17:46:06.489Z,-16.3072,178.0194,10,5,mww,49,72,1.308,0.9,us,us6000tx58,2026-09-23T18:38:45.040Z,"140 km NNE of Ba, Fiji",earthquake,6.11,1.834,0.086,13,reviewed,us,us
2026-09-23T17:38:48.483Z,59.882,-152.819,101,2.8,ml,137,57,0.1,0.8,ak,aka2026swvbrg,2026-09-23T17:43:50.017Z,"56 km WNW of Anchor Point, Alaska",earthquake,2.5,1.4206,0.3,97,automatic,ak,ak
2026-09-23T17:20:32.721Z,-14.6397,-175.0529,10,4.9,mb,65,51,3.253,0.84,us,us6000tx53,2026-09-23T17:40:54.040Z,"193 km SE of Mata-Utu, Wallis and Futuna",earthquake,10.92,1.864,0.052,117,reviewed,us,us
2026-09-23T16:48:37.858Z,-24.0812,-66.8891,193.188,4.6,mb,58,45,1.632,1.05,us,us6000tx4w,2026-09-24T09:33:52.196Z,"59 km WNW of San Antonio de los Cobres, Argentina",earthquake,9.14,8.996,0.136,16,reviewed,us,us
2026-09-23T16:38:10.842Z,59.402,-152.503,71.8,3.4,ml,203,78,0.4,0.9,ak,aka2026swtbxe,2026-09-23T18:47:38.040Z,"33 km W of Nanwalek, Alaska",earthquake,2,1.6422,0.1,131,automatic,ak,ak
2026-09-23T16:00:10.570Z,36.861000061035,-121.41500091553,6.0700001716614,2.58,md,63,33,0.08267,0.12,nc,nc75440387,2026-09-24T17:21:14.249Z,"2 km NW of Hollister, CA",earthquake,0.18,0.589999974,0.12,71,automatic,nc,nc
2026-09-23T15:34:53.093Z,63.2,-150.384,114.6,2.6,ml,93,37,0.7,0.7,ak,aka2026swqzfi,2026-09-23T17:16:16.040Z,"74 km WSW of Cantwell, Alaska",earthquake,2.4,2.8847,0.2,53,automatic,ak,ak
2026-09-23T15:01:48.370Z,35.307,-117.80416666667,6.75,3.18,ml,53,55,0.05216,0.15,ci,ci41337695,2026-09-23T17:10:13.040Z,"17 km WSW of Johannesburg, CA",earthquake,0.13,0.37,0.14398008132521,192,reviewed,ci,ci
2026-09-23T14:45:35.743Z,-23.9741,179.2578,528.269,4.6,mb,73,124,6.299,1.1,us,us6000tx3n,2026-09-23T15:07:20.040Z,"south of the Fiji Islands",earthquake,12.84,9.415,0.054,103,reviewed,us,us
2026-09-23T14:41:02.650Z,-14.9369,-175.1114,10,5.7,mww,49,102,3.383,0.73,us,us6000tx3m,2026-09-24T15:45:03.040Z,"180 km NW of Hihifo, Tonga",earthquake,12.99,1.86,0.068,21,reviewed,us,us
2026-09-23T14:19:32.302Z,6.4256,125.8221,150.252,4.2,mb,36,108,0.684,0.63,us,us6000tx3l,2026-09-23T16:19:59.040Z,"21 km ENE of Lais, Philippines",earthquake,14.69,6.791,0.104,26,reviewed,us,us
2026-09-23T13:30:25.056Z,57.202,-155.508,51.3,3.1,ml,130,112,0.6,1.2,ak,aka2026swmvfb,2026-09-23T15:17:04.040Z,"75 km WSW of Karluk, Alaska",earthquake,3.5,4.0648,0.2,83,automatic,ak,ak
2026-09-23T13:27:40.550Z,19.162166666667,-155.48483333333,10.48,2.57,ml,48,117,0.0225,0.19,hv,hv75042652,2026-09-23T20:52:42.210Z,"4 km S of Pāhala, Hawaii",earthquake,0.38,0.4,0.20228438767149,31,reviewed,hv,hv
2026-09-23T13:01:51.614Z,21.6622,143.0239,306.016,5,mb,140,26,6.912,0.56,us,us6000tx38,2026-09-25T13:12:02.430Z,"Mariana Islands region",earthquake,10.48,5.741,0.025,530,reviewed,us,us
2026-09-23T12:37:18.460Z,18.102333333333,-68.033333333333,42.45,3.21,md,11,202,0.5264,0.31,pr,pr71534228,2026-09-24T09:18:01.040Z,"65 km SE of Punta Cana, Dominican Republic",earthquake,2.11,3.93,0.18924057066513,8,reviewed,pr,pr
2026-09-23T12:23:20.274Z,1.217,126.5263,48.462,4.6,mb,32,93,14.357,0.5,us,us6000tx31,2026-09-23T13:15:01.040Z,"106 km WNW of Ternate, Indonesia",earthquake,12.65,5.914,0.109,25,reviewed,us,us
2026-09-23T12:19:12.731Z,56.3563,-149.1422,10,3.1,ml,44,199,2.361,0.43,us,us6000tx30,2026-09-23T13:28:05.040Z,"236 km SE of Chiniak, Alaska",earthquake,9.57,2.013,0.05,52,reviewed,us,us
2026-09-23T10:56:20.795Z,61.899,-150.919,68.6,3.2,ml,165,25,0.3,1.1,ak,aka2026swhrry,2026-09-24T09:08:21.040Z,"27 km ESE of Skwentna, Alaska",earthquake,1.7,2.3623,0.1,114,automatic,ak,ak
2026-09-23T10:52:08.290Z,33.574,-116.77016666667,12.56,2.63,ml,128,11,0.02028,0.19,ci,ci41337559,2026-09-24T04:47:18.699Z,"9 km WNW of Anza, CA",earthquake,0.1,0.26,0.16542257943406,181,reviewed,ci,ci
2026-09-23T10:50:05.702Z,61.384,-150.742,60.9,3.2,ml,174,29,0.4,1.1,ak,aka2026swhmgk,2026-09-24T10:55:09.585Z,"21 km SW of Susitna, Alaska",earthquake,1.8,2.2365,0.1,124,automatic,ak,ak
2026-09-23T10:33:05.103Z,13.8587,56.8032,10,4.4,mb,22,117,11.043,0.49,us,us6000tx2s,2026-09-23T12:49:04.040Z,"Socotra region",earthquake,6.73,1.936,0.139,15,reviewed,us,us
2026-09-23T10:17:51.394Z,60.463,-152.265,109.1,2.6,ml,115,33,0.1,0.6,ak,aka2026swgkjb,2026-09-24T08:37:26.040Z,"53 km W of Cohoe, Alaska",earthquake,2.4,1.4821,0.2,79,automatic,ak,ak
2026-09-23T10:12:16.828Z,59.859,-152.709,93.7,2.8,ml,144,59,0.2,1,ak,aka2026swgfml,2026-09-24T08:33:52.040Z,"50 km W of Anchor Point, Alaska",earthquake,2.2,1.4173,0.2,99,automatic,ak,ak
2026-09-23T09:21:14.600Z,-28.7298,-67.2912,121.534,5.3,mww,99,29,3.003,0.95,us,us6000tx29,2026-09-23T15:54:18.908Z,"51 km WSW of Arauco, Argentina",earthquake,7.48,6.317,0.057,30,reviewed,us,us
2026-09-23T09:04:13.285Z,3.9146,-75.7321,10,4.2,mb,59,90,1.683,0.45,us,us6000tx28,2026-09-24T08:26:41.040Z,"17 km SW of Roncesvalles, Colombia",earthquake,5.74,1.916,0.098,29,reviewed,us,us
2026-09-23T08:41:58.018Z,-60.2661,-47.6004,10,4.9,mb,49,56,8.489,1.23,us,us6000tx23,2026-09-23T09:33:20.806Z,"Scotia Sea",earthquake,5.52,1.824,0.102,35,reviewed,us,us
2026-09-23T08:32:58.574Z,32.2341,-104.5044,8.033,2.8,ml,37,70,0.498,0.45,us,us6000tx1x,2026-09-23T09:45:57.040Z,"13 km WNW of Whites City, New Mexico",earthquake,2.55,7.77,0.047,60,reviewed,us,us
2026-09-23T07:36:24.790Z,-35.0606,-107.0125,10,4.9,mb,28,156,29.179,0.48,us,us6000tx1w,2026-09-24T06:45:47.040Z,"southern East Pacific Rise",earthquake,12.73,1.938,0.095,35,reviewed,us,us
2026-09-23T07:28:44.346Z,51.237,178.75,35.2,2.7,ml,12,280,0.4,0.9,ak,aka2026swatrm,2026-09-23T19:14:19.168Z,"Rat Islands, Aleutian Islands, Alaska",earthquake,9.8,5.0266,0.1,8,reviewed,ak,ak
2026-09-23T06:31:42.731Z,58.233,-151.427,15.7,2.6,ml,76,153,0.6,0.7,ak,aka2026svywgt,2026-09-23T06:35:58.756Z,"72 km ENE of Ouzinkie, Alaska",earthquake,4.8,4.7121,0.1,54,automatic,ak,ak
2026-09-23T06:15:36.520Z,17.943,-66.951333333333,6.99,2.51,md,11,190,0.07565,0.13,pr,pr71534208,2026-09-23T06:56:27.980Z,"5 km SW of Guánica, Puerto Rico",earthquake,0.65,0.27,0.010167073275024,6,reviewed,pr,pr
2026-09-23T05:46:11.056Z,37.2772,71.768,141.19,4.7,mb,68,57,2.197,1.31,us,us6000tx16,2026-09-23T06:03:02.040Z,"30 km SE of Khorugh, Tajikistan",earthquake,6.84,7.306,0.056,98,reviewed,us,us
2026-09-23T05:33:37.383Z,39.6017,-119.7884,5.092,2.77,ml,35,56,0.024,0.1387,nn,nn00924762,2026-09-24T07:12:28.040Z,"1 km WNW of Sun Valley, Nevada",earthquake,,0.6608,0.31,11,reviewed,nn,nn
2026-09-23T05:08:42.441Z,32.401,-102.046,7.1533,3,ml,45,60,0,0.1,tx,tx2026ssvrgl,2026-09-23T05:20:30.040Z,"34 km WSW of Ackerly, Texas",earthquake,0.33013157393889,0.62660144441535,0.1,41,reviewed,tx,tx
2026-09-23T04:46:40.685Z,3.8429,-75.6673,10,4.3,mb,34,79,1.671,1,us,us6000tx0t,2026-09-23T05:02:55.040Z,"19 km SSW of Roncesvalles, Colombia",earthquake,5.98,1.915,0.098,29,reviewed,us,us
2026-09-23T04:36:36.514Z,3.7019,-75.7375,9.967,4.4,mb,29,76,1.812,0.57,us,us6000tx0s,2026-09-23T04:47:50.040Z,"21 km NNW of Rioblanco, Colombia",earthquake,6.78,5.802,0.089,36,reviewed,us,us
2026-09-23T03:59:57.750Z,35.306333333333,-117.80266666667,6.57,2.51,ml,50,32,0.05247,0.14,ci,ci41337407,2026-09-23T14:42:01.180Z,"17 km WSW of Johannesburg, CA",earthquake,0.13,0.34,0.1825433273013,107,reviewed,ci,ci
2026-09-23T03:53:40.838Z,55.282,-158.713,15,2.5,ml,8,326,0.8,0.1,ak,aka2026svtpfm,2026-09-23T03:54:48.932Z,"75 km SSE of Perryville, Alaska",earthquake,31,7.4511,0.3,5,automatic,ak,ak
2026-09-23T03:07:08.275Z,-29.6195,-71.3758,62.41,4.2,mb,23,153,0.321,0.75,us,us6000tx0f,2026-09-23T14:03:39.046Z,"33 km NNW of La Serena, Chile",earthquake,3.54,7.212,0.199,7,reviewed,us,us
2026-09-23T02:16:59.235Z,32.436,-102.098,6.958,2.8,ml,55,53,0,0.1,tx,tx2026sspzfy,2026-09-23T02:35:57.541Z,"35 km SSW of Los Ybanez, Texas",earthquake,0.38989822901162,0.38431358801123,0.1,41,reviewed,tx,tx
2026-09-23T02:02:43.755Z,-8.1454,120.808,10,4.5,mb,17,129,3.283,1,us,us6000tx08,2026-09-23T02:23:16.040Z,"63 km NE of Ruteng, Indonesia",earthquake,7.04,1.93,0.163,11,reviewed,us,us
2026-09-23T01:44:16.540Z,46.8489,152.9319,46.244,4.4,mb,30,136,6.977,0.59,us,us6000tx07,2026-09-23T02:11:00.040Z,"Kuril Islands",earthquake,11.4,5.134,0.134,16,reviewed,us,us
2026-09-23T00:44:13.180Z,31.7345,51.4298,10,4.4,mb,19,168,5.844,0.56,us,us6000tx02,2026-09-23T03:26:12.040Z,"28 km SSE of Borūjen, Iran",earthquake,12.28,1.977,0.161,11,reviewed,us,us
2026-09-22T22:27:38.897Z,-6.9217,105.5232,35,4.5,mb,34,103,3.51,0.79,us,us6000twzp,2026-09-23T03:00:36.040Z,"68 km SSW of Labuan, Indonesia",earthquake,12.68,1.924,0.104,27,reviewed,us,us
2026-09-22T22:12:26.733Z,3.948,-75.7814,10,4.4,mb,24,115,1.707,0.88,us,us6000twzi,2026-09-23T02:18:34.040Z,"20 km WSW of Roncesvalles, Colombia",earthquake,6.5,1.3,0.219,6,reviewed,us,us
2026-09-22T22:01:26.080Z,18.744833333333,-64.624833333333,15.16,2.63,md,4,264,0.323,0.02,pr,pr71534123,2026-09-22T22:11:05.130Z,"49 km NNE of Cruz Bay, U.S. Virgin Islands",earthquake,0.84,1.62,0.18492426652475,4,reviewed,pr,pr
2026-09-22T21:52:18.325Z,55.496,-158.9,5,2.6,ml,17,243,0.6,0.4,ak,aka2026svhnuz,2026-09-22T21:53:48.408Z,"48 km SSE of Perryville, Alaska",earthquake,12.3,,0.3,8,automatic,ak,ak
2026-09-22T20:50:54.702Z,54.9345,-160.0285,35,3.5,ml,17,207,1.229,0.59,us,us6000twyy,2026-09-23T00:55:28.308Z,"53 km SE of Sand Point, Alaska",earthquake,4.96,2.018,0.064,32,reviewed,us,us
2026-09-22T20:34:43.296Z,9.6886,126.5291,10,4.6,mb,29,125,2.767,0.63,us,us6000twys,2026-09-23T04:33:55.287Z,"46 km E of Union, Philippines",earthquake,11.25,1.868,0.104,28,reviewed,us,us
2026-09-22T20:11:50.722Z,-20.9839,-175.461,121.928,4.8,mb,22,143,5.538,1,us,us6000twyf,2026-09-22T20:46:25.040Z,"26 km NW of Houma, Tonga",earthquake,20.83,14.579,0.107,27,reviewed,us,us
2026-09-22T19:51:17.869Z,55.223,-159.175,5,2.7,ml,20,249,0.8,0.7,ak,aka2026svdmzd,2026-09-22T19:54:18.532Z,"76 km S of Perryville, Alaska",earthquake,6.8,,0.1,15,automatic,ak,ak
2026-09-22T19:18:39.210Z,19.5575,-65.408833333333,12.38,3.34,md,17,237,1.249,0.48,pr,pr71534068,2026-09-22T20:33:43.040Z,"133 km NNE of Vieques, Puerto Rico",earthquake,2.55,4.18,0.10465315226607,13,reviewed,pr,pr
2026-09-22T19:00:08.330Z,40.355335235596,-124.75216674805,2,2.52,md,12,286,0.4721,0.27,nc,nc75440082,2026-09-22T21:37:24.599Z,"40 km W of Petrolia, CA",earthquake,8.84,10.5699997,0.09,5,automatic,nc,nc
2026-09-22T18:48:31.934Z,-25.0118,-178.0114,427.498,4.4,mb,27,259,4.217,0.68,us,us6000twxv,2026-09-22T20:04:55.040Z,"south of the Fiji Islands",earthquake,12.93,20.005,0.12,20,reviewed,us,us
2026-09-22T16:50:40.191Z,31.668,-104.402,6.0999,2.6,ml,39,70,0,0.2,tx,tx2026srxfgq,2026-09-23T07:32:49.833Z,"56 km S of Whites City, New Mexico",earthquake,1.1429477757923,1.0620998385362,0.1,24,reviewed,tx,tx
2026-09-22T16:09:09.440Z,41.7997,82.3165,10,4.5,mb,75,79,2.59,0.81,us,us6000twwy,2026-09-22T18:20:20.040Z,"51 km W of Kuqa, China",earthquake,7.01,1.838,0.084,48,reviewed,us,us
2026-09-22T16:07:21.955Z,31.605,-103.933,7.7533,2.5,ml,37,45,0,0.1,tx,tx2026srvtwi,2026-09-22T16:15:16.344Z,"33 km WSW of Mentone, Texas",earthquake,0.32837997722643,0.34741968324626,0.2,25,reviewed,tx,tx
2026-09-22T15:23:58.790Z,40.468166351318,-124.80716705322,26.360000610352,2.6,md,35,256,0.3584,0.15,nc,nc75439987,2026-09-22T16:37:21.525Z,"47 km WNW of Petrolia, CA",earthquake,2.24,4.48000002,0.07,8,automatic,nc,nc
2026-09-22T14:20:46.022Z,67.389,-157.308,5,3.5,ml,76,83,1.3,1.3,ak,aka2026susmgb,2026-09-24T21:40:31.617Z,"41 km NE of Ambler, Alaska",earthquake,3.1,0,0.1,28,reviewed,ak,ak
2026-09-22T13:56:15.091Z,50.4343,156.4937,83.948,4.6,mb,113,133,2.781,0.63,us,us7000tj5n,2026-09-22T16:38:36.040Z,"37 km SE of Severo-Kuril’sk, Russia",earthquake,10.27,7.004,0.045,156,reviewed,us,us
2026-09-22T13:48:19.982Z,39.9178,143.248,38.179,4.4,mb,48,146,1.882,0.58,us,us7000tj5m,2026-09-22T16:18:29.040Z,"115 km ENE of Miyako, Japan",earthquake,7.68,6.658,0.102,28,reviewed,us,us
2026-09-22T12:45:54.361Z,61.1047,-140.0156,5.158,2.8,ml,19,124,0.559,0.79,us,us7000tj5e,2026-09-23T10:34:55.040Z,"160 km ESE of McCarthy, Alaska",earthquake,2.76,7.368,0.046,62,reviewed,us,us
2026-09-22T11:43:45.547Z,14.113,-91.1165,88.793,4.7,mb,95,162,1.314,0.66,us,us7000tj58,2026-09-23T03:01:39.780Z,"7 km WNW of La Gomera, Guatemala",earthquake,8.97,3.735,0.027,401,reviewed,us,us
2026-09-22T11:37:12.130Z,39.6629,143.3539,25.669,4.4,mb,32,138,2.083,0.65,us,us7000tj57,2026-09-22T12:49:46.040Z,"121 km E of Miyako, Japan",earthquake,8.97,6.658,0.112,23,reviewed,us,us
2026-09-22T11:29:41.886Z,36.5213,70.898,192.749,4.4,mb,83,72,2.19,0.77,us,us7000tj55,2026-09-22T11:50:42.040Z,"38 km S of Jurm, Afghanistan",earthquake,5.75,7.059,0.063,72,reviewed,us,us
2026-09-22T10:46:22.312Z,29.0367,128.8944,10,5.1,mww,67,99,2.809,0.86,us,us7000tj4y,2026-09-22T11:06:19.040Z,"88 km NNW of Uken, Japan",earthquake,5.87,1.578,0.065,23,reviewed,us,us
2026-09-22T10:38:42.183Z,3.8183,-75.7321,10,4.1,mb,24,99,1.738,0.61,us,us7000tj4x,2026-09-23T10:25:24.040Z,"25 km SSW of Roncesvalles, Colombia",earthquake,4.68,1.981,0.262,4,reviewed,us,us
2026-09-22T10:30:19.045Z,-6.3408,128.6303,295.618,4.6,mb,43,88,6.916,0.45,us,us7000tj4v,2026-09-22T10:48:32.040Z,"296 km S of Ambon, Indonesia",earthquake,11.79,8.299,0.084,43,reviewed,us,us
2026-09-22T10:00:31.232Z,-26.3979,-179.3736,431.374,4.3,mb,38,137,8.935,0.8,us,us7000tj4r,2026-09-22T13:08:59.040Z,"south of the Fiji Islands",earthquake,15.93,8.875,0.086,38,reviewed,us,us
2026-09-22T09:49:42.085Z,49.7217,34.4683,10,4.4,mb,31,43,3.508,0.52,us,us7000tj54,2026-09-24T00:14:02.354Z,"12 km SSW of Dykanka, Ukraine",earthquake,7.59,1.935,0.139,15,reviewed,us,us
2026-09-22T09:35:10.144Z,-21.9846,-68.6595,110.957,4.3,mb,35,98,0.572,0.65,us,us7000tj4l,2026-09-22T10:36:09.040Z,"58 km NNE of Calama, Chile",earthquake,5.37,5.735,0.105,26,reviewed,us,us
2026-09-22T08:48:00.581Z,57.295,-154.827,50.9,3.7,ml,235,150,0.3,1.1,ak,aka2026suhjvu,2026-09-24T21:24:19.263Z,"37 km SW of Karluk, Alaska",earthquake,2.8,3.1132,0.2,129,reviewed,ak,ak
2026-09-22T08:04:38.331Z,31.666,-104.25,6.0999,3.1,ml,40,65,0,0.2,tx,tx2026srfrih,2026-09-25T05:05:07.147Z,"57 km SSE of Whites City, New Mexico",earthquake,0.76887768000985,0.52931166278514,0.2,27,reviewed,tx,tx
2026-09-22T07:30:17.660Z,18.5955,-66.755166666667,16.66,2.76,md,19,211,0.1258,0.15,pr,pr71534028,2026-09-22T08:41:15.440Z,"13 km NNE of Carrizales, Puerto Rico",earthquake,0.55,0.34,0.086689153129687,7,reviewed,pr,pr
2026-09-22T06:48:09.705Z,11.0957,124.2096,10,4.6,mb,44,99,4.223,0.64,us,us7000tj3v,2026-09-22T07:50:06.452Z,"19 km ENE of Nailong, Philippines",earthquake,12.88,1.887,0.085,41,reviewed,us,us
2026-09-22T06:11:10.037Z,23.003,142.3395,10,4.9,mb,103,94,10.51,0.61,us,us7000tj3s,2026-09-22T06:30:53.040Z,"Volcano Islands, Japan region",earthquake,10.89,1.879,0.037,235,reviewed,us,us
2026-09-22T05:49:01.328Z,51.256,-178.533,0.1,3.5,ml,39,207,0.3,0.5,ak,aka2026subkpx,2026-09-22T16:03:30.835Z,"148 km WSW of Adak, Alaska",earthquake,4.9,2.4368,0.2,27,reviewed,ak,ak
2026-09-22T05:31:33.019Z,-16.8256,-177.6628,428.123,4,mb,41,126,2.865,0.81,us,us7000tj3l,2026-09-22T07:36:51.040Z,"282 km S of Alo, Wallis and Futuna",earthquake,16.93,9.141,0.092,32,reviewed,us,us
2026-09-22T05:18:24.687Z,23.1331,142.4369,10,5,mb,108,119,10.557,1.02,us,us7000tj3k,2026-09-22T05:38:04.040Z,"Volcano Islands, Japan region",earthquake,10.98,1.873,0.036,247,reviewed,us,us
2026-09-22T05:15:14.407Z,36.45,-101.74,2.2217,2.5,ml,11,127,0.4,0.2,tx,tx2026sraean,2026-09-22T13:57:43.557Z,"6 km SE of Texhoma, Texas",earthquake,1.6077942218863,1.5601658711336,0.2,5,reviewed,tx,tx
2026-09-22T03:36:25.949Z,-8.3909,121.4677,10,4.7,mb,20,126,3.763,1.15,us,us7000tj37,2026-09-22T04:04:43.040Z,"54 km NNW of Ende, Indonesia",earthquake,12.45,1.91,0.142,15,reviewed,us,us
2026-09-22T02:49:22.080Z,18.3008,-68.9756,174,3.97,md,24,230,0.6313,0.22,pr,pr2026265000,2026-09-23T12:19:49.274Z,"14 km S of La Romana, Dominican Republic",earthquake,4.19,1.46,0.18,8,reviewed,pr,pr
2026-09-22T00:44:43.637Z,52.2461,-171.0441,129.468,3.9,mb,33,209,0.875,0.85,us,us7000tj31,2026-09-22T04:59:21.040Z,"166 km WSW of Nikolski, Alaska",earthquake,9.14,8.918,0.109,22,reviewed,us,us
2026-09-22T00:08:04.893Z,19.2426,121.0734,10,4.8,mb,67,122,3.557,0.61,us,us7000tj21,2026-09-22T04:51:56.040Z,"70 km N of Claveria, Philippines",earthquake,9.45,1.878,0.062,80,reviewed,us,us
2026-09-22T00:07:14.659Z,36.5413,70.8201,196.057,4.3,mb,31,64,2.21,0.46,us,us7000tj20,2026-09-22T04:43:04.040Z,"35 km S of Jurm, Afghanistan",earthquake,4.3,9.111,0.147,13,reviewed,us,us
2026-09-21T23:48:13.180Z,4.525,125.3573,10,5.3,mb,77,63,2.538,0.53,us,us7000tj1s,2026-09-22T04:31:02.040Z,"97 km S of Sarangani, Philippines",earthquake,9.92,1.778,0.048,143,reviewed,us,us
2026-09-21T23:39:42.591Z,38.6981,-118.4748,8.3941,2.48,ml,23,67,0.079,0.183,nn,nn00924700,2026-09-22T04:25:02.040Z,"23 km NE of Hawthorne, Nevada",earthquake,,1.0494,0.25,14,reviewed,nn,nn
2026-09-21T23:15:35.218Z,3.7466,-75.6132,19.711,4.3,mb,28,70,1.688,0.81,us,us7000tj1k,2026-09-22T04:17:04.040Z,"14 km W of Chaparral, Colombia",earthquake,5.12,4.46,0.177,9,reviewed,us,us
2026-09-21T23:08:02.630Z,35.721500396729,-121.01766967773,5.2199997901917,2.57,md,40,77,0.1065,0.07,nc,nc75439717,2026-09-22T04:37:57.134Z,"12 km W of Lake Nacimiento, CA",earthquake,0.19,0.639999986,0.09,42,automatic,nc,nc
2026-09-21T22:58:22.094Z,3.9838,-75.6103,11.768,4.3,mb,21,72,1.544,0.75,us,us7000tj1f,2026-09-22T03:56:48.040Z,"3 km SSW of Roncesvalles, Colombia",earthquake,5.22,6.204,0.188,8,reviewed,us,us
2026-09-21T22:41:51.820Z,40.30350112915,-124.53583526611,10.460000038147,2.5,md,22,274,0.1737,0.17,nc,nc75439702,2026-09-22T00:22:22.847Z,"21 km W of Petrolia, CA",earthquake,2.35,0.879999995,0.07,14,automatic,nc,nc
2026-09-21T22:29:59.360Z,37.5214,142.0382,35,4.5,mb,40,133,3.216,0.77,us,us7000tj1b,2026-09-22T03:37:20.040Z,"91 km E of Namie, Japan",earthquake,9.73,1.933,0.106,26,reviewed,us,us
2026-09-21T22:01:55.932Z,13.8113,-92.8359,10,4.4,mb,38,224,2.547,0.95,us,us7000tj11,2026-09-22T03:07:03.040Z,"103 km SW of Brisas Barra de Suchiate, Mexico",earthquake,10.15,1.986,0.059,83,reviewed,us,us
2026-09-21T21:37:04.871Z,-56.5064,-24.1479,10,5,mb,39,73,7.372,0.64,us,us7000tj0z,2026-09-22T02:15:02.040Z,"South Sandwich Islands region",earthquake,11.97,1.855,0.101,31,reviewed,us,us
2026-09-21T21:17:48.156Z,61.651,-151.659,100.5,2.8,ml,120,35,0.2,0.6,ak,aka2026stkjjp,2026-09-22T01:45:45.040Z,"40 km SSW of Skwentna, Alaska",earthquake,2.1,1.8371,0.2,79,automatic,ak,ak
2026-09-21T20:53:15.107Z,-19.1407,-177.5544,583.682,4.4,mb,52,122,3.949,0.75,us,us7000tj0r,2026-09-21T21:08:46.040Z,"Fiji region",earthquake,9.38,7.949,0.077,49,reviewed,us,us
2026-09-21T19:32:47.655Z,56.675,-155.339,52,3.1,ml,63,187,1,0.5,ak,aka2026stgwir,2026-09-25T15:09:40.040Z,"77 km WSW of Akhiok, Alaska",earthquake,6.4,11.1557,0.2,47,automatic,ak,ak
2026-09-21T18:58:13.230Z,19.180333333333,-155.50816666667,31.03,2.57,ml,36,99,0.0501,0.12,hv,hv75041332,2026-09-23T02:42:47.000Z,"3 km SW of Pāhala, Hawaii",earthquake,0.58,0.63,0.21131026700341,29,reviewed,hv,hv
2026-09-21T18:54:41.390Z,40.276332855225,-124.5299987793,5.6500000953674,2.96,md,27,249,0.1808,0.18,nc,nc75439497,2026-09-21T21:27:20.629Z,"21 km WSW of Petrolia, CA",earthquake,2.02,1.19000006,0.12,24,automatic,nc,nc
2026-09-21T18:48:44.774Z,3.8759,-75.5116,10,4.5,mb,43,103,1.528,0.53,us,us7000tizt,2026-09-21T20:53:06.911Z,"5 km SW of San Antonio, Colombia",earthquake,7.24,1.913,0.1,29,reviewed,us,us
2026-09-21T18:26:49.270Z,55.479,-154.076,20,3.8,ml,121,214,1.8,0.9,ak,aka2026steqzi,2026-09-24T21:24:46.372Z,"163 km S of Akhiok, Alaska",earthquake,4.6,0,0.1,61,reviewed,ak,ak
2026-09-21T17:38:43.165Z,-22.0932,-67.6971,198.661,4.4,mb,30,110,0.964,0.64,us,us7000tizh,2026-09-21T17:59:38.040Z,"104 km NNE of San Pedro de Atacama, Chile",earthquake,8.86,8.193,0.118,21,reviewed,us,us
2026-09-21T17:22:46.521Z,-18.7759,-177.4361,409.341,4.2,mb,29,100,3.807,0.39,us,us7000tizg,2026-09-21T17:46:38.040Z,"Fiji region",earthquake,14.69,9.461,0.105,25,reviewed,us,us
2026-09-21T16:23:20.333Z,3.8585,-75.7087,10,4.3,mb,36,148,1.695,1.11,us,us7000tiz7,2026-09-21T20:53:55.307Z,"20 km SW of Roncesvalles, Colombia",earthquake,6.04,1.942,0.138,15,reviewed,us,us
2026-09-21T15:56:20.386Z,31.7337,142.3611,10,4.5,mb,52,136,5.685,0.85,us,us7000tiya,2026-09-21T16:14:31.040Z,"Izu Islands, Japan region",earthquake,11.27,1.904,0.09,36,reviewed,us,us
2026-09-21T14:06:04.200Z,19.197,-155.49483333333,30.69,2.62,ml,34,75,0.05126,0.1,hv,hv75041242,2026-09-23T02:31:43.760Z,"1 km WSW of Pāhala, Hawaii",earthquake,0.58,0.61,0.13052146376945,28,reviewed,hv,hv
2026-09-21T13:58:24.605Z,-4.1759,138.0019,148.887,4.3,mb,32,76,3.161,0.84,us,us7000tixu,2026-09-21T14:37:41.040Z,"152 km N of Agats, Indonesia",earthquake,10.94,2.804,0.106,25,reviewed,us,us
2026-09-21T13:38:32.404Z,32.5978,132.0805,42.736,5,mb,59,108,1.757,0.75,us,us7000tixp,2026-09-21T13:56:15.040Z,"38 km E of Nobeoka, Japan",earthquake,6.97,6.979,0.036,241,reviewed,us,us
2026-09-21T12:17:05.292Z,-21.2643,-68.9887,121.183,4.7,mb,75,46,0.58,1.22,us,us7000tixg,2026-09-21T12:34:20.040Z,"76 km W of Ollagüe, Chile",earthquake,6.09,5.703,0.036,232,reviewed,us,us
2026-09-21T12:15:14.820Z,38.517333333333,-112.13983333333,2.64,2.63,ml,29,85,0.02971,0.2,uu,uu80157636,2026-09-23T16:03:19.630Z,"10 km NE of Marysvale, Utah",earthquake,0.52,0.92,0.14803575461314,17,reviewed,uu,uu
2026-09-21T11:48:28.996Z,-22.3643,-71.8678,10,5.2,mb,108,132,1.666,0.89,us,us7000tixc,2026-09-21T12:27:44.858Z,"167 km WNW of Mejillones, Chile",earthquake,6.02,1.862,0.04,205,reviewed,us,us
2026-09-21T11:02:38.555Z,15.7541,-93.0352,142.841,4.2,mb,115,129,1.011,0.75,us,us7000tix2,2026-09-21T11:38:48.040Z,"15 km SW of El Ramal (Porvenir), Mexico",earthquake,9.17,8.242,0.051,109,reviewed,us,us
2026-09-21T10:48:16.231Z,37.9169,72.4916,129.316,4.7,mb,68,50,0.395,0.88,us,us7000tiwz,2026-09-21T13:00:24.040Z,"95 km ENE of Khorugh, Tajikistan",earthquake,6.63,5.762,0.056,95,reviewed,us,us
2026-09-21T10:15:26.980Z,18.8395,-64.517666666667,10.93,2.92,md,4,287,0.3642,0.08,pr,pr71533883,2026-09-21T10:51:01.480Z,"63 km NNE of Cruz Bay, U.S. Virgin Islands",earthquake,1.09,1.53,0.095355332249844,3,reviewed,pr,pr
2026-09-21T10:00:11.101Z,52.182,-171.004,105.6,3.6,ml,51,208,0.9,0.6,ak,aka2026ssnubr,2026-09-21T15:42:10.889Z,"167 km WSW of Nikolski, Alaska",earthquake,39.3,5.991,0.1,25,reviewed,ak,ak
2026-09-21T09:43:47.908Z,61.527,-150.011,27.4,2.6,ml,80,24,0.4,0.8,ak,aka2026ssnfqn,2026-09-21T16:53:11.135Z,"3 km WNW of Big Lake, Alaska",earthquake,2,2.001,0.1,54,automatic,ak,ak
2026-09-21T09:38:37.693Z,59.934,-151.328,45.9,3.1,ml,120,44,0.3,0.8,ak,aka2026ssnawb,2026-09-21T16:55:19.822Z,"20 km NE of Nikolaevsk, Alaska",earthquake,2.2,3.7641,0.1,85,automatic,ak,ak
2026-09-21T09:23:42.552Z,-40.9249,175.51,26.042,4,mb,16,170,0.269,0.69,us,us7000tiwh,2026-09-22T15:14:48.040Z,"9 km WNW of Solway, New Zealand",earthquake,5.22,5.672,0.212,6,reviewed,us,us
2026-09-21T08:00:55.650Z,18.810333333333,-64.792333333333,85.47,3.39,md,4,267,0.421,0.24,pr,pr71533853,2026-09-21T09:39:47.100Z,"53 km N of Cruz Bay, U.S. Virgin Islands",earthquake,16.92,9.59,0.042643341143268,3,reviewed,pr,pr
2026-09-21T07:53:11.990Z,19.254166666667,-65.380333333333,75.73,3.32,md,5,263,0.9462,0.03,pr,pr71533868,2026-09-21T08:42:41.730Z,"103 km NNE of Vieques, Puerto Rico",earthquake,3.96,7.05,0.035294330354667,3,reviewed,pr,pr
2026-09-21T07:35:40.400Z,-17.9326,-178.3723,533.686,4.2,mb,73,125,2.598,0.5,us,us7000tiw6,2026-09-21T10:54:03.040Z,"245 km E of Levuka, Fiji",earthquake,15.93,7.819,0.041,165,reviewed,us,us
2026-09-21T07:31:07.967Z,-0.8563,122.4959,9.863,5,mb,39,68,4.956,1.38,us,us7000tiw4,2026-09-21T07:51:52.040Z,"34 km WNW of Luwuk, Indonesia",earthquake,10.18,4.978,0.095,35,reviewed,us,us
2026-09-21T05:08:12.229Z,59.56,-152.725,90.6,2.6,ml,115,78,0.3,0.7,ak,aka2026sseasm,2026-09-21T10:00:21.040Z,"50 km WNW of Nanwalek, Alaska",earthquake,2.5,1.6471,0.2,73,automatic,ak,ak
2026-09-21T04:28:40.661Z,-36.2456,177.7978,213.01,4.7,mb,44,76,1.376,1.07,us,us7000tivi,2026-09-21T06:20:29.725Z,"156 km NNW of Hicks Bay, New Zealand",earthquake,9.07,6.893,0.079,49,reviewed,us,us
2026-09-21T03:58:24.483Z,-8.397,-78.8646,73.088,4.5,mb,26,156,4.085,1.11,us,us7000tivb,2026-09-21T04:09:41.040Z,"4 km W of Victor Raul, Peru",earthquake,12.31,10.912,0.066,67,reviewed,us,us
2026-09-21T03:11:26.870Z,18.964333333333,-65.239333333333,13.48,2.9,md,10,240,0.6547,0.18,pr,pr71533753,2026-09-21T04:20:10.450Z,"73 km N of Culebra, Puerto Rico",earthquake,1.41,2.03,0.065316124674582,4,reviewed,pr,pr
2026-09-21T03:02:22.813Z,59.506,-153.097,102.1,2.8,ml,125,70,0.2,0.7,ak,aka2026srzvla,2026-09-21T03:07:20.369Z,"64 km ESE of Pedro Bay, Alaska",earthquake,2.8,1.3649,0.3,88,automatic,ak,ak
2026-09-21T02:48:12.270Z,17.5233,-68.7415,13,3.61,md,20,226,1.054,0.36,pr,pr2026264000,2026-09-21T04:57:22.467Z,"95 km S of Boca de Yuma, Dominican Republic",earthquake,2,2.66,0.18,14,reviewed,pr,pr
2026-09-21T02:38:33.606Z,52.0937,-170.4991,35,3.5,ml,21,212,0.783,1.21,us,us7000tivh,2026-09-21T17:51:05.040Z,"145 km SW of Nikolski, Alaska",earthquake,3.06,2.015,0.077,22,reviewed,us,us
2026-09-21T02:29:56.669Z,60.311,-152.056,78.8,2.7,ml,105,34,0.3,0.8,ak,aka2026srytln,2026-09-21T02:50:27.040Z,"36 km NW of Ninilchik, Alaska",earthquake,2.1,1.7114,0.2,70,automatic,ak,ak
2026-09-21T01:57:56.181Z,48.086,145.89,494.972,4.1,mb,46,122,2.402,0.77,us,us7000tiuu,2026-09-21T02:17:01.040Z,"238 km ESE of Makarov, Russia",earthquake,12.75,8.923,0.077,47,reviewed,us,us
2026-09-21T01:41:36.315Z,-8.307,120.5793,10,5.5,mb,59,50,3.373,1.29,us,us7000tiur,2026-09-22T01:50:09.881Z,"35 km NNE of Ruteng, Indonesia",earthquake,10.07,1.868,0.075,62,reviewed,us,us
2026-09-21T01:33:51.700Z,19.2145,-67.908333333333,24.71,3.43,md,23,203,0.8278,0.37,pr,pr71533708,2026-09-21T01:52:04.520Z,"87 km NE of Punta Cana, Dominican Republic",earthquake,1.38,23.3,0.13935450761165,6,reviewed,pr,pr
2026-09-21T01:07:33.847Z,-13.6048,-71.9868,10,4.3,mb,17,104,4.583,1.33,us,us7000tiuj,2026-09-22T12:56:05.601Z,"8 km S of Santiago, Peru",earthquake,7.16,1.94,0.147,13,reviewed,us,us
2026-09-21T01:02:04.529Z,37.8136,36.2994,10,4.9,mww,59,49,0.236,1.07,us,us7000tiui,2026-09-21T07:04:20.618Z,"26 km SE of Saimbeyli, Turkey",earthquake,5.51,1.877,0.062,25,reviewed,us,us
2026-09-20T23:38:39.890Z,17.970166666667,-66.945833333333,7.4,2.5,md,11,169,0.03545,0.12,pr,pr71533688,2026-09-20T23:52:54.250Z,"3 km WSW of Fuig, Puerto Rico",earthquake,0.55,0.25,0.081893891901078,6,reviewed,pr,pr
2026-09-20T23:25:37.454Z,43.6006,146.5756,57.379,4.6,mww,84,108,2.927,0.66,us,us7000tiu3,2026-09-21T03:06:30.040Z,"25 km SSW of Shikotan, Russia",earthquake,10.42,5.968,0.098,10,reviewed,us,us
2026-09-20T22:51:21.731Z,-12.24,166.1528,10,4.9,mb,28,133,6.701,0.82,us,us7000titz,2026-09-21T02:48:38.040Z,"172 km SSE of Lata, Solomon Islands",earthquake,9.01,1.738,0.119,22,reviewed,us,us
2026-09-20T22:09:59.229Z,-23.0403,171.7471,10,4.9,mb,34,112,3.99,0.57,us,us7000titt,2026-09-21T01:26:45.040Z,"southeast of the Loyalty Islands",earthquake,6.11,1.816,0.112,25,reviewed,us,us
2026-09-20T21:48:09.042Z,52.2384,-171.1023,96.786,2.9,ml,21,205,0.908,0.51,us,us7000tive,2026-09-24T23:21:59.040Z,"170 km WSW of Nikolski, Alaska",earthquake,8.8,16.488,0.097,14,reviewed,us,us
2026-09-20T21:06:19.931Z,52.6966,-162.4693,10,5,mb,99,133,2.094,0.58,us,us7000tit6,2026-09-24T21:25:34.515Z,"248 km SSE of False Pass, Alaska",earthquake,6.86,1.798,0.033,294,reviewed,us,us
2026-09-20T20:54:37.248Z,-48.4279,31.2345,10,5.7,mww,64,42,17.858,0.84,us,us7000tit5,2026-09-24T16:16:39.040Z,"south of Africa",earthquake,11.38,1.836,0.103,9,reviewed,us,us
2026-09-20T20:41:20.633Z,27.7043,66.9959,10,4.5,mb,54,97,7.032,0.37,us,us7000tit3,2026-09-21T12:36:43.040Z,"39 km ESE of Khuzdar, Pakistan",earthquake,10.15,1.888,0.08,46,reviewed,us,us
2026-09-20T20:32:36.360Z,17.9575,-66.9515,7.96,2.95,md,29,179,0.04333,0.17,pr,pr71533593,2026-09-20T20:54:49.592Z,"4 km WSW of Guánica, Puerto Rico",earthquake,0.32,0.53,0.11775561762061,6,reviewed,pr,pr
2026-09-20T19:50:17.580Z,32.1215,-115.093,19.13,2.97,ml,24,78,0.12,0.29,ci,ci41335663,2026-09-20T20:30:22.040Z,"12 km SW of Estacion Coahuila, B.C., MX",earthquake,0.48,0.85,0.1852209180196,53,reviewed,ci,ci
2026-09-20T19:23:14.249Z,32.2749,-103.7623,6.393,2.9,mb_lg,36,78,0.099,0.44,us,us7000tisq,2026-09-20T19:29:02.040Z,"29 km E of Malaga, New Mexico",earthquake,1.74,2.436,0.07,54,reviewed,us,us
2026-09-20T19:15:55.684Z,52.0702,-170.9708,105.521,3.3,ml,21,212,0.966,0.56,us,us7000titf,2026-09-25T15:05:08.040Z,"172 km SW of Nikolski, Alaska",earthquake,7.44,13.761,0.081,20,reviewed,us,us
2026-09-20T18:19:40.099Z,58.468,-139.373,5,3.5,ml,43,146,0.9,0.8,ak,aka2026srikrm,2026-09-20T21:39:07.722Z,"121 km S of Yakutat, Alaska",earthquake,4.2,0,0.2,27,reviewed,ak,ak
2026-09-20T17:51:32.955Z,-9.286,115.7801,76.416,4.4,mb,30,78,5.791,0.83,us,us7000tisi,2026-09-20T18:35:31.040Z,"69 km SSW of Lembar, Indonesia",earthquake,12.57,8.293,0.112,23,reviewed,us,us
2026-09-20T17:17:05.458Z,-16.7787,-174.7369,160.742,4.4,mb,48,67,4.033,0.69,us,us7000tisg,2026-09-20T18:27:39.040Z,"135 km SW of Hihifo, Tonga",earthquake,7.27,7.138,0.087,38,reviewed,us,us
2026-09-20T17:10:13.348Z,55.946,-157.772,33.7,3.6,ml,90,196,0.6,0.7,ak,aka2026srgcdi,2026-09-20T21:39:31.105Z,"55 km SE of Chignik, Alaska",earthquake,3.9,6.2316,0.2,66,reviewed,ak,ak
2026-09-20T16:59:30.757Z,17.6862,-68.6909,35,3.1,ml,15,157,0.875,0.65,us,us7000tisb,2026-09-20T17:56:13.040Z,"77 km S of Boca de Yuma, Dominican Republic",earthquake,4.98,2.008,0.077,22,reviewed,us,us
2026-09-20T15:36:28.270Z,19.7456,-63.6425,38,3.8,md,17,308,1.4673,0.43,pr,pr2026263000,2026-09-20T18:01:56.040Z,"180 km NNW of The Valley, Anguilla",earthquake,3.13,26.21,0.16,8,reviewed,pr,pr
2026-09-20T15:33:50.526Z,-20.3079,-177.7935,507.081,4.4,mb,41,101,4.665,0.69,us,us7000tis4,2026-09-20T15:56:35.040Z,"276 km WNW of Houma, Tonga",earthquake,14.3,6.966,0.095,35,reviewed,us,us
2026-09-20T14:17:12.324Z,60.216,-147.015,16,3.2,ml,129,65,0.3,1.2,ak,aka2026sraido,2026-09-20T15:39:18.040Z,"57 km ENE of Chenega, Alaska",earthquake,2.1,1.5488,0.1,90,automatic,ak,ak
2026-09-20T13:55:47.125Z,52.7501,-170.3466,87.277,4.6,mb,43,140,0.931,1.27,us,us7000tirv,2026-09-20T21:37:07.805Z,"102 km WSW of Nikolski, Alaska",earthquake,11.21,8.474,0.088,38,reviewed,us,us
2026-09-20T13:54:56.995Z,33.9678,137.2284,354.932,4.7,mb,68,122,1.389,0.76,us,us7000tirt,2026-09-20T14:33:23.040Z,"54 km SE of Shima, Japan",earthquake,9.47,5.784,0.029,366,reviewed,us,us
2026-09-20T13:21:50.933Z,60.3947,-139.5607,5,2.7,ml,16,152,0.832,0.8,us,us7000tirn,2026-09-20T15:27:35.040Z,"94 km N of Yakutat, Alaska",earthquake,2.89,2.004,0.062,34,reviewed,us,us
2026-09-20T13:00:45.292Z,-15.8682,-174.8169,10,5.2,mww,38,67,5.618,1.44,us,us7000tirq,2026-09-20T21:58:20.040Z,"109 km W of Hihifo, Tonga",earthquake,12.28,1.825,0.083,14,reviewed,us,us
2026-09-20T12:45:53.415Z,-5.7711,146.2041,116.019,5.4,mww,82,47,3.732,0.82,us,us7000tirh,2026-09-24T16:18:04.040Z,"68 km NNE of Kainantu, Papua New Guinea",earthquake,9.13,6.547,0.083,14,reviewed,us,us
2026-09-20T12:24:22.144Z,-10.6446,164.9562,33.9,4.8,mb,38,148,9.87,0.71,us,us7000tirf,2026-09-20T12:50:47.040Z,"92 km W of Lata, Solomon Islands",earthquake,11.45,4.436,0.103,29,reviewed,us,us
2026-09-20T11:43:25.187Z,25.0379,141.1682,162.51,4.4,mb,48,103,10.741,0.47,us,us7000tir6,2026-09-20T12:17:50.040Z,"Volcano Islands, Japan region",earthquake,8.92,9.19,0.082,44,reviewed,us,us
2026-09-20T10:44:16.818Z,59.827,-152.062,70.7,2.5,ml,78,62,0.4,0.6,ak,aka2026sqtfof,2026-09-20T10:47:19.100Z,"14 km WNW of Anchor Point, Alaska",earthquake,2.5,2.1428,0.2,49,automatic,ak,ak
2026-09-20T09:17:35.624Z,-5.9021,146.0922,104.329,6.4,mww,91,22,3.637,0.64,us,us7000tiqc,2026-09-21T09:25:25.530Z,"49 km NNE of Kainantu, Papua New Guinea",earthquake,7.38,6.28,0.039,62,reviewed,us,us
2026-09-20T09:09:19.207Z,60.2,-152.971,139.5,2.5,ml,96,89,0.1,0.7,ak,aka2026sqqbej,2026-09-20T10:08:30.040Z,"74 km WNW of Ninilchik, Alaska",earthquake,3.3,1.8297,0.3,58,automatic,ak,ak
2026-09-20T09:05:23.416Z,0.1391,122.1049,197.143,4.4,mb,31,102,5.633,0.47,us,us7000tiq8,2026-09-20T10:01:44.040Z,"115 km WSW of Gorontalo, Indonesia",earthquake,13.13,8.468,0.102,28,reviewed,us,us
2026-09-20T08:47:54.457Z,-25.9869,-66.6117,10,5.3,mww,64,54,2.812,1.11,us,us7000tiq2,2026-09-20T11:11:33.357Z,"64 km W of Cafayate, Argentina",earthquake,8.67,1.857,0.069,20,reviewed,us,us
2026-09-20T07:53:04.250Z,17.951333333333,-66.6015,14.03,3.05,md,15,141,0.09108,0.11,pr,pr71533463,2026-09-20T08:13:20.070Z,"6 km SSE of Ponce, Puerto Rico",earthquake,0.29,0.46,0.16081673900583,12,reviewed,pr,pr
2026-09-20T07:28:22.965Z,28.3947,129.3406,68.834,5.1,mww,88,94,3.065,0.92,us,us7000tipl,2026-09-20T07:53:03.980Z,"14 km WNW of Naze, Japan",earthquake,7.83,6.49,0.071,19,reviewed,us,us
2026-09-20T06:47:56.942Z,13.2653,145.7081,10,4.9,mb,42,139,1.959,0.94,us,us7000tipi,2026-09-20T07:03:54.040Z,"93 km ESE of Yigo Village, Guam",earthquake,6,1.896,0.087,42,reviewed,us,us
2026-09-20T06:30:07.624Z,-19.2124,-177.7128,580.282,4.3,mb,29,144,3.888,0.56,us,us7000tipf,2026-09-20T12:32:25.040Z,"Fiji region",earthquake,17.25,10.309,0.108,24,reviewed,us,us
2026-09-20T06:00:45.184Z,52.1,-169.139,10.2,2.9,ml,8,246,0.8,0.3,ak,aka2026sqjtre,2026-09-25T02:38:00.394Z,"95 km SSW of Nikolski, Alaska",earthquake,14.1,5.4808,0.3,5,reviewed,ak,ak
2026-09-20T05:57:07.735Z,52.093,-169.15,10.6,3.2,ml,21,235,0.8,0.5,ak,aka2026sqjqnz,2026-09-25T02:35:41.359Z,"96 km SSW of Nikolski, Alaska",earthquake,7.7,4.5409,0.1,16,reviewed,ak,ak
2026-09-20T05:07:03.869Z,-15.8926,-174.7641,10,5,mb,27,127,3.493,1.1,us,us7000tip2,2026-09-20T05:23:42.040Z,"103 km W of Hihifo, Tonga",earthquake,15.17,1.885,0.056,101,reviewed,us,us
2026-09-20T05:02:37.054Z,52.349,-171.005,110.8,3.7,ml,56,200,0.8,0.5,ak,aka2026sqhvgv,2026-09-25T02:08:53.005Z,"159 km WSW of Nikolski, Alaska",earthquake,25.8,3.6807,0.2,43,reviewed,ak,ak
2026-09-20T04:23:40.180Z,31.668,-104.362,7.1765,3.2,ml,56,66,0.1,0.2,tx,tx2026sngzur,2026-09-21T14:25:06.868Z,"56 km S of Whites City, New Mexico",earthquake,0.52481954827668,0.64839966455497,0.1,35,reviewed,tx,tx
2026-09-20T04:07:35.920Z,56.365,-155.312,55.1,2.5,ml,21,192,0.7,0.5,ak,aka2026sqfzmu,2026-09-25T01:39:02.777Z,"95 km SW of Akhiok, Alaska",earthquake,6.4,15.7044,0.2,15,reviewed,ak,ak
2026-09-20T03:43:24.649Z,13.0568,145.7591,10,5.3,mb,50,107,2.164,0.67,us,us7000tinl,2026-09-25T03:53:38.787Z,"108 km ESE of Yigo Village, Guam",earthquake,9,1.909,0.087,44,reviewed,us,us
2026-09-20T03:25:28.279Z,59.713,-152.808,98.8,2.6,ml,107,66,0.2,0.8,ak,aka2026sqeovj,2026-09-24T22:22:17.389Z,"55 km W of Anchor Point, Alaska",earthquake,2.7,1.5393,0.3,79,reviewed,ak,ak
2026-09-20T03:18:10.361Z,52.286,-171.117,96.9,3.2,ml,22,203,0.9,0.7,ak,aka2026sqejhz,2026-09-24T22:19:29.878Z,"169 km WSW of Nikolski, Alaska",earthquake,40.5,7.9328,0.2,14,reviewed,ak,ak
2026-09-20T02:44:21.022Z,15.0395,-60.5578,46.424,4.5,mwr,61,108,1.143,1.24,us,us7000tinf,2026-09-20T13:08:02.024Z,"54 km ENE of Sainte-Marie, Martinique",earthquake,6.08,6.522,0.046,46,reviewed,us,us
2026-09-20T02:42:23.580Z,18.831666666667,-65.278333333333,19.95,2.95,md,4,291,0.5214,0.25,pr,pr71533373,2026-09-20T04:21:14.020Z,"58 km N of Culebra, Puerto Rico",earthquake,2.13,22.42,0.082876383312075,3,reviewed,pr,pr
2026-09-20T02:37:14.768Z,54.485,-160.717,6.7,2.9,ml,14,252,0.9,0.5,ak,aka2026sqczhq,2026-09-24T21:23:43.443Z,"95 km S of Sand Point, Alaska",earthquake,8.3,4.2909,0.1,11,reviewed,ak,ak
2026-09-20T02:31:58.550Z,19.149,-66.271666666667,10.5,3.12,md,13,266,0.8303,0.3,pr,pr71533328,2026-09-20T03:27:23.940Z,"75 km N of Brenas, Puerto Rico",earthquake,2.53,3.61,0.11708788091281,5,reviewed,pr,pr
2026-09-20T01:58:05.247Z,59.557,-152.391,68.2,2.6,ml,75,87,0.4,0.8,ak,aka2026sqbrhg,2026-09-24T21:10:54.095Z,"34 km NW of Nanwalek, Alaska",earthquake,2.5,2.0943,0.2,54,reviewed,ak,ak
2026-09-20T01:12:30.166Z,58.385,-154.479,2,2.6,ml,45,75,0.1,0.4,ak,aka2026sqadtu,2026-09-24T20:55:11.170Z,"90 km N of Karluk, Alaska",earthquake,2.7,2.1912,0.2,35,reviewed,ak,ak
2026-09-20T00:58:14.425Z,57.1211,-33.5459,10,5.3,mww,77,66,8.549,1.25,us,us7000timy,2026-09-20T01:13:40.040Z,"Reykjanes Ridge",earthquake,9.25,1.862,0.044,50,reviewed,us,us
2026-09-20T00:33:21.417Z,-15.9606,-174.5971,10,4.9,mb,21,68,3.4,1.27,us,us7000timw,2026-09-20T01:05:27.040Z,"85 km W of Hihifo, Tonga",earthquake,7.34,1.648,0.198,8,reviewed,us,us
2026-09-20T00:13:52.310Z,17.973833333333,-66.949833333333,6.91,2.52,md,13,176,0.03924,0.24,pr,pr71533288,2026-09-20T00:30:05.150Z,"3 km WSW of Fuig, Puerto Rico",earthquake,0.83,0.37,0.12215946339229,6,reviewed,pr,pr
2026-09-19T23:54:06.577Z,-7.6037,127.5122,152.595,4.2,mb,30,117,6.309,0.88,us,us7000timl,2026-09-20T02:38:49.040Z,"116 km NNE of Lospalos, Timor Leste",earthquake,13.82,8.54,0.121,19,reviewed,us,us
2026-09-19T23:32:16.174Z,-20.4103,118.6645,10,2.6,ml,5,191,1.245,0.2,us,us7000tinz,2026-09-22T14:27:06.030Z,"6 km E of South Hedland, Australia",earthquake,6.57,1.997,0.148,6,reviewed,us,us
2026-09-19T23:20:15.368Z,4.436,-76.628,80.206,4.2,mb,21,94,2.058,1.25,us,us7000timg,2026-09-20T03:02:43.040Z,"24 km S of Sipí, Colombia",earthquake,7.7,3.776,0.215,6,reviewed,us,us
2026-09-19T22:56:14.111Z,29.141,-97.679,9.0837,2.8,ml,31,73,0,0.3,tx,tx2026smwdrk,2026-09-21T14:15:39.416Z,"14 km SSW of Smiley, Texas",earthquake,0.87285945888046,1.1791652657873,0.1,15,reviewed,tx,tx
2026-09-19T22:53:36.658Z,-22.6253,-63.8289,535.629,4.3,mb,29,106,4.027,0.8,us,us7000tim6,2026-09-20T03:16:36.040Z,"3 km SSW of General Mosconi, Argentina",earthquake,11.53,13.424,0.153,12,reviewed,us,us
2026-09-19T22:46:44.600Z,17.941166666667,-66.94,9.49,2.62,md,11,189,0.04294,0.08,pr,pr71533218,2026-09-19T23:27:01.990Z,"4 km SW of Guánica, Puerto Rico",earthquake,0.43,0.31,0.17191759044919,8,reviewed,pr,pr
2026-09-19T22:15:17.580Z,19.426833333333,-65.81,20.96,3.3,md,9,264,1.142,0.18,pr,pr71533203,2026-09-19T22:36:25.240Z,"110 km N of Suárez, Puerto Rico",earthquake,1.22,17.13,0.034822505225942,3,reviewed,pr,pr
2026-09-19T21:55:43.272Z,60.116,-152.409,94.7,2.6,ml,108,45,0.1,0.7,ak,aka2026sptokh,2026-09-20T03:26:41.040Z,"41 km W of Ninilchik, Alaska",earthquake,2.5,1.4806,0.2,76,automatic,ak,ak
2026-09-19T21:44:50.193Z,-6.3682,124.9227,542.142,4.2,mb,21,113,8.88,0.48,us,us7000tilu,2026-09-20T03:46:57.040Z,"249 km N of Likisá, Timor Leste",earthquake,14.63,10.149,0.141,15,reviewed,us,us
2026-09-19T20:55:32.082Z,38.9139,14.8718,272.133,4.3,mb,47,192,1.302,0.97,us,us7000till,2026-09-19T21:09:18.040Z,"37 km N of Malfa, Italy",earthquake,6.75,6.879,0.08,45,reviewed,us,us
2026-09-19T20:24:42.449Z,57.1175,-33.4247,10,5.2,mww,94,50,7.377,0.66,us,us7000tild,2026-09-19T20:43:16.040Z,"Reykjanes Ridge",earthquake,8.98,1.858,0.043,53,reviewed,us,us
2026-09-19T20:24:03.799Z,57.1583,-33.4809,10,4.1,mb,37,91,7.327,0.62,us,us6000txdj,2026-09-25T14:11:48.040Z,"Reykjanes Ridge",earthquake,6.45,1.885,0.111,22,reviewed,us,us
2026-09-19T20:20:42.592Z,69.544,-144.211,2.6,2.5,ml,34,97,0.2,0.8,ak,aka2026spqkpb,2026-09-19T20:24:39.238Z,"69 km SSW of Kaktovik, Alaska",earthquake,6.1,3.8795,0.1,18,automatic,ak,ak
2026-09-19T19:56:29.150Z,17.923833333333,-65.792166666667,14.7,3.06,md,14,213,0.2382,0.21,pr,pr71533158,2026-09-19T20:47:23.930Z,"12 km SE of Emajagua, Puerto Rico",earthquake,0.76,0.86,0.026604133094567,4,reviewed,pr,pr
2026-09-19T19:52:51.470Z,40.238334655762,-121.98233032227,16.420000076294,2.71,md,27,42,0.1137,0.2,nc,nc75438552,2026-09-19T20:52:21.185Z,"22 km SSW of Manton, CA",earthquake,0.35,1.07000005,0.12,32,automatic,nc,nc
2026-09-19T17:18:37.940Z,18.576333333333,-66.934,16.68,2.52,md,8,265,0.2,0.14,pr,pr71533073,2026-09-19T17:46:30.610Z,"11 km N of Quebradillas, Puerto Rico",earthquake,0.85,0.59,0.070657402812959,6,reviewed,pr,pr
2026-09-19T16:31:19.480Z,17.973,-66.9285,8.02,2.84,md,27,167,0.01891,0.23,pr,pr71533043,2026-09-19T16:53:21.350Z,"2 km SW of Fuig, Puerto Rico",earthquake,0.35,0.46,0.079223010469783,9,reviewed,pr,pr
2026-09-19T15:55:46.538Z,60.033,-151.465,83.9,2.6,ml,96,43,0.4,0.5,ak,aka2026sphpae,2026-09-19T16:52:14.242Z,"11 km E of Ninilchik, Alaska",earthquake,2.4,1.8354,0.2,65,automatic,ak,ak
2026-09-19T15:53:54.494Z,41.1968,83.518,10,4.5,mb,25,104,3.673,1.04,us,us7000tikb,2026-09-19T19:28:26.040Z,"75 km SE of Kuqa, China",earthquake,5.55,1.94,0.145,14,reviewed,us,us
2026-09-19T15:24:56.720Z,19.151166666667,-155.48583333333,12.41,2.58,ml,51,147,0.02282,0.16,hv,hv75040197,2026-09-22T20:51:17.580Z,"5 km S of Pāhala, Hawaii",earthquake,0.41,0.29,0.1244379075594,39,reviewed,hv,hv
2026-09-19T13:56:00.869Z,-8.1668,120.8819,10,5.1,mb,96,55,3.141,0.96,us,us7000tiju,2026-09-19T18:54:24.040Z,"67 km NE of Ruteng, Indonesia",earthquake,7.46,1.714,0.066,74,reviewed,us,us
2026-09-19T13:44:35.732Z,4.5179,-76.8729,58.204,4.8,mb,172,92,2.134,0.93,us,us7000tijs,2026-09-19T18:15:26.434Z,"29 km WSW of Sipí, Colombia",earthquake,13.63,17.076,0.038,214,reviewed,us,us
2026-09-19T13:25:03.351Z,-29.7229,-71.5754,39.048,4.4,mb,92,98,0.352,0.72,us,us7000tijq,2026-09-19T15:44:48.040Z,"34 km NW of Coquimbo, Chile",earthquake,5.24,7.481,0.067,69,reviewed,us,us
2026-09-19T12:44:03.347Z,52.2509,-169.4274,40.507,4,mb,41,137,0.566,0.63,us,us7000tikp,2026-09-24T21:15:14.880Z,"85 km SSW of Nikolski, Alaska",earthquake,6.95,6.84,0.093,31,reviewed,us,us
2026-09-19T12:19:55.048Z,32.0711,89.2243,10,4.5,mb,46,133,12.614,0.91,us,us7000tijf,2026-09-19T12:39:10.040Z,"273 km NNW of Dêqên, China",earthquake,10.85,1.909,0.087,39,reviewed,us,us
2026-09-19T12:07:12.020Z,32.3799,129.8568,10,4.6,mb,24,82,1.005,1.02,us,us7000tijd,2026-09-19T14:45:13.470Z,"25 km NW of Ushibukamachi, Japan",earthquake,7.17,1.91,0.141,15,reviewed,us,us
2026-09-19T10:52:05.170Z,37.466667175293,-121.80183410644,2.670000076294,2.5,md,69,36,0.01633,0.09,nc,nc75438287,2026-09-19T20:58:02.998Z,"10 km ENE of Milpitas, CA",earthquake,0.11,0.25,0.13,74,automatic,nc,nc
2026-09-19T10:31:17.071Z,27.1636,91.1016,10,4.8,mb,58,94,10.038,0.61,us,us7000tiiz,2026-09-19T18:50:04.536Z,"18 km SW of Mongar, Bhutan",earthquake,10.78,1.87,0.058,91,reviewed,us,us
2026-09-19T09:59:59.264Z,-55.6255,-28.1116,77.621,5,mb,48,74,5.011,0.77,us,us7000tiis,2026-09-19T10:15:13.040Z,"South Sandwich Islands region",earthquake,12.48,7.942,0.081,49,reviewed,us,us
2026-09-19T09:56:02.046Z,38.7884,23.3566,10,4.4,mb,22,52,0.829,0.58,us,us7000tiir,2026-09-19T11:58:55.040Z,"4 km NE of Límni, Greece",earthquake,4.36,1.897,0.162,11,reviewed,us,us
2026-09-19T09:34:04.394Z,47.4016,146.3637,394.117,4.8,mb,69,125,2.497,0.74,us,us7000tiim,2026-09-19T09:46:41.040Z,"268 km NNW of Kuril’sk, Russia",earthquake,11.95,8.487,0.036,241,reviewed,us,us
2026-09-19T08:47:51.187Z,52.026,-170.799,18.5,4,ml,46,212,0.9,0.6,ak,aka2026sotica,2026-09-24T22:56:50.572Z,"166 km SW of Nikolski, Alaska",earthquake,8.9,5.602,0.1,34,reviewed,ak,ak
2026-09-19T08:47:44.610Z,-12.0883,165.9791,10,4.8,mb,39,151,8.57,1.33,us,us7000tir7,2026-09-20T12:10:16.040Z,"152 km S of Lata, Solomon Islands",earthquake,13.56,1.876,0.103,29,reviewed,us,us
2026-09-19T07:54:22.700Z,19.772833333333,-66.749666666667,33.14,3.41,md,11,326,1.343,0.2,pr,pr71532943,2026-09-19T10:11:48.970Z,"142 km N of Hatillo, Puerto Rico",earthquake,1.34,14.95,0.03796859904119,3,reviewed,pr,pr
2026-09-19T07:53:08.869Z,54.495,-160.107,16.7,2.5,ml,22,272,1.2,0.7,ak,aka2026sormoy,2026-09-24T20:57:56.314Z,"96 km SSE of Sand Point, Alaska",earthquake,19.2,13.234,0.1,18,reviewed,ak,ak
2026-09-19T07:44:25.478Z,-2.5871,138.7377,10,4.8,mb,57,71,1.965,0.49,us,us7000tiib,2026-09-19T08:02:59.040Z,"210 km W of Abepura, Indonesia",earthquake,9.54,1.862,0.072,60,reviewed,us,us
2026-09-19T07:12:27.058Z,-4.0134,-77.349,10,4.9,mww,65,103,2.448,0.78,us,us7000tii3,2026-09-19T07:29:12.040Z,"117 km NW of Barranca, Peru",earthquake,6.57,1.904,0.093,11,reviewed,us,us
2026-09-19T07:08:23.856Z,30.1668,131.1901,38.536,4.6,mb,47,132,1.481,0.93,us,us7000tii4,2026-09-19T07:37:40.040Z,"57 km ESE of Koseda, Japan",earthquake,10.13,7.962,0.098,31,reviewed,us,us
2026-09-19T07:01:42.940Z,17.95,-66.591,13.82,2.95,md,10,138,0.0881,0.12,pr,pr71532923,2026-09-19T08:59:55.600Z,"7 km SSE of Ponce, Puerto Rico",earthquake,0.37,0.25,0.027141273342134,7,reviewed,pr,pr
2026-09-19T05:31:19.590Z,17.972666666667,-66.957166666667,7.87,3.07,md,8,180,0.07419,0.31,pr,pr71532898,2026-09-19T08:07:15.630Z,"4 km WSW of Fuig, Puerto Rico",earthquake,0.91,1.96,0.093909684046615,8,reviewed,pr,pr
2026-09-19T05:06:57.780Z,17.9445,-66.947833333333,7.89,3.13,md,13,188,0.072,0.17,pr,pr71532883,2026-09-19T07:22:37.800Z,"5 km SW of Guánica, Puerto Rico",earthquake,0.57,0.87,0.10144966516629,16,reviewed,pr,pr
2026-09-19T05:01:48.911Z,4.415,-76.7636,74.036,4.3,mb,50,89,2.15,0.68,us,us7000tihg,2026-09-19T07:03:44.040Z,"29 km SSW of Sipí, Colombia",earthquake,7.52,8.803,0.102,27,reviewed,us,us
2026-09-19T04:56:50.575Z,54.505,-159.982,15.6,2.5,ml,23,257,1.3,0.6,ak,aka2026solpsh,2026-09-24T20:30:42.267Z,"98 km SSE of Sand Point, Alaska",earthquake,22.4,15.5221,0.1,18,reviewed,ak,ak
2026-09-19T04:49:08.420Z,17.9478,-66.9363,7,2.95,md,16,184,0.0633,0.16,pr,pr2026262000,2026-09-19T06:34:18.947Z,"3 km SW of Guánica, Puerto Rico",earthquake,0.48,0.24,0.22,19,reviewed,pr,pr
2026-09-19T04:18:35.318Z,-1.8561,138.8882,10,5.2,mb,48,61,1.928,1.03,us,us7000tih8,2026-09-19T04:33:48.040Z,"210 km WNW of Abepura, Indonesia",earthquake,5.82,1.853,0.096,36,reviewed,us,us
2026-09-19T03:33:42.970Z,17.9495,-66.939833333333,7.07,2.48,md,15,184,0.0373,0.14,pr,pr71532853,2026-09-19T04:35:46.260Z,"4 km SW of Guánica, Puerto Rico",earthquake,0.72,0.22,0.14004229252222,8,reviewed,pr,pr
2026-09-19T03:28:41.790Z,19.169333333333,-155.48816666667,13.79,2.82,ml,40,103,0.02825,0.12,hv,hv75039922,2026-09-19T04:05:28.040Z,"3 km SSW of Pāhala, Hawaii",earthquake,0.41,0.27,0.16937421701734,34,reviewed,hv,hv
2026-09-19T03:13:39.980Z,17.940833333333,-66.9275,13.13,2.48,md,6,231,0.05716,0.34,pr,pr71532863,2026-09-19T05:25:15.620Z,"3 km SSW of Guánica, Puerto Rico",earthquake,1.95,0.98,0.14367240853319,5,reviewed,pr,pr
2026-09-19T03:12:08.300Z,17.945833333333,-66.9425,9.46,2.47,md,7,215,0.06685,0.19,pr,pr71532843,2026-09-19T03:53:03.550Z,"4 km SW of Guánica, Puerto Rico",earthquake,0.73,1.03,0.14138877028858,5,reviewed,pr,pr
2026-09-18T23:51:06.691Z,-7.4538,-132.1271,10,4.7,mb,78,75,42.76,1.04,us,us7000tigp,2026-09-21T03:45:50.040Z,"South Pacific Ocean",earthquake,15.42,1.869,0.041,180,reviewed,us,us
2026-09-18T23:30:17.575Z,61.4752,-140.5562,5,2.6,ml,26,92,0.689,0.79,us,us7000tigg,2026-09-24T19:55:07.245Z,"126 km E of McCarthy, Alaska",earthquake,2.12,1.964,0.051,50,reviewed,us,us
2026-09-18T23:18:28.306Z,-27.8581,-177.2286,94.054,5.5,mww,43,76,1.513,1.12,us,us7000tigd,2026-09-19T23:23:57.909Z,"Kermadec Islands region",earthquake,8.91,5.589,0.083,14,reviewed,us,us
2026-09-18T23:07:19.866Z,52.431,-171.185,99.3,3.2,ml,44,194,0.8,0.4,ak,aka2026snzzcb,2026-09-24T19:44:38.023Z,"166 km WSW of Nikolski, Alaska",earthquake,40.8,3.6317,0.2,31,reviewed,ak,ak
2026-09-18T22:28:10.830Z,17.957666666667,-66.951,7.33,2.59,md,9,203,0.07044,0.07,pr,pr71532753,2026-09-18T22:46:36.820Z,"4 km WSW of Guánica, Puerto Rico",earthquake,0.6,0.3,0.079957031497941,7,reviewed,pr,pr
2026-09-18T22:15:41.970Z,17.945166666667,-66.948166666667,6.87,2.46,md,12,216,0.04624,0.09,pr,pr71532738,2026-09-18T22:42:04.870Z,"5 km SW of Guánica, Puerto Rico",earthquake,0.63,0.2,0.36010531483153,6,reviewed,pr,pr
2026-09-18T22:11:57.388Z,38.9246,23.3956,10,4.3,mb,21,62,0.832,1.03,us,us7000tifz,2026-09-19T00:53:39.040Z,"15 km NNW of Mantoúdi, Greece",earthquake,3.91,1.927,0.217,6,reviewed,us,us
2026-09-18T22:09:36.758Z,8.7413,-82.9935,10,3.9,mb,13,205,0.574,0.48,us,us7000tij9,2026-09-22T14:13:37.165Z,"8 km W of Cañas Gordas, Panama",earthquake,5.51,1.977,0.229,5,reviewed,us,us
2026-09-18T21:30:38.790Z,34.501666666667,-118.91183333333,26.58,2.53,ml,78,24,0.02268,0.23,ci,ci41334847,2026-09-19T01:45:31.040Z,"11 km N of Fillmore, CA",earthquake,0.19,0.36,0.31695428401183,20,reviewed,ci,ci
2026-09-18T21:26:40.700Z,18.113,-68.7021,128,3.73,md,9,223,0.5134,0.21,pr,pr2026261003,2026-09-19T01:33:47.040Z,"30 km SSW of Boca de Yuma, Dominican Republic",earthquake,2.79,2.08,0.03,6,reviewed,pr,pr
2026-09-18T21:11:46.379Z,51.765,-175.18,26.6,2.6,ml,12,223,0.5,0.2,ak,aka2026snwcmc,2026-09-24T19:26:52.071Z,"82 km SW of Atka, Alaska",earthquake,18.3,6.0065,0.1,10,reviewed,ak,ak
2026-09-18T21:11:40.356Z,56.188,-157.621,51.9,2.5,ml,51,171,0.5,0.5,ak,aka2026snwcjc,2026-09-24T19:23:15.472Z,"49 km ESE of Chignik, Alaska",earthquake,8,6.9159,0.2,42,reviewed,ak,ak
2026-09-18T19:28:33.210Z,17.949833333333,-66.948666666667,6.97,3.01,md,33,185,0.04412,0.13,pr,pr71532618,2026-09-19T19:31:46.192Z,"4 km WSW of Guánica, Puerto Rico",earthquake,0.34,0.18,0.23683397471299,9,reviewed,pr,pr
2026-09-18T19:24:48.010Z,17.976,-66.9545,6.33,2.72,md,10,180,0.07162,0.16,pr,pr71532603,2026-09-18T19:39:54.290Z,"4 km WSW of Fuig, Puerto Rico",earthquake,0.89,0.53,0.19345492205107,4,reviewed,pr,pr
2026-09-18T19:16:37.535Z,55.7503,164.062,30.943,4.5,mb,132,120,4.561,0.64,us,us7000tiem,2026-09-18T21:41:41.040Z,"112 km ESE of Ust’-Kamchatsk Staryy, Russia",earthquake,8.65,5.652,0.051,118,reviewed,us,us
2026-09-18T19:13:17.034Z,19.4646,-155.5904,26.769,2.6,ml,22,83,0.066,0.71,us,us7000tiej,2026-09-18T21:23:03.554Z,"28 km E of Honaunau-Napoopoo, Hawaii",earthquake,2.99,7.74,0.058,39,reviewed,us,us
2026-09-18T18:43:56.910Z,18.8207,145.8607,119.65,4.2,mb,30,123,3.567,0.68,us,us6000txey,2026-09-25T14:55:35.040Z,"Pagan region, Northern Mariana Islands",earthquake,7.52,8.051,0.11,23,reviewed,us,us
2026-09-18T18:41:22.677Z,4.5042,-76.7978,72.587,4.5,mb,64,89,2.098,0.86,us,us7000tie4,2026-09-18T20:29:02.040Z,"23 km SW of Sipí, Colombia",earthquake,6.59,7.701,0.074,54,reviewed,us,us
2026-09-18T18:24:23.690Z,17.928,-66.926833333333,5.57,2.52,md,8,222,0.06512,0.14,pr,pr71533183,2026-09-19T22:12:55.170Z,"5 km SSW of Guánica, Puerto Rico",earthquake,0.69,0.45,0.076455088174662,4,reviewed,pr,pr
2026-09-18T18:23:30.020Z,17.955333333333,-66.9475,7.58,2.84,md,24,180,0.04061,0.2,pr,pr71532538,2026-09-18T19:19:58.150Z,"4 km WSW of Guánica, Puerto Rico",earthquake,0.47,0.23,0.42891637931158,13,reviewed,pr,pr
2026-09-18T17:42:37.504Z,-8.776,105.5443,10,4.4,mb,28,154,1.669,0.52,us,us7000tidr,2026-09-18T23:59:03.890Z,"226 km SSW of Pelabuhanratu, Indonesia",earthquake,12.46,1.9,0.114,22,reviewed,us,us
2026-09-18T17:21:24.725Z,57.935,-153.5,52.2,2.6,ml,71,64,0.5,0.5,ak,aka2026snoksy,2026-09-24T18:04:28.472Z,"37 km WNW of Port Lions, Alaska",earthquake,3.2,3.8254,0.2,51,reviewed,ak,ak
2026-09-18T17:20:42.440Z,17.9658,-66.9605,6,3.4,ml,17,173,0.0818,0.16,pr,pr2026261002,2026-09-18T17:53:51.999Z,"5 km WSW of Fuig, Puerto Rico",earthquake,0.69,0.45,0,0,reviewed,pr,pr
2026-09-18T17:05:01.650Z,19.9365,-155.68383333333,11.12,2.79,ml,47,108,0.08301,0.17,hv,hv74000249,2026-09-21T22:24:33.687Z,"9 km S of Waimea, Hawaii",earthquake,0.29,0.26,0.19188901251497,31,reviewed,hv,hv
2026-09-18T17:03:29.280Z,19.927333333333,-155.6915,8.83,2.52,ml,50,104,0.07706,0.19,hv,hv75039542,2026-09-21T22:37:07.359Z,"10 km E of Waikoloa, Hawaii",earthquake,0.3,0.34,0.18989263878957,13,reviewed,hv,hv
2026-09-18T16:57:53.350Z,17.944333333333,-66.958,7.66,2.7,md,16,190,0.05455,0.08,pr,pr71532403,2026-09-18T17:14:44.710Z,"6 km WSW of Guánica, Puerto Rico",earthquake,0.39,0.16,0.072990398413662,6,reviewed,pr,pr
2026-09-18T16:57:05.620Z,17.9705,-66.952166666667,7.86,2.56,md,5,184,0.06954,0.14,pr,pr71532383,2026-09-18T18:04:18.040Z,"4 km WSW of Fuig, Puerto Rico",earthquake,1.3,0.4,0.042187993750038,4,reviewed,pr,pr
2026-09-18T16:56:17.069Z,52.7823,-169.5249,70.346,3.6,ml,27,195,0.12,0.42,us,us7000tiet,2026-09-19T17:07:08.040Z,"47 km WSW of Nikolski, Alaska",earthquake,8.18,5.35,0.085,18,reviewed,us,us
2026-09-18T16:52:07.958Z,-33.3109,-70.3344,100.009,5.2,mb,82,38,0.193,0.96,us,us7000tid4,2026-09-20T13:10:17.328Z,"28 km NE of Villa Presidente Frei, Chile",earthquake,4.77,4.045,0.025,512,reviewed,us,us
2026-09-18T16:37:26.075Z,-4.0598,102.2947,102.626,4.6,mb,37,150,6.016,0.73,us,us7000tid2,2026-09-19T17:04:05.040Z,"28 km S of Bengkulu, Indonesia",earthquake,14.74,8.357,0.101,30,reviewed,us,us
2026-09-18T16:27:16.134Z,28.8405,128.8492,10,4.4,mb,21,114,3,1.01,us,us7000tir5,2026-09-20T11:58:53.040Z,"70 km NNW of Uken, Japan",earthquake,9.04,1.916,0.143,14,reviewed,us,us
2026-09-18T14:42:39.134Z,-18.1468,-69.394,152.137,4.1,mb,17,104,0.216,0.56,us,us7000tib9,2026-09-19T16:53:51.040Z,"72 km SE of Palca, Peru",earthquake,7.85,4.968,0.234,5,reviewed,us,us
2026-09-18T14:36:17.895Z,-8.5809,105.9112,10,5.2,mb,55,69,1.87,1.09,us,us7000tib8,2026-09-18T14:55:45.040Z,"189 km SSW of Pelabuhanratu, Indonesia",earthquake,11.15,1.841,0.075,65,reviewed,us,us
2026-09-18T14:20:10.127Z,53.966,-157.114,5,2.8,ml,25,253,2,0.9,ak,aka2026snijjq,2026-09-24T01:41:17.280Z,"252 km SSE of Perryville, Alaska",earthquake,7.3,0,0.2,21,reviewed,ak,ak
2026-09-18T14:13:34.200Z,17.956166666667,-66.933833333333,9.21,2.52,md,5,209,0.05524,0.16,pr,pr71532288,2026-09-18T14:46:37.130Z,"3 km WSW of Guánica, Puerto Rico",earthquake,0.88,0.94,0.020921441358608,3,reviewed,pr,pr
2026-09-18T14:08:21.470Z,17.948666666667,-66.930833333333,7.93,2.64,md,10,212,0.03153,0.09,pr,pr71532283,2026-09-18T15:35:57.120Z,"3 km SW of Guánica, Puerto Rico",earthquake,0.46,0.38,0.20197350011897,3,reviewed,pr,pr
2026-09-18T13:57:56.067Z,-13.0681,167.0585,191.321,4.6,mb,49,86,7.899,0.64,us,us7000tib5,2026-09-18T15:59:32.040Z,"104 km NNW of Sola, Vanuatu",earthquake,11.53,5.989,0.066,71,reviewed,us,us
2026-09-18T13:40:42.979Z,47.5572,-111.3244,27.731,3.6,ml,28,97,0.894,0.56,us,us7000tiax,2026-09-19T18:13:07.773Z,"5 km NW of Black Eagle, Montana",earthquake,3.35,7.453,0.039,88,reviewed,us,us
2026-09-18T13:35:27.900Z,17.9368,-66.9352,10,2.9,ml,11,199,0.109,0.24,us,us7000tiav,2026-09-18T15:49:29.727Z,"4 km SW of Guánica, Puerto Rico",earthquake,1.8,1.893,0.077,22,reviewed,us,us
2026-09-18T13:22:55.470Z,17.986666666667,-66.946166666667,7.63,2.51,md,14,148,0.0385,0.21,pr,pr71532193,2026-09-18T15:41:44.040Z,"3 km W of Fuig, Puerto Rico",earthquake,0.55,0.27,0.11024522217843,3,reviewed,pr,pr
2026-09-18T13:19:35.140Z,17.9391,-66.9455,7,4.8,ml,23,191,0.0754,0.13,pr,pr2026261000,2026-09-19T13:26:36.800Z,"5 km SW of Guánica, Puerto Rico",earthquake,0.66,0.28,0,0,reviewed,pr,pr
2026-09-18T13:19:25.489Z,52.132,-169.708,52.8,3.2,ml,30,215,0.7,0.6,ak,aka2026sngjcz,2026-09-24T01:27:52.819Z,"106 km SSW of Nikolski, Alaska",earthquake,28.5,21.4658,0.1,23,reviewed,ak,ak
2026-09-18T13:12:49.370Z,14.3814,-93.5556,10,4.6,mb,35,193,2.333,0.72,us,us7000tiaq,2026-09-18T15:33:55.040Z,"125 km SSW of La Esperanza (El Zapotal), Mexico",earthquake,9.23,1.946,0.045,147,reviewed,us,us
2026-09-18T12:34:04.804Z,51.472,-175.623,21.9,3.1,ml,24,232,0.5,0.4,ak,aka2026snevpm,2026-09-24T01:17:20.165Z,"83 km ESE of Adak, Alaska",earthquake,7.4,3.9033,0.1,19,reviewed,ak,ak
2026-09-18T12:20:56.630Z,-8.3213,120.5723,10,4.7,mb,33,114,3.385,0.99,us,us7000ti9c,2026-09-18T12:45:09.040Z,"34 km NNE of Ruteng, Indonesia",earthquake,10.65,1.883,0.104,28,reviewed,us,us
2026-09-18T12:09:48.959Z,30.8534,99.922,10,4.6,mb,45,125,5.987,0.7,us,us7000ti9a,2026-09-18T12:27:45.040Z,"204 km N of Daocheng, China",earthquake,8.13,1.745,0.081,45,reviewed,us,us
2026-09-18T12:07:38.239Z,36.5552,70.8569,179.456,4.2,mb,34,76,2.181,0.69,us,us7000ti97,2026-09-18T12:33:37.040Z,"34 km S of Jurm, Afghanistan",earthquake,6.68,10.73,0.136,15,reviewed,us,us
2026-09-18T11:19:52.780Z,19.164,-155.484,13.56,2.95,ml,46,112,0.02238,0.16,hv,hv75039357,2026-09-18T22:09:54.580Z,"4 km S of Pāhala, Hawaii",earthquake,0.42,0.32,0.14569517079107,38,reviewed,hv,hv
2026-09-18T11:10:07.340Z,18.817,-64.498,18.42,3.04,md,5,288,0.3374,0.24,pr,pr71532168,2026-09-18T12:12:51.770Z,"62 km NNE of Cruz Bay, U.S. Virgin Islands",earthquake,1.63,1.82,0.010275878302003,4,reviewed,pr,pr
2026-09-18T10:44:47.445Z,69.525,-144.162,2.9,2.5,ml,34,103,0.2,0.7,ak,aka2026snbevo,2026-09-24T00:30:44.942Z,"70 km SSW of Kaktovik, Alaska",earthquake,4.7,3.3951,0.2,25,reviewed,ak,ak
2026-09-18T10:34:35.006Z,69.549,-144.202,5,3.2,ml,61,99,0.2,0.8,ak,aka2026snavuk,2026-09-24T00:33:29.556Z,"68 km SSW of Kaktovik, Alaska",earthquake,3.6,0,0.1,44,reviewed,ak,ak
2026-09-18T09:53:53.040Z,54.951,-163.717,109.1,2.5,ml,25,168,0.1,0.4,ak,aka2026smzmrq,2026-09-24T00:23:35.014Z,"22 km WNW of False Pass, Alaska",earthquake,26.4,3.6503,0.3,19,reviewed,ak,ak
2026-09-18T09:26:11.300Z,19.165,-155.48416666667,10.45,2.52,ml,50,110,0.02293,0.19,hv,hv75039307,2026-09-18T20:59:34.078Z,"4 km S of Pāhala, Hawaii",earthquake,0.38,0.44,0.11157801416603,36,reviewed,hv,hv
2026-09-18T09:23:48.084Z,51.4614,-173.1456,35,3.6,mb,54,213,0.988,0.48,us,us7000tieq,2026-09-22T09:53:45.040Z,"109 km SE of Atka, Alaska",earthquake,7.76,2.009,0.102,24,reviewed,us,us
2026-09-18T09:16:23.420Z,54.006,-163.72,26.1,2.5,ml,29,222,0.6,0.5,ak,aka2026smyger,2026-09-24T00:02:37.256Z,"96 km SSW of False Pass, Alaska",earthquake,7.4,3.5734,0.1,20,reviewed,ak,ak
2026-09-18T08:45:21.545Z,7.0558,-77.8028,10,4.4,mb,15,133,2.285,0.84,us,us7000ti8q,2026-09-18T13:25:32.040Z,"6 km SW of Juradó, Colombia",earthquake,4.69,1.902,0.161,11,reviewed,us,us
2026-09-18T08:39:05.285Z,32.3435,141.3623,35,4.5,mb,43,136,4.654,0.6,us,us7000ti8j,2026-09-18T13:18:13.040Z,"Izu Islands, Japan region",earthquake,12.6,1.934,0.085,41,reviewed,us,us
2026-09-18T07:35:09.817Z,-41.5677,-86.8102,10,4.4,mb,22,156,11.833,0.56,us,us7000tiqq,2026-09-20T10:16:34.040Z,"West Chile Rise",earthquake,13.24,1.947,0.114,22,reviewed,us,us
2026-09-18T07:19:28.254Z,32.243,141.5763,35.294,5,mww,40,132,4.853,0.85,us,us7000ti89,2026-09-18T07:41:22.040Z,"Izu Islands, Japan region",earthquake,11.86,6.486,0.093,11,reviewed,us,us
2026-09-18T07:12:36.496Z,53.445,-165.38,13.5,2.7,ml,30,210,0.7,0.6,ak,aka2026smucxq,2026-09-23T23:13:58.200Z,"81 km SSE of Akutan, Alaska",earthquake,5.6,2.6869,0.1,24,reviewed,ak,ak
2026-09-18T06:43:48.391Z,52.2355,-171.1067,102.232,2.8,ml,17,205,0.912,0.56,us,us6000tx6u,2026-09-25T08:09:58.040Z,"171 km WSW of Nikolski, Alaska",earthquake,15.34,22.255,0.091,16,reviewed,us,us
2026-09-18T06:42:29.274Z,-21.9479,-179.3724,548.378,4.7,mb,46,77,4.832,0.65,us,us7000ti83,2026-09-18T06:58:48.040Z,"Fiji region",earthquake,13.16,8.752,0.029,364,reviewed,us,us
2026-09-18T06:42:06.708Z,38.915,23.3755,4.385,4.3,mb,34,52,0.817,0.82,us,us7000ti82,2026-09-18T17:36:55.228Z,"15 km NW of Mantoúdi, Greece",earthquake,4.55,4.633,0.107,25,reviewed,us,us
2026-09-18T06:41:50.150Z,18.110166666667,-66.546166666667,20.42,2.64,md,15,79,0.04711,0.16,pr,pr71532128,2026-09-18T07:39:12.660Z,"5 km NW of Guayabal, Puerto Rico",earthquake,0.37,0.66,0.080266551469564,13,reviewed,pr,pr
2026-09-18T06:36:43.030Z,19.157666666667,-155.47633333333,12.42,4.06,ml,60,126,0.01363,0.19,hv,hv75039212,2026-09-19T21:03:01.126Z,"5 km S of Pāhala, Hawaii",earthquake,0.39,0.28,0.24808897616654,47,reviewed,hv,hv
2026-09-18T06:17:03.598Z,4.3224,-76.7931,68.374,4.7,mb,50,99,2.243,1.05,us,us7000ti7x,2026-09-18T10:37:50.853Z,"40 km SSW of Sipí, Colombia",earthquake,7.27,7.974,0.046,142,reviewed,us,us
2026-09-18T05:43:46.634Z,52.1568,-171.0421,105.38,3.8,mb,31,178,0.933,0.64,us,us7000tiek,2026-09-25T08:24:45.040Z,"171 km WSW of Nikolski, Alaska",earthquake,6.14,8.918,0.153,11,reviewed,us,us
2026-09-18T05:25:02.923Z,53.62,-162.745,4,2.8,ml,26,237,1.2,0.7,ak,aka2026smqnoq,2026-09-23T04:31:20.942Z,"144 km SSE of False Pass, Alaska",earthquake,6.6,4.6302,0.1,22,reviewed,ak,ak
2026-09-18T05:24:46.756Z,59.843,-153.316,132.6,3,ml,165,53,0.1,1,ak,aka2026smqnkd,2026-09-23T04:17:17.564Z,"44 km E of Pedro Bay, Alaska",earthquake,2.5,1.2883,0.3,120,reviewed,ak,ak
2026-09-18T04:51:11.158Z,58.15,-151.575,23.2,2.9,ml,93,149,0.6,0.5,ak,aka2026smpklv,2026-09-23T04:08:07.405Z,"60 km ENE of Ouzinkie, Alaska",earthquake,3.3,3.6676,0.1,70,reviewed,ak,ak
2026-09-18T04:39:53.260Z,40.294498443604,-124.48650360107,8.6199998855591,2.61,md,23,263,0.1102,0.13,nc,nc75437647,2026-09-18T06:27:24.474Z,"17 km W of Petrolia, CA",earthquake,1.53,0.560000002,0.08,21,automatic,nc,nc
2026-09-18T04:27:56.074Z,51.411,178.472,53.2,3.3,ml,20,269,0.5,0.4,ak,aka2026smoqbv,2026-09-23T02:19:32.219Z,"Rat Islands, Aleutian Islands, Alaska",earthquake,9.8,5.9422,0.1,15,reviewed,ak,ak
2026-09-18T04:04:37.500Z,18.274,-67.8398,116,3.39,md,11,179,0.7539,0.39,pr,pr2026261001,2026-09-18T16:32:48.140Z,"62 km W of Rincón, Puerto Rico",earthquake,3.81,2.49,0.05,11,reviewed,pr,pr
2026-09-18T04:03:31.170Z,17.9205,-66.851,6.37,2.48,md,8,223,0.06056,0.32,pr,pr71532113,2026-09-18T04:57:28.700Z,"7 km SSE of Maria Antonia, Puerto Rico",earthquake,1.33,0.75,0.1142671434568,7,reviewed,pr,pr
2026-09-18T03:57:04.460Z,17.984166666667,-65.375333333333,9.8,3.08,md,14,158,0.3334,0.43,pr,pr71532098,2026-09-18T06:08:45.940Z,"16 km SE of Esperanza, Puerto Rico",earthquake,0.93,1.57,0.11548862671696,14,reviewed,pr,pr
2026-09-18T02:47:13.546Z,60.661,-149.792,26,2.6,ml,66,45,0.4,0.8,ak,aka2026smlgtq,2026-09-22T23:06:49.451Z,"19 km N of Cooper Landing, Alaska",earthquake,2.3,2.2005,0.2,49,reviewed,ak,ak
2026-09-18T02:12:28.463Z,32.3401,141.3761,36.296,4.5,mb,53,134,4.665,0.49,us,us7000ti79,2026-09-18T02:40:23.040Z,"Izu Islands, Japan region",earthquake,12.03,7.717,0.075,52,reviewed,us,us
2026-09-18T01:29:01.643Z,37.0863,71.5498,106.028,4.1,mb,37,101,1.432,0.64,us,us7000ti74,2026-09-18T02:33:19.040Z,"40 km N of Ishqoshim, Tajikistan",earthquake,6.04,11.431,0.107,24,reviewed,us,us
2026-09-18T01:22:07.955Z,61.124,-159.172,14.6,2.5,ml,19,61,0.1,0.9,ak,aka2026smikyn,2026-09-22T22:56:15.908Z,"50 km S of Chuathbaluk, Alaska",earthquake,4.3,2.3654,0.1,15,reviewed,ak,ak
2026-09-18T01:07:40.851Z,52.1148,-169.2494,24.885,3.8,mb,36,208,0.733,1.13,us,us7000ti78,2026-09-18T02:20:07.040Z,"95 km SSW of Nikolski, Alaska",earthquake,5.81,10.849,0.111,21,reviewed,us,us
2026-09-18T01:07:30.435Z,32.1616,131.754,53.945,4.6,mb,34,128,1.284,1.03,us,us7000ti70,2026-09-18T01:28:31.040Z,"20 km ESE of Tsunō, Japan",earthquake,9.69,4.424,0.084,42,reviewed,us,us
2026-09-17T23:55:17.418Z,51.708,-174.026,52.8,2.5,ml,10,278,0.5,0.4,ak,aka2026smfnrn,2026-09-22T21:52:47.780Z,"55 km SSE of Atka, Alaska",earthquake,34.1,23.4515,0.1,6,reviewed,ak,ak
2026-09-17T23:44:40.338Z,58.256,-151.299,12.6,2.7,ml,90,152,0.7,0.6,ak,aka2026smfeoh,2026-09-22T21:48:24.905Z,"80 km ENE of Ouzinkie, Alaska",earthquake,3.9,2.9831,0.1,66,reviewed,ak,ak
2026-09-17T23:33:25.160Z,18.2058,-68.7766,147,3.66,md,8,219,0.5011,0.47,pr,pr2026260000,2026-09-18T02:32:29.040Z,"26 km SW of Boca de Yuma, Dominican Republic",earthquake,8.95,2.68,0.16,3,reviewed,pr,pr
2026-09-17T23:27:26.010Z,61.15,-149.748,12.9,2.7,ml,119,38,0.5,0.9,ak,aka2026smepok,2026-09-22T21:47:57.550Z,"11 km SE of Anchorage, Alaska",earthquake,1.8,1.5147,0.1,86,reviewed,ak,ak
2026-09-17T22:11:41.970Z,-21.9554,-69.2656,82.728,4.2,mb,23,73,0.16,0.71,us,us7000ti67,2026-09-18T01:58:48.040Z,"59 km NE of María Elena, Chile",earthquake,4.98,5.53,0.175,9,reviewed,us,us
2026-09-17T21:28:03.994Z,31.696,-104.539,4.2542,2.7,ml,24,68,0,0.2,tx,tx2026sjbtxd,2026-09-17T21:40:08.309Z,"55 km SSW of Whites City, New Mexico",earthquake,1.2695666401341,0.59656164752093,0.1,14,reviewed,tx,tx
2026-09-17T21:27:31.553Z,53.885,-157.13,21.2,3.2,ml,26,255,2.5,0.4,ak,aka2026smaptp,2026-09-22T21:27:28.511Z,"259 km SSE of Perryville, Alaska",earthquake,16.2,17.5209,0.2,29,reviewed,ak,ak
2026-09-17T21:10:25.572Z,4.5211,-76.8219,57.808,4.7,mb,75,91,2.1,0.92,us,us7000ti5y,2026-09-18T06:34:59.836Z,"24 km SW of Sipí, Colombia",earthquake,5.99,3.521,0.042,173,reviewed,us,us
2026-09-17T20:32:29.830Z,33.864666666667,-118.2075,13.23,2.94,ml,128,39,0.03114,0.26,ci,ci41334231,2026-09-20T06:21:01.035Z,"4 km SSE of Compton, CA",earthquake,0.18,0.37,0.18656110992624,302,reviewed,ci,ci
2026-09-17T20:23:46.165Z,-5.6852,130.7378,73.566,4.6,mb,50,71,7.123,0.62,us,us7000ti5v,2026-09-18T17:54:29.040Z,"223 km W of Tual, Indonesia",earthquake,11.76,7.9,0.084,42,reviewed,us,us
2026-09-17T19:19:06.799Z,30.1619,-42.1489,10,4.9,mb,81,77,15.726,0.51,us,us7000ti5b,2026-09-17T19:40:19.040Z,"northern Mid-Atlantic Ridge",earthquake,10.97,1.874,0.033,299,reviewed,us,us
2026-09-17T19:17:33.000Z,-7.7411,104.5828,10,4.5,mb,32,131,2.905,1.11,us,us7000ti5c,2026-09-17T20:09:30.040Z,"204 km SW of Labuan, Indonesia",earthquake,8.74,1.75,0.106,26,reviewed,us,us
2026-09-17T19:07:29.620Z,52.251,-171.148,100.2,3.1,ml,21,206,0.9,0.8,ak,aka2026slvyjd,2026-09-22T20:17:43.565Z,"172 km WSW of Nikolski, Alaska",earthquake,49.6,7.6649,0.2,19,reviewed,ak,ak
2026-09-17T18:58:46.581Z,54.353,-161.591,3.6,3,ml,41,211,0.8,0.6,ak,aka2026slvqoy,2026-09-22T20:11:10.524Z,"91 km SSE of King Cove, Alaska",earthquake,5.7,3.5021,0.1,31,reviewed,ak,ak
2026-09-17T18:38:41.407Z,57.231,-155.356,53.6,2.6,ml,60,153,0.6,0.6,ak,aka2026sluzec,2026-09-22T18:07:41.743Z,"65 km SW of Karluk, Alaska",earthquake,4.5,4.7571,0.2,43,reviewed,ak,ak
2026-09-17T18:14:23.190Z,36.8938331604,-121.61766815185,0.55000001192093,2.59,md,8,86,0.02263,0.04,nc,nc75437317,2026-09-17T19:22:21.063Z,"2 km ENE of Aromas, CA",earthquake,0.32,0.639999986,0.12,8,automatic,nc,nc
2026-09-17T16:45:28.940Z,52.237,-171.067,104.3,3.4,ml,47,205,0.9,0.5,ak,aka2026slrbzq,2026-09-22T17:36:41.823Z,"168 km WSW of Nikolski, Alaska",earthquake,28.3,4.9625,0.2,37,reviewed,ak,ak
2026-09-17T16:33:48.898Z,52.073,-170.895,107.9,3,ml,14,221,1,0.9,ak,aka2026slqvhj,2026-09-22T02:32:40.635Z,"168 km SW of Nikolski, Alaska",earthquake,38,9.4062,0.1,10,reviewed,ak,ak
2026-09-17T16:04:41.701Z,52.207,-170.93,113.1,3.2,ml,31,208,0.9,0.6,ak,aka2026slpvqi,2026-09-22T02:24:01.891Z,"162 km WSW of Nikolski, Alaska",earthquake,32.3,6.1735,0.3,21,reviewed,ak,ak
2026-09-17T15:51:18.117Z,-40.6345,-73.4372,59.712,4.6,mb,27,141,0.753,1.28,us,us7000ti3n,2026-09-24T20:54:04.240Z,"26 km WSW of Osorno, Chile",earthquake,5.91,9.264,0.158,12,reviewed,us,us
2026-09-17T15:04:16.188Z,32.074,-103.679,7.7533,2.7,ml,36,39,0,0.2,tx,tx2026sipbbo,2026-09-24T20:50:10.040Z,"40 km ESE of Malaga, New Mexico",earthquake,0.36614316739109,0.63933372916037,0.2,21,reviewed,tx,tx
2026-09-17T14:46:43.544Z,52.8617,-171.3302,97.508,3.8,ml,20,156,0.792,0.7,us,us7000ti2h,2026-09-18T14:43:39.040Z,"166 km W of Nikolski, Alaska",earthquake,10.3,5.28,0.071,26,reviewed,us,us
2026-09-17T14:44:39.218Z,57.968,-138.245,3.9,2.8,ml,23,192,1.1,0.8,ak,aka2026slnegf,2026-09-22T02:14:50.198Z,"114 km WSW of Elfin Cove, Alaska",earthquake,6.1,3.3556,0.2,15,reviewed,ak,ak
2026-09-17T14:39:42.037Z,52.8259,-171.4285,97.243,4.1,mb,30,163,0.853,1.3,us,us7000ti2f,2026-09-18T14:29:24.040Z,"173 km W of Nikolski, Alaska",earthquake,10.18,6.984,0.117,20,reviewed,us,us
2026-09-17T14:34:22.119Z,52.8272,-171.278,95.078,3.5,ml,21,167,0.762,0.46,us,us7000ti2d,2026-09-18T13:56:09.040Z,"163 km W of Nikolski, Alaska",earthquake,16.63,16.264,0.085,18,reviewed,us,us
2026-09-17T14:19:52.472Z,52.9564,-171.5033,98,6.5,mww,150,29,0.899,0.99,us,us7000ti1p,2026-09-25T14:30:05.743Z,"177 km W of Nikolski, Alaska",earthquake,5.72,1.86,0.027,130,reviewed,us,us
2026-09-17T14:19:13.030Z,-57.7827,157.5175,10,4.3,mb,12,165,3.387,1.07,us,us6000tx4c,2026-09-24T20:28:34.040Z,"Macquarie Island region",earthquake,11.95,2.002,0.218,6,reviewed,us,us
2026-09-17T13:30:50.164Z,52.2672,159.5083,64.295,4.7,mb,58,134,0.92,0.81,us,us7000ti1h,2026-09-24T20:17:40.040Z,"105 km SE of Vilyuchinsk, Russia",earthquake,8.58,6.016,0.067,67,reviewed,us,us
2026-09-17T13:11:57.284Z,54.589,-159.806,1.4,2.5,ml,23,255,1.3,0.5,ak,aka2026slkbzs,2026-09-22T02:04:50.214Z,"94 km SSE of Sand Point, Alaska",earthquake,8.4,5.575,0.1,18,reviewed,ak,ak
2026-09-17T12:31:37.057Z,49.6652,-116.8318,10,4.2,ml,36,69,0.99,0.94,us,us7000ti15,2026-09-23T19:37:01.040Z,"37 km ENE of Nelson, Canada",earthquake,2.17,1.985,0.038,92,reviewed,us,us
2026-09-17T12:07:43.260Z,18.126166666667,-67.252166666667,56.5,3.06,md,16,250,0.1364,0.1,pr,pr71532018,2026-09-17T12:30:33.350Z,"8 km NW of Puerto Real, Puerto Rico",earthquake,0.54,0.41,0.10167109157187,11,reviewed,pr,pr
2026-09-17T11:50:44.348Z,54.488,-159.89,29.8,2.9,ml,26,225,1.3,0.6,ak,aka2026slhjnh,2026-09-22T00:39:31.639Z,"102 km SSE of Sand Point, Alaska",earthquake,16.9,17.6215,0.1,20,reviewed,ak,ak
2026-09-17T09:34:33.358Z,31.665,-104.453,6.0999,2.5,ml,42,66,0,0.3,tx,tx2026siects,2026-09-17T16:04:38.641Z,"57 km S of Whites City, New Mexico",earthquake,0.98404369390831,0.72692198623582,0.1,20,reviewed,tx,tx
2026-09-17T09:11:54.086Z,52.047,-169.19,14.4,2.7,ml,14,292,0.8,0.6,ak,aka2026slccbr,2026-09-21T22:56:09.342Z,"101 km SSW of Nikolski, Alaska",earthquake,16.7,7.3021,0.1,10,reviewed,ak,ak
2026-09-17T08:28:25.582Z,-8.1138,121.7079,10,4.5,mb,15,126,3.641,1.08,us,us7000ti03,2026-09-17T09:23:59.040Z,"78 km NW of Maumere, Indonesia",earthquake,10.49,1.925,0.14,15,reviewed,us,us
2026-09-17T08:17:49.552Z,55.977,-149.685,5,2.8,ml,30,268,2.4,0.7,ak,aka2026slahia,2026-09-21T22:28:45.057Z,"241 km SE of Chiniak, Alaska",earthquake,22.7,0,0.1,21,reviewed,ak,ak
2026-09-17T07:56:27.140Z,17.996333333333,-66.808666666667,12.07,3.05,md,16,141,0.07044,0.17,pr,pr71532008,2026-09-17T08:58:26.070Z,"1 km ENE of Indios, Puerto Rico",earthquake,0.35,0.43,0.1078612499732,17,reviewed,pr,pr
2026-09-17T06:48:41.815Z,-22.5873,-20.3463,10,5,mb,30,61,22.722,0.46,us,us7000thzz,2026-09-17T07:07:36.040Z,"South Atlantic Ocean",earthquake,7.85,1.841,0.088,41,reviewed,us,us
2026-09-17T06:42:41.657Z,-14.4792,-174.8957,10,5.3,mww,35,103,3.072,1.14,us,us7000thzw,2026-09-17T07:02:10.040Z,"191 km SE of Mata-Utu, Wallis and Futuna",earthquake,13.72,1.877,0.093,11,reviewed,us,us
2026-09-17T06:32:13.046Z,-16.6626,167.5571,36.726,4.8,mb,17,206,4.957,0.67,us,us7000thzs,2026-09-17T06:49:38.040Z,"64 km SSE of Lakatoro, Vanuatu",earthquake,13.07,7.053,0.16,12,reviewed,us,us
2026-09-17T06:20:48.508Z,1.3156,126.3092,10,5.2,mb,71,87,17.056,0.96,us,us7000thzp,2026-09-17T06:37:49.040Z,"132 km E of Bitung, Indonesia",earthquake,11.72,1.87,0.055,111,reviewed,us,us
2026-09-17T05:47:05.810Z,19.1305,-67.977333333333,30.19,3.33,md,13,264,0.7223,0.32,pr,pr71531988,2026-09-17T06:58:17.640Z,"75 km NE of Punta Cana, Dominican Republic",earthquake,2.43,16.4,0.11989100876969,12,reviewed,pr,pr
2026-09-17T05:42:28.784Z,33.5744,137.1734,363.388,4.1,mb,42,149,1.775,0.38,us,us7000thzf,2026-09-17T09:13:24.040Z,"89 km SSE of Shima, Japan",earthquake,11,8.157,0.109,23,reviewed,us,us
2026-09-17T05:24:38.681Z,53.471,-164.775,29.5,2.5,ml,16,259,0.8,0.5,ak,aka2026skumqs,2026-09-21T17:03:19.300Z,"98 km SE of Akutan, Alaska",earthquake,9.5,5.5786,0.1,12,reviewed,ak,ak
2026-09-17T05:24:31.312Z,13.7928,-91.0771,65.687,4.6,mb,36,219,1.265,0.68,us,us7000thzd,2026-09-17T09:09:35.040Z,"31 km WSW of Puerto San José, Guatemala",earthquake,10.42,10.538,0.032,282,reviewed,us,us
2026-09-17T04:56:00.335Z,51.76,175.107,10,3.7,ml,12,231,1.2,1,ak,aka2026sktohp,2026-09-21T16:56:56.060Z,"178 km SE of Attu Station, Alaska",earthquake,17.9,0,0.1,10,reviewed,ak,ak
2026-09-17T04:06:53.528Z,-17.3232,-173.4476,10,5.3,mb,69,50,3.755,0.65,us,us7000thz3,2026-09-17T04:24:31.040Z,"155 km SSE of Hihifo, Tonga",earthquake,7.86,1.819,0.037,247,reviewed,us,us
2026-09-17T03:46:09.805Z,69.017,-147.592,3.6,2.6,ml,40,68,0.5,0.8,ak,aka2026skrfhp,2026-09-21T16:48:52.984Z,"129 km NW of Arctic Village, Alaska",earthquake,2.6,2.2294,0.2,28,reviewed,ak,ak
2026-09-17T03:07:43.040Z,37.335166931152,-121.59516906738,6.3099999427795,2.62,md,74,64,0.03833,0.08,nc,nc75437042,2026-09-23T11:23:11.453Z,"21 km E of Alum Rock, CA",earthquake,0.12,0.280000001,0.1,93,automatic,nc,nc
2026-09-17T02:36:10.515Z,50.608,-179.465,5,2.8,ml,14,258,1.1,0.8,ak,aka2026skowmr,2026-09-21T16:37:26.155Z,"242 km SW of Adak, Alaska",earthquake,7.7,0,0.1,10,reviewed,ak,ak
2026-09-17T02:13:51.989Z,57.13,-156.589,97.8,2.5,ml,54,76,0.5,0.4,ak,aka2026skodhl,2026-09-21T16:30:10.526Z,"64 km SE of Ugashik, Alaska",earthquake,4.8,2.8925,0.3,42,reviewed,ak,ak
2026-09-17T01:12:49.502Z,4.5449,-76.7654,58.798,4.4,mb,51,101,2.047,0.75,us,us7000thyk,2026-09-17T03:40:38.040Z,"18 km SW of Sipí, Colombia",earthquake,6.95,7.931,0.089,36,reviewed,us,us
2026-09-17T00:43:36.530Z,18.831833333333,-64.4005,24.25,3.05,md,5,302,0.3398,0.29,pr,pr71531968,2026-09-17T00:56:47.510Z,"69 km NE of Cruz Bay, U.S. Virgin Islands",earthquake,2.03,6.71,0.33682263852058,3,reviewed,pr,pr
2026-09-16T23:28:41.022Z,55.323,-157.533,5,2.5,ml,10,317,1.1,0.5,ak,aka2026skiqaw,2026-09-19T06:54:20.707Z,"120 km ESE of Perryville, Alaska",earthquake,15.1,0,0.3,7,reviewed,ak,ak
2026-09-16T22:31:16.983Z,45.1313,37.4439,10,4.1,mb,45,32,3.958,1.49,us,us7000thxx,2026-09-23T01:12:37.634Z,"2 km NE of Yurovka, Russia",earthquake,4.51,1.929,0.123,18,reviewed,us,us
2026-09-16T22:12:43.820Z,19.386166666667,-65.136,18.36,3.44,md,15,263,1.042,0.23,pr,pr71531948,2026-09-17T22:57:01.040Z,"117 km N of Charlotte Amalie, U.S. Virgin Islands",earthquake,2.24,4.43,0.12283760652848,4,reviewed,pr,pr
2026-09-16T21:50:57.961Z,38.6386,-97.6344,9.714,2.9,mb_lg,29,85,0.643,0.38,us,us7000thxt,2026-09-17T17:09:04.499Z,"5 km SSW of Assaria, Kansas",earthquake,4.49,7.877,0.051,101,reviewed,us,us
2026-09-16T21:29:33.994Z,-62.7008,166.362,10,4.5,mb,24,162,9.085,0.58,us,us7000tipy,2026-09-23T01:04:13.040Z,"Balleny Islands region",earthquake,13.1,1.953,0.118,21,reviewed,us,us
2026-09-16T21:06:52.537Z,-7.304,-13.3461,10,5,mb,48,73,1.183,0.69,us,us6000twws,2026-09-22T23:36:29.040Z,"136 km ENE of Georgetown, Saint Helena",earthquake,10.13,1.854,0.087,43,reviewed,us,us
2026-09-16T20:55:00.902Z,4.46,-76.8006,51.459,4.7,mb,99,90,2.135,0.92,us,us7000thxm,2026-09-16T22:07:23.040Z,"27 km SW of Sipí, Colombia",earthquake,5.85,7.56,0.048,134,reviewed,us,us
2026-09-16T20:32:10.128Z,51.302,-178.194,10.6,2.9,ml,28,205,0.5,0.5,ak,aka2026skctac,2026-09-19T06:13:58.534Z,"125 km WSW of Adak, Alaska",earthquake,6.7,2.231,0.2,22,reviewed,ak,ak
2026-09-16T20:21:24.473Z,-6.0303,151.7908,10,5.1,mb,104,51,1.864,0.69,us,us7000thxg,2026-09-18T21:11:21.040Z,"190 km ESE of Kimbe, Papua New Guinea",earthquake,20.42,1.976,0.055,107,reviewed,us,us
2026-09-16T20:12:52.374Z,4.5496,-76.8399,66.069,4.9,mww,153,67,2.088,0.5,us,us7000thxc,2026-09-18T19:33:05.396Z,"24 km WSW of Sipí, Colombia",earthquake,6.01,5.272,0.11,8,reviewed,us,us
2026-09-16T20:07:24.859Z,51.538,-175.835,35.1,2.6,ml,15,224,0.5,0.3,ak,aka2026skbxng,2026-09-19T06:11:58.665Z,"66 km SE of Adak, Alaska",earthquake,12.2,6.1608,0.1,12,reviewed,ak,ak
2026-09-16T20:03:35.025Z,-30.2154,-177.5927,35,4.9,mb,22,137,1.01,1.27,us,us7000thxb,2026-09-16T20:43:23.040Z,"Kermadec Islands, New Zealand",earthquake,6.26,1.96,0.122,21,reviewed,us,us
2026-09-16T20:00:16.362Z,52.086,-171.606,2.7,3.2,ml,19,208,1.2,1,ak,aka2026skbrqm,2026-09-19T06:05:40.915Z,"178 km E of Atka, Alaska",earthquake,18.1,4.1064,0.1,14,reviewed,ak,ak
2026-09-16T19:40:42.836Z,51.187,-178.248,19.5,2.5,ml,21,240,0.5,0.5,ak,aka2026skbamw,2026-09-19T06:02:40.374Z,"135 km SW of Adak, Alaska",earthquake,7,3.1054,0.1,15,reviewed,ak,ak
2026-09-16T19:37:05.143Z,-5.5399,146.0172,59.858,4.6,mb,54,103,3.725,0.47,us,us7000thx7,2026-09-16T21:26:18.040Z,"43 km SE of Madang, Papua New Guinea",earthquake,7.8,7.342,0.077,51,reviewed,us,us
2026-09-16T18:49:59.585Z,51.298,-178.304,35.9,3,ml,31,205,0.4,0.6,ak,aka2026sjzili,2026-09-19T05:55:54.274Z,"132 km WSW of Adak, Alaska",earthquake,7.4,4.4037,0.1,24,reviewed,ak,ak
2026-09-16T18:06:40.400Z,14.2719,145.4199,106.631,5.1,mww,200,20,1.022,0.64,us,us7000thwt,2026-09-24T18:16:54.742Z,"80 km SSW of San Jose Village, Northern Mariana Islands",earthquake,9.24,5.006,0.103,9,reviewed,us,us
2026-09-16T17:41:33.377Z,61.428,-147.498,19,2.7,ml,91,31,0.4,0.9,ak,aka2026sjxbaj,2026-09-19T00:23:29.442Z,"43 km S of Glacier View, Alaska",earthquake,1.7,1.2744,0.2,71,reviewed,ak,ak
2026-09-16T16:22:34.298Z,54.691,-156.771,59.6,3.2,ml,23,230,1.9,0.5,ak,aka2026sjukrd,2026-09-18T23:32:40.689Z,"202 km SE of Perryville, Alaska",earthquake,20.3,57.6806,0.3,18,reviewed,ak,ak
2026-09-16T16:09:24.299Z,51.7,-174.819,56.9,2.6,ml,15,236,0.6,0.4,ak,aka2026sjtzfa,2026-09-18T23:30:05.788Z,"69 km SW of Atka, Alaska",earthquake,33.2,20.0333,0.1,12,reviewed,ak,ak
2026-09-16T15:23:40.565Z,61.493,-146.773,18.3,2.5,ml,54,30,0.4,0.9,ak,aka2026sjslmy,2026-09-18T23:04:56.865Z,"46 km NNW of Valdez, Alaska",earthquake,1.9,1.5977,0.2,39,reviewed,ak,ak
2026-09-16T15:16:57.732Z,53.995,-164.133,4.2,2.5,ml,29,216,0.5,0.5,ak,aka2026sjsfrd,2026-09-18T22:38:17.853Z,"106 km SSW of False Pass, Alaska",earthquake,5.6,2.4996,0.1,18,reviewed,ak,ak
2026-09-16T15:07:38.838Z,36.1458,140.0713,80.891,4.8,mww,164,98,0.859,0.89,us,us7000thv6,2026-09-23T18:16:05.479Z,"6 km SSW of Tsukuba, Japan",earthquake,5.91,5.004,0.098,10,reviewed,us,us
2026-09-16T15:06:14.439Z,51.426,-173.684,7.9,2.8,ml,11,299,0.8,0.4,ak,aka2026sjrwkq,2026-09-18T22:35:44.009Z,"92 km SSE of Atka, Alaska",earthquake,46.3,20.1876,0.1,8,reviewed,ak,ak
2026-09-16T14:34:52.440Z,40.285333333333,-124.51866666667,20.15,3.52,mw,50,235,0.1347,0.19,nc,nc75436587,2026-09-24T16:54:30.385Z,"20 km WSW of Petrolia, CA",earthquake,0.78,0.24,,6,reviewed,nc,nc
2026-09-16T13:29:27.910Z,19.314333333333,-66.0855,19.95,3.23,md,11,274,1.025,0.14,pr,pr71531913,2026-09-16T14:55:30.040Z,"93 km N of San Juan, Puerto Rico",earthquake,0.89,14.21,0.018049623973174,4,reviewed,pr,pr
2026-09-16T12:47:24.321Z,53.067,-167.001,20.2,3.6,ml,47,208,0.6,0.8,ak,aka2026sjnfzo,2026-09-16T15:45:53.721Z,"95 km SSW of Unalaska, Alaska",earthquake,6.5,3.9053,0.2,32,reviewed,ak,ak
2026-09-16T12:33:23.712Z,9.0247,40.13,10,4.5,mb,22,96,3.653,0.43,us,us7000thts,2026-09-16T19:13:59.507Z,"6 km NW of Āwash, Ethiopia",earthquake,9.95,1.887,0.145,14,reviewed,us,us
2026-09-16T11:50:12.695Z,7.7513,127.1328,10,4.9,mb,73,84,1.683,0.68,us,us7000thti,2026-09-16T12:29:25.040Z,"64 km E of Kinablangan, Philippines",earthquake,9.06,1.861,0.068,67,reviewed,us,us
2026-09-16T11:40:51.564Z,51.253,178.41,34.5,2.7,ml,7,291,0.6,0.3,ak,aka2026sjlaie,2026-09-18T20:30:09.127Z,"Rat Islands, Aleutian Islands, Alaska",earthquake,12.3,7.9358,0.1,6,reviewed,ak,ak
2026-09-16T10:50:43.183Z,51.279,-175.107,4.6,2.9,ml,16,255,0.9,0.6,ak,aka2026sjjius,2026-09-18T20:24:56.372Z,"119 km SSW of Atka, Alaska",earthquake,8.8,4.3822,0.1,13,reviewed,ak,ak
2026-09-16T09:41:47.654Z,-15.0655,167.0164,60.686,4.7,mb,17,273,6.043,0.38,us,us7000tht8,2026-09-16T10:10:04.040Z,"6 km WSW of Port-Olry, Vanuatu",earthquake,14.52,10.177,0.16,13,reviewed,us,us
2026-09-16T09:21:07.608Z,59.729,-150.742,53.9,2.5,ml,72,117,0,0.7,ak,aka2026sjgfxq,2026-09-18T20:13:00.345Z,"18 km SE of Fox River, Alaska",earthquake,2.6,2.1788,0.2,52,reviewed,ak,ak
2026-09-16T08:37:00.012Z,14.3886,147.1141,10,5.1,mb,56,71,1.53,1.35,us,us7000thsx,2026-09-25T08:47:08.498Z,"172 km ESE of Saipan, Northern Mariana Islands",earthquake,8.47,1.352,0.039,208,reviewed,us,us
2026-09-16T08:28:51.752Z,52.374,-171.157,90.5,3.9,ml,52,197,0.9,0.6,ak,aka2026sjepok,2026-09-16T15:43:42.527Z,"167 km WSW of Nikolski, Alaska",earthquake,17.4,5.4979,0.1,39,reviewed,ak,ak
2026-09-16T07:46:05.155Z,51.598,-176.094,55.7,3,ml,25,205,0.3,0.4,ak,aka2026sjdetg,2026-09-18T20:01:49.840Z,"48 km SE of Adak, Alaska",earthquake,18.6,7.3934,0.2,19,reviewed,ak,ak
2026-09-16T07:34:41.263Z,62.545,-150.626,70.2,3.3,ml,144,31,0.1,0.9,ak,aka2026sjcuwe,2026-09-18T19:45:39.244Z,"9 km NE of Petersville, Alaska",earthquake,1.7,2.2669,0.2,104,reviewed,ak,ak
2026-09-16T07:17:25.899Z,40.6069,-119.5899,7,3.79,mwr,11,167,0.42,0.1627,nn,nn00924508,2026-09-17T07:22:37.217Z,"20 km WSW of Gerlach, Nevada",earthquake,,4.3522,,,reviewed,nn,nn
2026-09-16T07:02:13.029Z,6.0969,-77.8115,10,4.8,mb,79,105,2.271,1.14,us,us7000thsp,2026-09-16T07:28:25.040Z,"47 km WSW of Bahía Solano, Colombia",earthquake,6.07,1.87,0.031,317,reviewed,us,us
2026-09-16T06:18:06.190Z,4.495,-76.7822,71.01,4.6,mb,60,90,2.096,1.26,us,us7000thse,2026-09-16T06:45:35.040Z,"23 km SW of Sipí, Colombia",earthquake,6.77,8.253,0.048,129,reviewed,us,us
2026-09-16T06:09:56.902Z,53.962,-163.235,16.2,2.7,ml,22,234,0.7,0.5,ak,aka2026sizzjq,2026-09-18T19:09:51.694Z,"99 km S of False Pass, Alaska",earthquake,5.2,4.3294,0.2,17,reviewed,ak,ak
2026-09-16T05:52:03.328Z,37.7078,95.4963,10.46,5,mb,60,91,6.804,0.84,us,us7000ths9,2026-09-16T06:11:28.040Z,"281 km SSE of Dunhuang, China",earthquake,9.99,4.56,0.056,101,reviewed,us,us
2026-09-16T05:34:04.413Z,54.498,-160.167,16.6,2.8,ml,21,245,1.2,0.5,ak,aka2026siyuhc,2026-09-18T19:04:39.028Z,"95 km SSE of Sand Point, Alaska",earthquake,12.3,11.9068,0.1,15,reviewed,ak,ak
2026-09-16T03:45:03.456Z,14.0287,-92.4543,10,5,mww,74,145,2.261,1.25,us,us7000thrz,2026-09-16T04:02:44.040Z,"60 km SSW of Ocós, Guatemala",earthquake,7.1,1.892,0.055,32,reviewed,us,us
2026-09-16T03:41:16.493Z,53.424,-164.893,4.6,2.6,ml,12,265,0.8,0.5,ak,aka2026sivahw,2026-09-18T18:36:59.674Z,"98 km SE of Akutan, Alaska",earthquake,9.8,9.8992,0.1,7,reviewed,ak,ak
2026-09-16T02:57:10.514Z,53.825,-165.056,47.2,2.9,ml,37,204,0.5,0.5,ak,aka2026sitnvf,2026-09-18T18:19:56.707Z,"58 km SE of Akutan, Alaska",earthquake,15.4,13.1568,0.1,28,reviewed,ak,ak
2026-09-16T02:09:41.730Z,18.333166666667,-67.427166666667,8.24,2.89,md,17,285,0.2922,0.16,pr,pr71531888,2026-09-16T02:37:26.820Z,"18 km W of Rincón, Puerto Rico",earthquake,0.53,0.43,0.099296563096476,10,reviewed,pr,pr
2026-09-16T01:58:57.764Z,54.531,-162.43,52.9,2.5,ml,15,231,0.6,0.5,ak,aka2026sirppr,2026-09-18T18:13:44.233Z,"59 km S of King Cove, Alaska",earthquake,26.8,15.2014,0.2,9,reviewed,ak,ak
2026-09-16T01:40:30.630Z,38.433166503906,-122.67183685303,9.1499996185303,2.67,md,74,25,0.04444,0.14,nc,nc75436337,2026-09-20T11:46:12.452Z,"3 km ESE of Santa Rosa, CA",earthquake,0.15,0.50999999,0.12,85,automatic,nc,nc
2026-09-16T01:37:17.171Z,10.6842,-69.2782,10,4.5,mb,44,49,0.721,0.91,us,us7000thrm,2026-09-16T02:21:22.040Z,"45 km NNW of Duaca, Venezuela",earthquake,2.79,1.889,0.124,19,reviewed,us,us
2026-09-16T01:33:21.125Z,51.307,-175.148,14.6,2.5,ml,10,257,0.8,0.4,ak,aka2026siqton,2026-09-18T02:35:45.522Z,"118 km SSW of Atka, Alaska",earthquake,11.1,6.3698,0.1,8,reviewed,ak,ak
2026-09-16T00:39:48.321Z,0.6181,100.504,222.544,4,mb,32,155,2.598,0.63,us,us6000tww3,2026-09-22T23:22:41.040Z,"93 km N of Payakumbuh, Indonesia",earthquake,13.67,9.24,0.122,18,reviewed,us,us
2026-09-16T00:34:47.234Z,-7.9107,129.829,10,4.4,mb,15,97,5.067,0.66,us,us6000tww5,2026-09-22T23:15:00.040Z,"Kepulauan Babar, Indonesia",earthquake,5.69,1.907,0.169,10,reviewed,us,us
2026-09-16T00:31:39.460Z,-5.6094,147.2651,136.631,4.2,mb,19,127,3.772,0.59,us,us6000tww4,2026-09-22T23:03:04.040Z,"123 km NNW of Finschhafen, Papua New Guinea",earthquake,12.89,8.581,0.14,14,reviewed,us,us
2026-09-16T00:14:58.511Z,59.779,-152.471,80.8,2.8,ml,107,66,0.3,0.7,ak,aka2026siodpj,2026-09-22T22:48:38.040Z,"35 km W of Anchor Point, Alaska",earthquake,2.3,1.5493,0.2,79,reviewed,ak,ak
2026-09-16T00:05:41.730Z,19.065666666667,-65.560833333333,6.57,3.3,md,22,236,0.799,0.39,pr,pr71531853,2026-09-16T03:47:00.040Z,"76 km NNE of Vieques, Puerto Rico",earthquake,2.06,1.95,0.10330816606307,17,reviewed,pr,pr
2026-09-15T23:46:59.088Z,13.3907,50.7844,10,4.7,mww,41,95,6.318,0.83,us,us7000thr6,2026-09-22T22:08:00.040Z,"157 km N of Caluula, Somalia",earthquake,12.16,1.919,0.103,9,reviewed,us,us
2026-09-15T23:45:06.526Z,-1.6399,-78.06,155.75,4.5,mb,53,71,0.15,0.41,us,us7000thr4,2026-09-22T21:54:48.040Z,"12 km WNW of Palora, Ecuador",earthquake,8.54,5.912,0.083,43,reviewed,us,us
2026-09-15T22:43:11.521Z,29.6816,81.8227,10,4.1,mb,19,117,8.293,0.69,us,us7000tiz3,2026-09-22T21:47:38.040Z,"57 km NW of Jumla, Nepal",earthquake,9.14,1.92,0.214,6,reviewed,us,us
2026-09-15T22:05:25.947Z,-15.2019,-173.1703,10,4.7,mb,22,140,1.86,0.66,us,us7000ti1d,2026-09-22T21:21:41.040Z,"106 km NE of Hihifo, Tonga",earthquake,8.09,1.908,0.137,16,reviewed,us,us
2026-09-15T21:49:29.349Z,51.4846,178.951,57.34,3.5,ml,36,213,0.244,0.58,us,us7000ths2,2026-09-16T20:55:01.040Z,"Rat Islands, Aleutian Islands, Alaska",earthquake,10,22.527,0.085,18,reviewed,us,us
2026-09-15T21:10:12.184Z,34.4946,-106.7832,10,2.7,ml,13,105,0.008,0.31,us,us7000thq4,2026-09-16T21:47:36.313Z,"2 km NNW of Las Nutrias, New Mexico",earthquake,3.73,1.886,0.06,37,reviewed,us,us
2026-09-15T21:09:38.606Z,32.162,130.289,10,4.2,mb,19,115,0.665,0.54,us,us7000tiz0,2026-09-22T21:03:56.040Z,"11 km NW of Izumi, Japan",earthquake,5.42,1.917,0.236,5,reviewed,us,us
2026-09-15T21:00:34.916Z,25.0843,123.6411,8.769,4.7,mww,49,74,0.84,0.5,us,us7000thq1,2026-09-22T05:19:02.040Z,"94 km NE of Yonakuni, Japan",earthquake,2.99,4.416,0.083,14,reviewed,us,us
2026-09-15T19:24:00.740Z,38.521666666667,-112.90433333333,3.03,2.63,ml,25,54,0.01251,0.1,uu,uu80157046,2026-09-15T19:49:28.730Z,"16 km NE of Milford, Utah",earthquake,0.22,0.43,0.19798123946123,21,reviewed,uu,uu
2026-09-15T18:27:08.465Z,53.51,-164.705,33.6,2.7,ml,15,279,0.8,0.2,ak,aka2026sicoac,2026-09-24T23:21:31.257Z,"98 km SE of Akutan, Alaska",earthquake,10.3,25.8814,0.1,13,reviewed,ak,ak
2026-09-15T18:26:33.369Z,-8.1982,120.4443,10,4.3,mb,33,119,3.237,0.89,us,us7000thp0,2026-09-15T19:10:25.040Z,"45 km N of Ruteng, Indonesia",earthquake,7.32,1.9,0.111,23,reviewed,us,us
2026-09-15T18:00:52.409Z,51.877,-169.237,3.2,3,ml,15,298,1,0.4,ak,aka2026sibrfp,2026-09-24T22:50:32.938Z,"120 km SSW of Nikolski, Alaska",earthquake,11.9,5.0868,0.1,12,reviewed,ak,ak
2026-09-15T17:45:49.456Z,52.091,-169.284,51.5,2.9,ml,17,290,0.7,0.6,ak,aka2026sibefl,2026-09-24T22:51:09.667Z,"98 km SSW of Nikolski, Alaska",earthquake,28.4,30.5007,0.1,13,reviewed,ak,ak
2026-09-15T17:41:25.765Z,-25.4555,-66.4888,185.605,4.5,mb,59,52,2.931,0.79,us,us7000thni,2026-09-15T19:01:45.040Z,"49 km SW of Cachí, Argentina",earthquake,7.67,4.962,0.121,20,reviewed,us,us
2026-09-15T17:16:48.369Z,25.0311,123.6736,10,4.3,mb,48,108,0.823,0.52,us,us7000thne,2026-09-15T18:48:33.040Z,"90 km NNW of Ishigaki, Japan",earthquake,5.8,1.582,0.1,28,reviewed,us,us
2026-09-15T16:27:44.534Z,31.615,-104.113,6.0999,2.6,ml,40,57,0,0.2,tx,tx2026sfaiyw,2026-09-15T21:58:33.040Z,"45 km NW of Toyah, Texas",earthquake,0.37409334600105,0.34354825751482,0.1,24,reviewed,tx,tx
2026-09-15T16:12:49.382Z,-4.2614,102.0754,76.224,4.5,mb,41,150,6.268,0.53,us,us7000thn3,2026-09-15T21:47:35.040Z,"55 km SSW of Bengkulu, Indonesia",earthquake,12.78,8.29,0.094,36,reviewed,us,us
2026-09-15T16:10:21.484Z,51.3647,-178.7982,35,3.4,ml,36,199,0.189,1.35,us,us7000thn0,2026-09-15T21:39:02.040Z,"160 km WSW of Adak, Alaska",earthquake,3.65,1.966,0.077,22,reviewed,us,us
2026-09-15T15:58:07.350Z,51.524,178.739,27.5,2.7,ml,13,229,0.4,0.3,ak,aka2026shxous,2026-09-24T22:45:05.967Z,"Rat Islands, Aleutian Islands, Alaska",earthquake,7,3.3848,0.1,11,reviewed,ak,ak
2026-09-15T15:08:30.973Z,59.978,-152.763,100.9,2.5,ml,99,52,0.1,0.6,ak,aka2026shvxvf,2026-09-24T22:43:17.400Z,"56 km WNW of Anchor Point, Alaska",earthquake,2.6,1.4179,0.2,67,reviewed,ak,ak
2026-09-15T14:32:38.168Z,56.199,-156.488,17.9,4,ml,188,170,1.1,1,ak,aka2026shusro,2026-09-17T21:57:20.568Z,"119 km E of Chignik, Alaska",earthquake,3.1,3.3003,0.3,95,reviewed,ak,ak
2026-09-15T14:16:11.033Z,-8.3244,129.2771,10,4.5,mb,17,124,4.847,0.84,us,us7000thlq,2026-09-15T18:53:46.040Z,"251 km E of Lospalos, Timor Leste",earthquake,8.4,1.943,0.139,16,reviewed,us,us
2026-09-15T13:50:21.979Z,-18.1008,-66.0517,363.499,4.2,mb,14,147,1.935,0.63,us,us7000thlk,2026-09-15T18:40:08.040Z,"48 km SSE of Irpa Irpa, Bolivia",earthquake,11.5,10.634,0.372,2,reviewed,us,us
2026-09-15T13:14:42.467Z,52.809,-167.51,2.8,2.5,ml,16,245,0.6,0.5,ak,aka2026shsddf,2026-09-15T21:53:59.595Z,"92 km E of Nikolski, Alaska",earthquake,6.7,3.9047,0.2,12,reviewed,ak,ak
2026-09-15T13:10:30.439Z,58.061,-137.385,5,3.4,ml,63,135,0.6,0.7,ak,aka2026shrzlr,2026-09-15T21:54:23.588Z,"63 km WSW of Elfin Cove, Alaska",earthquake,4.2,0,0.1,42,reviewed,ak,ak
2026-09-15T13:08:06.297Z,31.742,-104.555,5.0232,2.5,ml,44,103,0,0.3,tx,tx2026setsdr,2026-09-15T14:29:37.719Z,"50 km SSW of Whites City, New Mexico",earthquake,0.92718687169705,0.80316522745606,0.1,28,reviewed,tx,tx
2026-09-15T12:26:31.499Z,-18.1361,-178.3556,552.586,4.2,mb,79,122,2.727,0.57,us,us7000thlb,2026-09-16T07:40:59.040Z,"246 km E of Levuka, Fiji",earthquake,13.84,6.929,0.055,93,reviewed,us,us
2026-09-15T11:50:25.689Z,51.2472,-177.9209,35,3.1,ml,36,209,0.509,0.49,us,us7000thqb,2026-09-16T07:08:08.040Z,"113 km SW of Adak, Alaska",earthquake,3.51,2.008,0.081,20,reviewed,us,us
2026-09-15T11:34:58.788Z,-7.3986,155.3847,10,4.7,mb,51,62,4.519,0.6,us,us7000thl5,2026-09-15T12:53:57.040Z,"120 km S of Panguna, Papua New Guinea",earthquake,8.21,1.232,0.082,45,reviewed,us,us
2026-09-15T10:46:25.910Z,19.192,-155.50383333333,32.45,2.61,ml,56,85,0.05366,0.11,hv,hv75036222,2026-09-15T19:20:22.140Z,"2 km WSW of Pāhala, Hawaii",earthquake,0.45,0.47,0.14310425718472,42,reviewed,hv,hv
2026-09-15T10:20:14.786Z,-7.2054,155.3788,10,4.7,mb,35,89,4.382,0.6,us,us7000ti12,2026-09-17T12:34:55.040Z,"99 km S of Panguna, Papua New Guinea",earthquake,9.41,1.882,0.102,29,reviewed,us,us
2026-09-15T10:01:31.932Z,69.497,-144.166,3.6,2.5,ml,25,108,0.2,0.9,ak,aka2026shlrqg,2026-09-15T20:30:40.618Z,"73 km SSW of Kaktovik, Alaska",earthquake,4.7,3.5649,0.2,18,reviewed,ak,ak
2026-09-15T09:51:38.674Z,69.542,-144.23,6.6,4.3,ml,91,97,0.2,1.1,ak,aka2026shljaz,2026-09-17T21:41:42.629Z,"69 km SSW of Kaktovik, Alaska",earthquake,4.3,2.9071,0.1,53,reviewed,ak,ak
2026-09-15T09:30:51.090Z,48.756333333333,-125.61916666667,4.98,3.18,ml,24,192,0.176,0.59,uw,uw714102491,2026-09-16T20:36:48.492Z,"21 km SSW of Ucluelet, Canada",earthquake,1.48,31.61,0.13018312363108,9,reviewed,uw,uw
2026-09-15T08:48:29.775Z,31.657,-104.135,6.1127,3.3,ml,69,52,0.1,0.3,tx,tx2026selaoc,2026-09-15T15:04:04.294Z,"49 km NW of Toyah, Texas",earthquake,0.35560573422909,0.41259220798949,0.1,41,reviewed,tx,tx
2026-09-15T08:47:31.817Z,51.017,-179.863,9.1,2.7,ml,15,240,0.6,0.3,ak,aka2026shjflu,2026-09-15T17:56:09.005Z,"243 km WSW of Adak, Alaska",earthquake,8.4,2.9992,0.1,13,reviewed,ak,ak
2026-09-15T08:42:57.361Z,52.088,-169.228,8.2,2.9,ml,12,289,0.8,0.4,ak,aka2026shjbmn,2026-09-15T17:55:12.625Z,"97 km SSW of Nikolski, Alaska",earthquake,15.6,7.1936,0.1,10,reviewed,ak,ak
2026-09-15T07:50:18.755Z,68.605,-148.678,4.8,2.6,ml,39,54,0.3,0.6,ak,aka2026shhhvs,2026-09-15T18:27:29.937Z,"135 km ENE of Anaktuvuk Pass, Alaska",earthquake,2.6,2.3574,0.1,27,reviewed,ak,ak
2026-09-15T07:18:06.510Z,40.29349899292,-124.48500061035,8.9899997711182,3.28,ml,31,262,0.109,0.17,nc,nc75435962,2026-09-16T05:16:56.712Z,"17 km WSW of Petrolia, CA",earthquake,1.53,0.560000002,0.367,9,automatic,nc,nc
2026-09-15T07:08:30.853Z,51.891,-175.348,108,2.5,ml,19,198,0.4,0.3,ak,aka2026shfxpv,2026-09-15T18:24:26.071Z,"85 km WSW of Atka, Alaska",earthquake,42.4,5.5475,0.3,14,reviewed,ak,ak
2026-09-15T06:21:48.340Z,17.9715,-66.996166666667,13.23,2.86,md,18,179,0.04579,0.1,pr,pr71531828,2026-09-15T12:02:50.946Z,"5 km E of La Parguera, Puerto Rico",earthquake,0.37,0.21,0.007786919197194,4,reviewed,pr,pr
2026-09-15T06:07:52.712Z,-6.6349,130.3422,83.829,4.8,mb,32,86,6.218,0.57,us,us7000thjr,2026-09-15T06:26:55.040Z,"289 km WSW of Tual, Indonesia",earthquake,12.33,8.09,0.097,33,reviewed,us,us
2026-09-15T05:21:25.310Z,53.099,-167.028,18.4,4,ml,46,206,0.6,1.2,ak,aka2026shcitc,2026-09-15T15:22:44.495Z,"92 km SSW of Unalaska, Alaska",earthquake,4.7,3.078,0.2,32,reviewed,ak,ak
2026-09-15T04:52:26.905Z,-21.5813,170.0923,98.74,4.8,mb,27,111,2.66,0.94,us,us7000thjj,2026-09-15T05:36:44.040Z,"229 km E of Tadine, New Caledonia",earthquake,12.05,8.512,0.139,16,reviewed,us,us
2026-09-15T04:33:06.610Z,41.5695,-109.87416666667,-3.43,3.39,ml,26,114,0.1194,0.25,uu,uu80156956,2026-09-15T13:54:33.248Z,"3 km NNW of Little America, Wyoming",earthquake,0.69,1.43,0.2951602830584,29,reviewed,uu,uu
2026-09-15T03:44:35.270Z,18.264166666667,-64.742333333333,125.54,3.36,md,4,203,0.1937,0.03,pr,pr71531818,2026-09-16T01:46:17.653Z,"9 km SE of Cruz Bay, U.S. Virgin Islands",earthquake,8.61,1.19,0.032319666877371,3,reviewed,pr,pr
2026-09-15T03:36:20.190Z,40.560001373291,-124.01166534424,24.229999542236,2.58,md,36,114,0.1244,0.12,nc,nc75435897,2026-09-15T04:42:21.706Z,"7 km E of Hydesville, CA",earthquake,0.4,1,0.15,26,automatic,nc,nc
2026-09-15T02:18:18.520Z,50.267,177.929,20,3.4,ml,27,308,1.4,1,ak,aka2026sgwfzt,2026-09-15T03:27:35.346Z,"Rat Islands, Aleutian Islands, Alaska",earthquake,6.5,0,0.2,19,reviewed,ak,ak
2026-09-15T01:41:14.994Z,50.963,-177.898,14.6,3,ml,26,235,0.8,0.5,ak,aka2026sguzuv,2026-09-15T20:04:51.558Z,"134 km SW of Adak, Alaska",earthquake,6.2,3.1832,0.1,20,reviewed,ak,ak
2026-09-15T01:27:54.696Z,49.931,-178.637,20,3.1,ml,20,280,1.6,0.9,ak,aka2026sguoxw,2026-09-15T03:24:48.820Z,"257 km SSW of Adak, Alaska",earthquake,7.5,0,0.1,14,reviewed,ak,ak
2026-09-15T00:35:39.488Z,51.4939,-176.1235,37.152,2.5,ml,17,270,0.408,0.41,us,us7000thpf,2026-09-15T23:10:53.040Z,"55 km SE of Adak, Alaska",earthquake,6.58,24.534,0.128,8,reviewed,us,us
2026-09-14T23:52:47.098Z,-16.7951,176.6053,10,4.8,mb,33,68,1.675,0.79,us,us7000thki,2026-09-22T01:30:21.040Z,"127 km NW of Lautoka, Fiji",earthquake,11.43,1.844,0.125,21,reviewed,us,us
2026-09-14T23:09:49.986Z,-8.7704,105.7106,10,4.4,mb,28,131,1.669,0.91,us,us7000thi2,2026-09-22T00:01:45.040Z,"217 km SSW of Pelabuhanratu, Indonesia",earthquake,3.28,1.849,0.126,18,reviewed,us,us
2026-09-14T22:51:55.363Z,51.9723,-169.3074,10,2.7,ml,19,229,0.854,0.93,us,us7000thkm,2026-09-15T21:17:06.040Z,"111 km SSW of Nikolski, Alaska",earthquake,4.83,1.988,0.105,12,reviewed,us,us
2026-09-14T22:44:47.054Z,-40.2954,174.1808,97.8,4.5,mwr,67,27,1.087,0.92,us,us7000thhv,2026-09-21T23:45:50.128Z,"64 km SSW of Patea, New Zealand",earthquake,4.91,5.346,0.054,33,reviewed,us,us
2026-09-14T22:43:02.349Z,14.4467,-93.1496,35,4.2,mb,55,185,2.07,0.62,us,us7000thhw,2026-09-21T23:34:41.040Z,"84 km WSW of Puerto Madero, Mexico",earthquake,9.32,1.994,0.08,43,reviewed,us,us
2026-09-14T22:39:04.026Z,4.474,-76.7671,69.61,4.6,mb,49,100,2.104,0.68,us,us7000thht,2026-09-21T23:31:02.040Z,"24 km SW of Sipí, Colombia",earthquake,6.93,7.818,0.048,131,reviewed,us,us
2026-09-14T22:38:36.257Z,-16.8785,-179.1178,506.592,4.1,mb,36,82,1.503,0.37,us,us7000ticl,2026-09-21T23:27:17.040Z,"169 km ESE of Labasa, Fiji",earthquake,13.68,8.607,0.099,28,reviewed,us,us
2026-09-14T22:06:53.245Z,-6.2639,146.5802,120.524,5,mb,66,73,3.173,0.68,us,us7000thhd,2026-09-21T23:08:56.040Z,"68 km NW of Lae, Papua New Guinea",earthquake,9.87,5.902,0.043,174,reviewed,us,us
2026-09-14T21:24:13.557Z,51.4383,179.5098,67.333,2.9,ml,20,162,0.143,0.21,us,us7000thkk,2026-09-15T20:54:35.040Z,"271 km WSW of Adak, Alaska",earthquake,9.25,18.977,0.097,14,reviewed,us,us
2026-09-14T21:17:25.272Z,3.1402,126.5358,70.038,4.5,mb,27,133,6.182,0.53,us,us7000ticf,2026-09-21T22:56:18.040Z,"226 km NW of Tobelo, Indonesia",earthquake,9.29,9.017,0.113,23,reviewed,us,us
2026-09-14T21:15:13.770Z,18.608166666667,-66.723666666667,76.28,2.96,md,18,220,0.2617,0.15,pr,pr71531798,2026-09-14T21:30:47.890Z,"15 km N of Arecibo, Puerto Rico",earthquake,0.86,0.74,0.093820762273809,11,reviewed,pr,pr
2026-09-14T21:13:16.278Z,4.5502,-76.8767,50.363,4.9,mww,73,88,2.112,0.67,us,us7000thh2,2026-09-21T22:46:13.973Z,"28 km WSW of Sipí, Colombia",earthquake,7.06,6.984,0.11,8,reviewed,us,us
2026-09-14T21:06:38.665Z,37.6117,78.0838,10,4.2,mb,19,207,4.21,0.94,us,us7000tice,2026-09-21T22:35:59.040Z,"70 km WNW of Zangguy, China",earthquake,10.67,1.969,0.214,6,reviewed,us,us
2026-09-14T20:58:48.680Z,-20.0229,67.4078,10,4.5,mb,30,69,3.809,0.93,us,us7000ticc,2026-09-24T15:45:24.040Z,"Mid-Indian Ridge",earthquake,11.28,1.876,0.108,25,reviewed,us,us
2026-09-14T20:53:29.631Z,-20.1526,67.6319,10,4.3,mb,22,66,4.028,0.53,us,us7000ticd,2026-09-24T15:54:44.040Z,"Mid-Indian Ridge",earthquake,11.57,1.877,0.133,16,reviewed,us,us
2026-09-14T20:45:56.107Z,51.524,159.6317,37.494,4.3,mb,29,167,1.618,0.74,us,us7000thgw,2026-09-18T16:57:39.040Z,"177 km SSE of Vilyuchinsk, Russia",earthquake,12.06,8.934,0.106,25,reviewed,us,us
2026-09-14T20:38:59.588Z,15.117,-104.2162,10,5.3,mww,75,183,5.332,1.18,us,us7000thgs,2026-09-25T13:08:45.040Z,"off the coast of Michoacan, Mexico",earthquake,11.37,1.93,0.041,57,reviewed,us,us
2026-09-14T20:31:30.753Z,51.061,-178.585,41.9,2.5,ml,12,226,0.5,0.3,ak,aka2026sgkrhq,2026-09-15T09:26:20.273Z,"162 km SW of Adak, Alaska",earthquake,16.2,22.3286,0.1,9,reviewed,ak,ak
2026-09-14T20:08:04.768Z,4.4634,-76.8214,52.692,4.6,mb,76,91,2.145,0.74,us,us7000thgj,2026-09-25T12:50:40.591Z,"28 km SW of Sipí, Colombia",earthquake,6.97,7.31,0.049,127,reviewed,us,us
2026-09-14T20:04:50.939Z,4.5069,-76.6921,71.459,4.4,mb,32,100,2.035,0.65,us,us7000tica,2026-09-24T15:17:28.040Z,"17 km SSW of Sipí, Colombia",earthquake,7.62,9.532,0.134,16,reviewed,us,us
2026-09-14T20:02:04.673Z,4.5034,-76.7177,63.624,4.9,mww,78,98,2.052,0.77,us,us7000thge,2026-09-24T19:51:15.647Z,"18 km SSW of Sipí, Colombia",earthquake,7.09,5.188,0.083,14,reviewed,us,us
2026-09-14T19:48:14.687Z,36.4612,70.2314,217.496,4.1,mb,59,67,2.138,0.64,us,us7000thgc,2026-09-18T16:36:05.040Z,"35 km ESE of Farkhār, Afghanistan",earthquake,6.42,4.848,0.081,42,reviewed,us,us
2026-09-14T19:44:26.560Z,19.088666666667,-68.237666666667,13.92,3.2,md,11,279,0.5871,0.53,pr,pr71531788,2026-09-18T16:28:10.040Z,"58 km NNE of Punta Cana, Dominican Republic",earthquake,17.31,24.32,0.11550880579376,9,reviewed,pr,pr
2026-09-14T19:28:53.689Z,-6.8916,150.7071,10,4.8,mb,36,151,3.049,0.99,us,us7000thg9,2026-09-24T19:18:01.040Z,"148 km ESE of Kandrian, Papua New Guinea",earthquake,9.76,1.893,0.066,71,reviewed,us,us
2026-09-14T19:18:21.956Z,51.2996,179.7231,30.533,2.7,ml,20,211,0.276,0.27,us,us7000thkt,2026-09-19T17:35:50.040Z,"260 km WSW of Adak, Alaska",earthquake,5.69,5.486,0.081,20,reviewed,us,us
2026-09-14T19:16:49.717Z,-3.7448,-77.3641,104.887,4.8,mb,84,123,2.277,0.7,us,us7000thg5,2026-09-24T19:15:01.040Z,"107 km WSW of Alianza Cristiana, Peru",earthquake,8.21,7.165,0.037,221,reviewed,us,us
2026-09-14T18:01:13.646Z,38.5308,71.9867,10,4.3,mb,40,121,0.448,0.91,us,us7000thfi,2026-09-24T18:07:29.040Z,"87 km SSE of Karakenja, Tajikistan",earthquake,6.65,1.94,0.101,28,reviewed,us,us
2026-09-14T17:55:15.372Z,-1.8336,128.1779,10,4.6,mb,37,122,8.984,0.7,us,us7000thfh,2026-09-24T17:45:29.040Z,"154 km SSE of Labuha, Indonesia",earthquake,10.6,1.885,0.094,38,reviewed,us,us
2026-09-14T17:29:26.753Z,-7.029,123.1812,664.571,4,mb,24,104,3.954,0.68,us,us7000thfc,2026-09-24T17:38:19.040Z,"184 km SSE of Baubau, Indonesia",earthquake,14.83,11.324,0.122,19,reviewed,us,us
2026-09-14T16:15:05.794Z,-8.973,157.8632,10,5.1,mww,64,44,2.109,1.14,us,us7000thea,2026-09-19T16:20:03.040Z,"147 km SE of Gizo, Solomon Islands",earthquake,8.32,1.815,0.11,8,reviewed,us,us
2026-09-14T16:04:28.422Z,51.013,179.489,24.6,2.7,ml,11,265,0.4,0.3,ak,aka2026sgbttj,2026-09-15T08:17:05.706Z,"286 km WSW of Adak, Alaska",earthquake,11.4,6.9059,0.2,9,reviewed,ak,ak
2026-09-14T14:57:11.569Z,4.5649,-76.7002,76.094,4.5,mb,67,54,1.992,1.1,us,us7000thdw,2026-09-14T23:20:41.408Z,"11 km SSW of Sipí, Colombia",earthquake,7.04,6.789,0.076,51,reviewed,us,us
2026-09-14T14:12:05.492Z,40.6186,-119.6265,11,3.34,mwr,7,139,0.411,0.1615,nn,nn00924436,2026-09-22T23:21:41.901Z,"23 km W of Gerlach, Nevada",earthquake,,2.4641,,,reviewed,nn,nn
2026-09-14T13:47:28.320Z,37.87483215332,-121.80982971191,16.920000076294,2.99,ml,94,54,0.04998,0.14,nc,nc75435557,2026-09-19T10:56:16.984Z,"9 km SW of Brentwood, CA",earthquake,0.19,0.230000004,0.332,36,automatic,nc,nc
2026-09-14T11:45:18.736Z,-17.9042,-178.5152,595.732,4.2,mb,70,124,2.469,0.48,us,us7000thd4,2026-09-14T12:04:34.040Z,"230 km E of Levuka, Fiji",earthquake,13.82,9.068,0.042,156,reviewed,us,us
2026-09-14T11:32:32.601Z,52.617,-164.33,20,2.9,ml,21,250,1.7,0.7,ak,aka2026sfssfn,2026-09-14T15:10:49.393Z,"194 km SSE of Akutan, Alaska",earthquake,7.2,0,0.1,12,reviewed,ak,ak
2026-09-14T11:26:10.216Z,56.201,-154.163,46,3,ml,49,219,1.1,0.6,ak,aka2026sfsmkt,2026-09-15T08:29:12.349Z,"82 km S of Akhiok, Alaska",earthquake,6,27.6376,0.1,36,reviewed,ak,ak
2026-09-14T11:14:37.251Z,59.815,-153.417,134.9,2.7,ml,129,46,0.2,0.8,ak,aka2026sfscjz,2026-09-15T08:27:13.175Z,"38 km E of Pedro Bay, Alaska",earthquake,2.7,1.307,0.3,96,reviewed,ak,ak
2026-09-14T10:59:54.677Z,37.6068,141.5344,51.32,4.6,mb,39,150,2.864,0.75,us,us7000thct,2026-09-14T11:23:25.040Z,"49 km E of Minami-Sōma, Japan",earthquake,9.93,8.242,0.058,88,reviewed,us,us
2026-09-14T10:58:03.047Z,2.4223,128.1704,162.179,5.6,mww,88,36,5.289,0.82,us,us7000thcs,2026-09-15T16:01:37.040Z,"78 km NNE of Tobelo, Indonesia",earthquake,8.74,6.815,0.061,26,reviewed,us,us
2026-09-14T10:29:06.831Z,53.2589,-164.6559,35,3.2,ml,38,211,1.054,0.44,us,us7000thkc,2026-09-22T08:23:27.040Z,"122 km SE of Akutan, Alaska",earthquake,5.95,2.016,0.091,16,reviewed,us,us
2026-09-14T09:27:38.536Z,-8.5419,105.8726,10,5.5,mb,67,45,1.905,0.91,us,us7000thc6,2026-09-15T16:05:49.040Z,"187 km SSW of Pelabuhanratu, Indonesia",earthquake,8.41,1.824,0.061,93,reviewed,us,us
2026-09-14T09:07:29.558Z,23.2962,101.406,10,4.5,mb,37,75,3.2,0.57,us,us7000thbx,2026-09-15T07:41:15.040Z,"71 km NE of Simao, China",earthquake,7.54,1.881,0.116,27,reviewed,us,us
2026-09-14T07:33:04.419Z,37.1853,142.2375,35,4.5,mb,54,139,3.294,0.66,us,us7000thbl,2026-09-14T08:49:59.040Z,"109 km E of Tomioka, Japan",earthquake,8.1,1.93,0.088,38,reviewed,us,us
2026-09-14T06:26:30.420Z,35.6115,-98.04633333,6.6,2.57,ml,84,37,0,0.16,ok,ok2026safn,2026-09-15T12:03:58.177Z,"6 km E of Calumet, Oklahoma",earthquake,,0.2,0.27,34,reviewed,ok,ok
2026-09-14T06:19:11.496Z,-5.0593,144.6082,99.155,4.5,mb,63,64,4.068,0.59,us,us7000thb6,2026-09-14T08:02:12.040Z,"97 km NNE of Mount Hagen, Papua New Guinea",earthquake,7.39,7.269,0.075,52,reviewed,us,us
2026-09-14T05:58:03.466Z,60.657,-149.406,7.1,2.5,ml,91,55,0.5,0.8,ak,aka2026sfhnyo,2026-09-14T06:53:06.997Z,"18 km N of Moose Pass, Alaska",earthquake,1.8,1.2891,0.1,69,reviewed,ak,ak
2026-09-14T05:22:55.270Z,17.8345,-66.834666666667,11.45,2.49,md,8,259,0.1461,0.38,pr,pr71531778,2026-09-14T06:15:19.470Z,"16 km SSE of Maria Antonia, Puerto Rico",earthquake,1.58,1.24,0.07720690650247,4,reviewed,pr,pr
2026-09-14T05:03:12.877Z,-24.1313,-66.9986,189.041,4.4,mb,35,77,2.572,0.66,us,us7000than,2026-09-14T06:21:54.040Z,"69 km W of San Antonio de los Cobres, Argentina",earthquake,3.33,13.01,0.149,13,reviewed,us,us
2026-09-14T04:38:42.971Z,51.18,-176.39,9.9,2.6,ml,27,240,0.7,0.5,ak,aka2026sfexbz,2026-09-14T06:36:44.344Z,"79 km SSE of Adak, Alaska",earthquake,5.8,2.4424,0.2,18,reviewed,ak,ak
2026-09-14T03:45:33.339Z,51.504,179.332,71.9,2.5,ml,24,123,0.1,0.3,ak,aka2026sfdcuy,2026-09-14T06:34:05.708Z,"281 km W of Adak, Alaska",earthquake,9.1,3.9968,0.2,18,reviewed,ak,ak
2026-09-14T02:56:17.419Z,25.5449,-45.3828,10,5.4,mww,83,55,17.276,1.35,us,us7000tha3,2026-09-15T03:03:59.095Z,"northern Mid-Atlantic Ridge",earthquake,10.7,1.805,0.063,24,reviewed,us,us
2026-09-14T01:42:08.967Z,-9.2825,112.9014,33.378,4.8,mb,44,76,7.201,0.78,us,us7000th9m,2026-09-14T02:03:49.040Z,"119 km S of Dampit, Indonesia",earthquake,11.46,5.935,0.082,48,reviewed,us,us
2026-09-14T01:38:51.084Z,35.6646,58.7296,10,4.3,mb,17,168,8.363,0.87,us,us7000th9l,2026-09-14T21:23:30.040Z,"53 km NNE of Kāshmar, Iran",earthquake,7.75,1.993,0.147,13,reviewed,us,us
2026-09-14T00:53:46.937Z,-8.1707,120.3526,10,4.5,mb,27,121,3.192,0.85,us,us7000th9i,2026-09-21T22:18:51.040Z,"50 km NNW of Ruteng, Indonesia",earthquake,9.73,1.904,0.116,22,reviewed,us,us
2026-09-14T00:44:10.970Z,37.429832458496,-122.24283599853,4.3600001335144,2.49,md,60,73,0.02648,0.1,nc,nc75435317,2026-09-14T23:54:08.279Z,"1 km E of Woodside, CA",earthquake,0.16,0.349999994,0.14,72,automatic,nc,nc
2026-09-14T00:41:02.732Z,-49.5564,126.4128,10,4.4,mb,19,96,17.964,0.86,us,us7000tibh,2026-09-21T21:57:03.040Z,"western Indian-Antarctic Ridge",earthquake,15.01,1.938,0.127,18,reviewed,us,us
2026-09-14T00:20:59.900Z,-20.1857,67.2916,10,4.6,mb,21,72,3.713,0.63,us,us7000tibg,2026-09-21T21:09:30.040Z,"Mid-Indian Ridge",earthquake,10.02,1.886,0.136,16,reviewed,us,us
2026-09-13T23:41:37.295Z,-23.524,-179.7267,506.8,4.4,mb,42,122,6.114,0.72,us,us7000th98,2026-09-21T05:18:27.040Z,"south of the Fiji Islands",earthquake,13.02,9.374,0.092,34,reviewed,us,us
2026-09-13T23:27:47.729Z,-20.1437,67.5504,10,4.6,mb,26,73,3.951,0.58,us,us7000tiaj,2026-09-21T05:13:46.040Z,"Mid-Indian Ridge",earthquake,12.2,1.888,0.122,20,reviewed,us,us
2026-09-13T22:44:41.189Z,22.7027,121.5961,10,4.6,mww,57,104,0.49,0.87,us,us7000th8v,2026-09-21T05:01:44.040Z,"116 km NE of Hengchun, Taiwan",earthquake,5.1,1.864,0.093,11,reviewed,us,us
2026-09-13T22:40:01.429Z,-8.1863,120.2331,10,5,mb,73,38,3.187,0.81,us,us7000th8u,2026-09-21T04:40:34.040Z,"51 km NE of Labuan Bajo, Indonesia",earthquake,6.13,1.622,0.07,66,reviewed,us,us
2026-09-13T22:17:17.416Z,21.6583,121.0319,10,4.3,mb,26,114,1.155,0.57,us,us7000tiag,2026-09-21T04:02:19.040Z,"48 km SE of Hengchun, Taiwan",earthquake,9.16,1.947,0.133,16,reviewed,us,us
2026-09-13T22:06:06.260Z,37.874168395996,-121.80316925049,16.799999237061,2.55,md,64,126,0.04467,0.1,nc,nc75435217,2026-09-14T06:10:19.119Z,"9 km SW of Brentwood, CA",earthquake,0.22,0.289999992,0.11,61,automatic,nc,nc
2026-09-13T22:05:08.615Z,34.7275,23.505,51.864,4.2,mb,33,148,1.267,0.64,us,us7000tiaf,2026-09-21T03:43:44.040Z,"54 km WSW of Kastrí, Greece",earthquake,5.62,8.614,0.115,21,reviewed,us,us
2026-09-13T21:57:13.625Z,50.3062,-174.0051,22.547,2.9,ml,22,287,1.902,0.81,us,us7000thae,2026-09-14T21:42:12.040Z,"210 km S of Atka, Alaska",earthquake,9.63,9.913,0.097,14,reviewed,us,us
2026-09-13T21:02:35.868Z,52.2928,-169.2629,35,2.9,ml,35,220,0.569,0.9,us,us7000ti6q,2026-09-18T01:48:12.040Z,"76 km SSW of Nikolski, Alaska",earthquake,5.31,2.019,0.085,18,reviewed,us,us
2026-09-13T20:40:56.849Z,52.183,-169.267,15.6,2.7,ml,22,224,0.7,0.7,ak,aka2026seoyya,2026-09-18T00:08:21.471Z,"88 km SSW of Nikolski, Alaska",earthquake,6.2,4.6032,0.2,16,reviewed,ak,ak
2026-09-13T20:36:39.200Z,17.9585,-67.058,7.98,2.46,md,11,231,0.01703,0.15,pr,pr71531738,2026-09-13T20:50:12.830Z,"2 km SSW of La Parguera, Puerto Rico",earthquake,0.61,0.62,0.064325341388855,6,reviewed,pr,pr
2026-09-13T19:54:13.900Z,-20.1573,168.9406,35,4.4,mb,24,103,2.812,0.56,us,us7000tiac,2026-09-21T16:55:02.040Z,"76 km SSW of Isangel, Vanuatu",earthquake,9.7,1.937,0.13,17,reviewed,us,us
2026-09-13T19:41:43.064Z,-20.1089,168.9078,10,4.8,mb,42,113,2.839,0.73,us,us7000th81,2026-09-24T17:32:06.040Z,"74 km SSW of Isangel, Vanuatu",earthquake,10.58,1.88,0.094,35,reviewed,us,us
2026-09-13T19:40:25.496Z,-26.1509,-66.6119,10,4.7,mb,46,54,2.863,0.78,us,us7000th7y,2026-09-24T17:19:43.040Z,"64 km W of Cafayate, Argentina",earthquake,6.25,1.889,0.088,39,reviewed,us,us
2026-09-13T19:21:35.024Z,23.5578,121.4213,12.661,4.2,mwr,57,88,0.2,0.66,us,us7000th7w,2026-09-24T16:57:37.040Z,"50 km SSW of Hualien City, Taiwan",earthquake,2.22,4.972,0.066,22,reviewed,us,us
2026-09-13T18:20:46.810Z,19.168,-155.4865,11.36,2.65,ml,45,105,0.02623,0.13,hv,hv75035027,2026-09-24T16:53:06.040Z,"3 km SSW of Pāhala, Hawaii",earthquake,0.3,0.31,0.15031318525397,36,reviewed,hv,hv
2026-09-13T18:00:23.040Z,19.160666666667,-155.48083333333,12.87,3.95,ml,61,119,0.01845,0.18,hv,hv75034997,2026-09-24T16:57:02.331Z,"4 km S of Pāhala, Hawaii",earthquake,0.36,0.26,0.20123791398203,49,reviewed,hv,hv
2026-09-13T17:55:25.301Z,6.8723,-73.0435,151.933,4.3,mb,55,83,0.974,0.79,us,us7000th7k,2026-09-24T16:49:39.019Z,"12 km S of Piedecuesta, Colombia",earthquake,7,9.891,0.082,42,reviewed,us,us
2026-09-13T17:53:45.933Z,50.409,-175.167,6.1,2.7,ml,21,278,1.6,0.5,ak,aka2026sejkan,2026-09-17T20:09:40.533Z,"192 km SSE of Adak, Alaska",earthquake,18.7,12.7101,0.1,16,reviewed,ak,ak
2026-09-13T17:30:45.140Z,39.3112,-119.0615,7.3772,2.63,ml,27,62,0.062,0.1454,nn,nn00924410,2026-09-21T16:08:34.040Z,"18 km SE of Silver Springs, Nevada",earthquake,,0.8089,0.41,18,reviewed,nn,nn
2026-09-13T16:30:43.285Z,51.406,-173.52,12.8,2.5,ml,15,299,0.9,0.5,ak,aka2026segpza,2026-09-17T16:34:23.296Z,"99 km SSE of Atka, Alaska",earthquake,18.3,9.1198,0.1,13,reviewed,ak,ak
2026-09-13T16:10:58.500Z,18.8685,-67.297833333333,5.05,3.42,md,45,195,0.4364,0.31,pr,pr71531693,2026-09-19T15:43:40.040Z,"46 km NNW of San Antonio, Puerto Rico",earthquake,0.53,0.73,0.1224335459601,24,reviewed,pr,pr
2026-09-13T15:58:24.004Z,-17.9129,-178.4,622.86,4.2,mb,25,121,2.565,0.51,us,us7000th73,2026-09-19T15:37:21.040Z,"242 km E of Levuka, Fiji",earthquake,17.99,10.975,0.132,19,reviewed,us,us
2026-09-13T15:54:57.448Z,51.935,-169.121,4.7,2.8,ml,11,251,0.9,0.6,ak,aka2026sefkwj,2026-09-17T16:31:43.330Z,"113 km S of Nikolski, Alaska",earthquake,10.9,4.7859,0.2,9,reviewed,ak,ak
2026-09-13T15:03:57.803Z,54.265,-161.129,1.3,2.5,ml,13,261,1,0.7,ak,aka2026sedsvn,2026-09-17T05:49:19.471Z,"117 km SE of King Cove, Alaska",earthquake,9.5,5.2512,0.2,11,reviewed,ak,ak
2026-09-13T14:06:10.860Z,19.411333333333,-65.263333333333,79.99,3.22,md,15,263,1.093,0.51,pr,pr71531673,2026-09-13T14:33:21.050Z,"122 km N of Culebra, Puerto Rico",earthquake,6.74,11.9,0.20014700222383,9,reviewed,pr,pr
2026-09-13T13:46:57.265Z,15.0083,-61.1587,159.136,4.1,mb,30,135,0.658,0.37,us,us7000tia4,2026-09-19T14:54:58.040Z,"16 km NNW of Basse-Pointe, Martinique",earthquake,4.07,6.89,0.166,10,reviewed,us,us
2026-09-13T13:39:12.099Z,60.794,-152.233,103.7,2.8,ml,149,29,0.3,0.8,ak,aka2026seaxgj,2026-09-17T04:41:18.630Z,"52 km WNW of Nikiski, Alaska",earthquake,2,1.3453,0.2,109,reviewed,ak,ak
2026-09-13T13:33:24.694Z,39.3122,-119.0541,6.8806,2.71,ml,32,64,0.062,0.1603,nn,nn00924404,2026-09-18T21:26:15.040Z,"18 km SE of Silver Springs, Nevada",earthquake,,0.9407,0.44,15,reviewed,nn,nn
2026-09-13T12:36:14.144Z,-33.3311,-72.5473,10,3.9,mwr,40,77,0.815,1.02,us,us7000th65,2026-09-13T13:08:44.040Z,"90 km WNW of Cartagena, Chile",earthquake,4.36,1.839,0.053,34,reviewed,us,us
2026-09-13T11:55:47.190Z,56.071,-159.864,1.2,2.5,ml,29,145,0.2,0.5,ak,aka2026sdxlny,2026-09-17T01:05:38.608Z,"30 km NW of Ivanof Bay, Alaska",earthquake,5.5,2.8342,0.2,23,reviewed,ak,ak
2026-09-13T11:09:52.200Z,40.366333333333,-124.89566666667,13.34,2.53,md,74,244,0.4299,0.23,nc,nc75434817,2026-09-23T20:07:21.615Z,"52 km W of Petrolia, CA",earthquake,0.82,1.03,0.389,46,reviewed,nc,nc
2026-09-13T10:59:51.590Z,19.557,-65.3043,16,3.53,md,14,269,1.2496,0.25,pr,pr2026256003,2026-09-13T11:31:46.470Z,"137 km NNE of Vieques, Puerto Rico",earthquake,2.84,5.52,0.07,9,reviewed,pr,pr
2026-09-13T10:20:00.004Z,31.661,-104.432,6.0999,3.4,ml,66,69,0,0.3,tx,tx2026sawssd,2026-09-14T14:26:12.169Z,"57 km S of Whites City, New Mexico",earthquake,0.66892156883406,0.53783680508547,0.1,47,reviewed,tx,tx
2026-09-13T10:15:37.069Z,52.862,-167.704,21,3.2,ml,48,215,0.6,0.5,ak,aka2026sducoy,2026-09-17T00:46:33.314Z,"78 km E of Nikolski, Alaska",earthquake,6,3.8269,0.2,36,reviewed,ak,ak
2026-09-13T10:02:57.652Z,65.767,-145.639,3.4,3.4,ml,87,39,0.3,1,ak,aka2026sdtrsy,2026-09-17T00:45:11.651Z,"44 km WNW of Central, Alaska",earthquake,2.3,1.8258,0.2,64,reviewed,ak,ak
2026-09-13T10:02:36.945Z,51.043,-178.036,20,3.5,ml,34,220,0.7,1.3,ak,aka2026sdtrjk,2026-09-13T16:06:23.939Z,"134 km SW of Adak, Alaska",earthquake,4.4,0,0.1,26,reviewed,ak,ak
2026-09-13T08:39:18.978Z,53.5114,-163.1973,10,3,ml,28,221,1.18,0.56,us,us7000th6z,2026-09-24T12:18:56.040Z,"150 km S of False Pass, Alaska",earthquake,6.12,2.012,0.081,20,reviewed,us,us
2026-09-13T08:31:15.508Z,41.5429,141.2795,125.794,4.7,mb,74,105,0.77,0.68,us,us7000th5d,2026-09-24T12:15:58.040Z,"28 km N of Mutsu, Japan",earthquake,6.88,5.988,0.029,358,reviewed,us,us
2026-09-13T07:46:40.223Z,51.3341,-178.106,35,2.6,ml,23,203,0.441,0.48,us,us7000thy9,2026-09-23T12:14:08.040Z,"118 km WSW of Adak, Alaska",earthquake,2.71,1.998,0.085,18,reviewed,us,us
2026-09-13T07:30:23.229Z,-22.3898,171.2181,97.479,5,mww,61,76,3.495,1.23,us,us7000th50,2026-09-24T12:05:07.040Z,"southeast of the Loyalty Islands",earthquake,12.16,6.737,0.065,23,reviewed,us,us
2026-09-13T07:19:23.968Z,-15.2804,167.3824,154.069,5.2,mww,47,126,6.013,0.83,us,us7000th4y,2026-09-24T11:58:03.040Z,"35 km NE of Luganville, Vanuatu",earthquake,13.67,7.274,0.061,26,reviewed,us,us
2026-09-13T07:14:45.071Z,27.3582,129.494,10,4.4,mb,21,103,2.179,0.84,us,us7000ti9r,2026-09-24T11:54:48.040Z,"65 km ESE of Isen, Japan",earthquake,5.35,1.87,0.169,10,reviewed,us,us
2026-09-13T06:54:23.103Z,31.661,-104.432,6.0999,2.9,ml,55,69,0,0.3,tx,tx2026sapxnl,2026-09-23T12:10:01.040Z,"57 km S of Whites City, New Mexico",earthquake,0.88243070904874,0.56678683033372,0.2,43,reviewed,tx,tx
2026-09-13T03:50:32.298Z,26.3045,142.2525,10,4.9,mb,50,127,9.928,0.82,us,us7000th3a,2026-09-13T04:08:55.040Z,"Bonin Islands, Japan region",earthquake,8.26,1.861,0.084,44,reviewed,us,us
2026-09-13T03:47:00.310Z,33.773833333333,-118.73566666667,-0.13,2.56,ml,53,88,0.2375,0.29,ci,ci41546488,2026-09-17T06:44:49.785Z,"27 km SSE of Malibu, CA",earthquake,0.42,0.8,0.15263810985594,116,reviewed,ci,ci
2026-09-13T03:34:13.230Z,18.883666666667,-64.34,10.29,3.39,md,11,291,0.3958,0.32,pr,pr71531623,2026-09-13T05:48:11.500Z,"77 km NE of Cruz Bay, U.S. Virgin Islands",earthquake,1.69,2.14,0.13728439927415,5,reviewed,pr,pr
2026-09-13T03:23:41.300Z,19.511166666667,-65.344666666667,7.94,3.4,md,15,259,1.199,0.49,pr,pr71531608,2026-09-13T05:15:43.860Z,"130 km NNE of Vieques, Puerto Rico",earthquake,4.76,4.32,0.12695206615371,9,reviewed,pr,pr
2026-09-13T03:23:40.560Z,19.5855,-65.2498,13,3.63,md,22,243,1.2653,0.4,pr,pr2026256002,2026-09-13T04:51:03.200Z,"141 km NNW of Charlotte Amalie, U.S. Virgin Islands",earthquake,2.36,3.7,0.08,10,reviewed,pr,pr
2026-09-13T03:00:07.490Z,18.8401,-65.3013,16,3.51,md,24,240,0.5329,0.33,pr,pr2026256001,2026-09-13T04:55:19.860Z,"59 km N of Culebra, Puerto Rico",earthquake,1.03,1.76,0.19,21,reviewed,pr,pr
2026-09-13T02:08:42.635Z,51.2163,-178.53,38.724,3.9,mb,46,188,0.382,0.58,us,us7000th2x,2026-09-17T21:55:59.899Z,"150 km WSW of Adak, Alaska",earthquake,3.03,12.288,0.115,20,reviewed,us,us
2026-09-13T01:46:35.400Z,51.833,-169.282,2.8,2.7,ml,19,240,1,0.5,ak,aka2026sdddob,2026-09-16T18:16:16.654Z,"126 km SSW of Nikolski, Alaska",earthquake,9.4,4.7538,0.2,13,reviewed,ak,ak
2026-09-13T00:58:24.306Z,31.751,-104.336,7.074,2.9,ml,44,68,0,0.3,tx,tx2026saectr,2026-09-14T14:58:10.358Z,"47 km S of Whites City, New Mexico",earthquake,0.65549725997771,0.74635583110948,0.2,34,reviewed,tx,tx
2026-09-13T00:27:14.337Z,34.0948,136.4639,363.517,4.1,mb,62,120,1.336,0.72,us,us7000th2e,2026-09-13T21:59:12.040Z,"24 km E of Owase, Japan",earthquake,10,6.746,0.067,63,reviewed,us,us
2026-09-12T23:33:47.081Z,51.617,-174.635,11.9,2.5,ml,21,249,0.6,0.4,ak,aka2026scysfg,2026-09-16T16:10:42.437Z,"71 km SSW of Atka, Alaska",earthquake,8.7,4.1897,0.1,16,reviewed,ak,ak
2026-09-12T23:15:48.064Z,52.193,-169.566,39.4,2.5,ml,17,227,0.6,0.5,ak,aka2026scycll,2026-09-16T16:09:23.575Z,"95 km SSW of Nikolski, Alaska",earthquake,10.9,14.4934,0.1,12,reviewed,ak,ak
2026-09-12T23:01:48.740Z,19.765833333333,-65.328666666667,21.65,3.4,md,9,281,1.449,0.33,pr,pr71531573,2026-09-12T23:32:14.040Z,"157 km NNE of Vieques, Puerto Rico",earthquake,1.98,31.61,0.036813090943692,3,reviewed,pr,pr
2026-09-12T22:52:29.720Z,38.514166666667,-112.8995,3.65,3.13,ml,36,45,0.00415,0.17,uu,uu80156586,2026-09-15T17:35:25.820Z,"16 km NE of Milford, Utah",earthquake,0.27,0.29,0.15852121453444,26,reviewed,uu,uu
2026-09-12T22:40:25.549Z,-10.7938,166.08,188.728,4.3,mb,24,100,6.186,0.36,us,us7000th23,2026-09-13T00:01:01.040Z,"31 km ESE of Lata, Solomon Islands",earthquake,10.28,8.507,0.142,14,reviewed,us,us
2026-09-12T22:14:03.350Z,-3.4008,152.3384,366.985,4.3,mb,23,152,0.804,0.76,us,us7000th21,2026-09-12T22:38:18.040Z,"90 km NNE of Rabaul, Papua New Guinea",earthquake,9.2,5.911,0.133,16,reviewed,us,us
2026-09-12T20:54:55.100Z,19.582833333333,-65.273166666667,72.04,3.41,md,15,273,1.26,0.23,pr,pr71531543,2026-09-13T12:26:58.040Z,"141 km NNE of Vieques, Puerto Rico",earthquake,2.78,6.86,0.044380168759789,8,reviewed,pr,pr
2026-09-12T20:32:57.905Z,29.3365,130.3836,35.096,5.1,mww,106,89,2.166,0.88,us,us7000th1q,2026-09-24T16:46:59.528Z,"99 km S of Yudomari, Japan",earthquake,6.81,6.58,0.068,21,reviewed,us,us
2026-09-12T19:46:16.403Z,54.0607,-163.3739,35,2.6,ml,21,216,0.624,0.64,us,us7000thw4,2026-09-19T17:42:16.040Z,"88 km S of False Pass, Alaska",earthquake,4.78,2.013,0.105,12,reviewed,us,us
2026-09-12T19:18:43.102Z,33.6477,139.2798,15.235,4.2,mb,29,148,2.516,0.67,us,us7000ti4d,2026-09-21T16:26:35.040Z,"118 km SSE of Shimoda, Japan",earthquake,8.01,5.334,0.128,17,reviewed,us,us
2026-09-12T19:18:05.903Z,61.29,-146.12,12.7,3.5,ml,165,20,0.2,1.3,ak,aka2026scqemw,2026-09-24T16:37:50.040Z,"21 km NE of Valdez, Alaska",earthquake,1.6,1.3328,0.1,118,automatic,ak,ak
2026-09-12T19:09:26.227Z,53.963,-157.2289,10,2.8,ml,16,239,2.412,0.41,us,us7000th2v,2026-09-13T12:43:34.040Z,"249 km SSE of Perryville, Alaska",earthquake,8.56,2.016,0.128,8,reviewed,us,us
2026-09-12T19:06:58.328Z,50.788,-179.184,11.6,2.5,ml,21,239,0.8,0.9,ak,aka2026scpvak,2026-09-13T02:08:49.574Z,"214 km SW of Adak, Alaska",earthquake,6,3.2702,0.1,14,reviewed,ak,ak
2026-09-12T18:50:40.096Z,20.164,144.9983,172.029,3.9,mb,23,139,4.961,0.64,us,us7000ti4c,2026-09-25T13:22:55.040Z,"Maug Islands region, Northern Mariana Islands",earthquake,13.78,8.952,0.128,16,reviewed,us,us
2026-09-12T18:39:21.810Z,38.8195,-122.7645,1.44,2.81,md,106,34,0.01174,0.1,nc,nc75434347,2026-09-24T16:35:24.040Z,"4 km W of Cobb, CA",earthquake,0.1,0.17,0.198,90,reviewed,nc,nc
2026-09-12T18:26:16.594Z,49.485,-178.879,20,2.9,ml,15,283,2.1,1.3,ak,aka2026scolzh,2026-09-13T02:06:29.939Z,"south of the Aleutian Islands",earthquake,9.6,0,0.1,9,reviewed,ak,ak
2026-09-12T18:16:31.532Z,52.1582,-169.4308,35,3.3,ml,22,219,0.654,0.89,us,us7000thr1,2026-09-19T17:39:06.040Z,"95 km SSW of Nikolski, Alaska",earthquake,5.75,2.018,0.077,22,reviewed,us,us
2026-09-12T17:51:44.742Z,38.1323,20.2022,28.35,4.8,mww,95,47,1.666,0.65,us,us7000th16,2026-09-24T16:30:42.975Z,"21 km WSW of Lixoúri, Greece",earthquake,4.44,4.901,0.071,19,reviewed,us,us
2026-09-12T17:25:16.497Z,52.188,-173.197,3.9,2.6,ml,16,332,0.5,0.6,ak,aka2026scmkow,2026-09-13T02:00:41.178Z,"68 km E of Atka, Alaska",earthquake,23.4,4.4943,0.2,12,reviewed,ak,ak
2026-09-12T16:51:23.250Z,18.9743,-64.5933,8,3.56,md,8,265,0.5201,0.52,pr,pr2026255005,2026-09-15T18:13:28.040Z,"74 km NNE of Cruz Bay, U.S. Virgin Islands",earthquake,4.72,6.86,0.21,5,reviewed,pr,pr
2026-09-12T16:04:36.167Z,-17.2664,-70.3681,122.677,4.3,mb,45,140,0.907,0.96,us,us7000th0g,2026-09-15T17:46:32.040Z,"1 km E of Camilaca, Peru",earthquake,7.39,6.666,0.09,36,reviewed,us,us
2026-09-12T15:56:08.082Z,-14.7118,167.2146,174.756,4.5,mb,52,51,6.443,0.56,us,us7000th0h,2026-09-15T17:15:39.040Z,"39 km NNE of Port-Olry, Vanuatu",earthquake,10.2,7.337,0.08,52,reviewed,us,us
2026-09-12T15:21:18.494Z,51.789,-173.346,13.3,3.4,ml,33,206,0.7,0.5,ak,aka2026scihfk,2026-09-15T22:30:24.550Z,"74 km SE of Atka, Alaska",earthquake,7.8,3.059,0.1,25,reviewed,ak,ak
2026-09-12T15:08:24.367Z,50.1206,177.0736,10,2.9,ml,12,322,1.894,1.03,us,us7000th0v,2026-09-15T17:04:48.040Z,"Rat Islands, Aleutian Islands, Alaska",earthquake,5.76,2.027,0.091,16,reviewed,us,us
2026-09-12T15:00:01.756Z,14.4051,122.4372,10,4,mb,10,267,9.004,0.85,us,us7000th04,2026-09-15T16:54:54.040Z,"10 km NW of Capalonga, Philippines",earthquake,10.61,2.022,0.173,9,reviewed,us,us
2026-09-12T14:32:06.478Z,-5.4603,154.8476,313.364,4.4,mb,40,88,2.957,0.75,us,us7000th00,2026-09-15T16:38:40.040Z,"116 km NW of Arawa, Papua New Guinea",earthquake,9.56,7.995,0.094,33,reviewed,us,us
2026-09-12T13:26:33.240Z,59.99,-152.526,102.9,2.9,ml,170,56,0.1,0.8,ak,aka2026scekwe,2026-09-15T20:40:07.417Z,"44 km W of Happy Valley, Alaska",earthquake,2.1,1.2078,0.2,99,reviewed,ak,ak
2026-09-12T12:46:16.016Z,-5.1136,153.3109,41.179,4.6,mb,26,81,1.465,0.73,us,us7000ti41,2026-09-23T09:28:03.040Z,"143 km SE of Kokopo, Papua New Guinea",earthquake,9.41,6.752,0.119,21,reviewed,us,us
2026-09-12T12:45:06.821Z,6.0372,126.9902,10,4.4,mb,14,141,1.737,1,us,us7000ti42,2026-09-23T09:07:54.040Z,"96 km ESE of Pondaguitan, Philippines",earthquake,13.4,1.945,0.148,13,reviewed,us,us
2026-09-12T11:48:02.770Z,19.4501,-67.7338,69,3.6,md,19,211,1.1383,0.43,pr,pr2026255004,2026-09-23T08:29:23.040Z,"119 km NE of Punta Cana, Dominican Republic",earthquake,2.96,7.66,0.12,17,reviewed,pr,pr
2026-09-12T11:32:19.100Z,33.937333333333,-118.304,19.44,2.65,ml,145,41,0.02436,0.22,ci,ci41545920,2026-09-23T08:03:47.040Z,"4 km E of Lennox, CA",earthquake,0.13,0.22,0.17344378865694,25,reviewed,ci,ci
2026-09-12T11:16:11.650Z,4.4611,-76.8685,68.129,4.7,mb,53,98,2.175,1.46,us,us7000tgyx,2026-09-23T07:51:27.224Z,"32 km SW of Sipí, Colombia",earthquake,7.23,7.793,0.037,222,reviewed,us,us
2026-09-12T11:13:58.630Z,33.258833333333,-118.065,10.68,3.31,ml,75,110,0.2383,0.28,ci,ci41545880,2026-09-23T07:29:43.040Z,"26 km ESE of Avalon, CA",earthquake,0.26,0.9,0.16854950398482,258,reviewed,ci,ci
2026-09-12T11:11:59.220Z,33.254166666667,-118.0675,10.77,2.95,ml,56,116,0.2378,0.27,ci,ci41545872,2026-09-23T07:23:27.040Z,"26 km ESE of Avalon, CA",earthquake,0.31,1.03,0.17184151513435,208,reviewed,ci,ci
2026-09-12T11:05:46.433Z,-56.2951,-26.9013,102.352,4.9,mb,30,67,5.836,0.79,us,us7000tgyw,2026-09-23T07:20:17.040Z,"South Sandwich Islands region",earthquake,12.33,7.797,0.106,28,reviewed,us,us
2026-09-12T11:03:25.570Z,33.244166666667,-118.07366666667,12.32,2.54,ml,52,174,0.2365,0.24,ci,ci41545864,2026-09-23T07:17:22.040Z,"26 km ESE of Avalon, CA",earthquake,0.39,2.21,0.13750972269001,177,reviewed,ci,ci
2026-09-12T10:14:22.243Z,53.1417,-167.0748,35,3.6,mb,31,207,0.57,0.77,us,us7000th0t,2026-09-23T07:12:56.040Z,"89 km SSW of Unalaska, Alaska",earthquake,3.2,1.995,0.176,8,reviewed,us,us
2026-09-12T09:52:33.700Z,17.980333333333,-66.810333333333,14.39,2.6,md,30,157,0.04332,0.14,pr,pr71531473,2026-09-12T11:03:26.010Z,"1 km SSE of Indios, Puerto Rico",earthquake,0.28,0.47,0.15366348883832,17,reviewed,pr,pr
2026-09-12T09:38:15.510Z,19.3885,-155.275,1.9,2.61,ml,35,44,0.006634,0.1,hv,hv75034072,2026-09-23T06:56:34.040Z,"7 km SW of Volcano, Hawaii",earthquake,0.13,0.12,0.46284589753843,27,reviewed,hv,hv
2026-09-12T09:35:49.382Z,-13.4125,166.4985,43.204,4.8,mb,28,156,7.407,0.8,us,us7000tgyh,2026-09-23T06:48:47.040Z,"124 km WNW of Sola, Vanuatu",earthquake,7.05,6.701,0.122,21,reviewed,us,us
2026-09-12T08:58:42.130Z,19.0138,-67.726,76,3.51,md,21,181,0.8225,0.48,pr,pr2026255003,2026-09-12T10:38:51.294Z,"86 km ENE of Punta Cana, Dominican Republic",earthquake,3.4,5.92,0.1,14,reviewed,pr,pr
2026-09-12T08:46:38.186Z,-14.4855,-76.2161,24.123,4.5,mb,42,154,2.557,0.5,us,us7000tgy2,2026-09-12T09:47:54.066Z,"63 km WSW of Santiago, Peru",earthquake,11.25,6.825,0.062,77,reviewed,us,us
2026-09-12T08:17:32.691Z,14.0675,-92.4769,35,4.2,mb,68,166,2.226,0.55,us,us7000tgxv,2026-09-12T08:53:39.040Z,"57 km SSW of Ocós, Guatemala",earthquake,6.17,1.949,0.048,123,reviewed,us,us
2026-09-12T07:50:53.478Z,50.985,-176.095,10.8,2.7,ml,18,262,0.9,0.3,ak,aka2026sbtgqr,2026-09-15T18:24:53.628Z,"105 km SSE of Adak, Alaska",earthquake,9.7,7.1199,0.1,7,reviewed,ak,ak
2026-09-12T07:50:07.589Z,51.015,-176.11,16.9,2.6,ml,22,244,0.9,0.4,ak,aka2026sbtfxa,2026-09-15T18:25:00.364Z,"102 km SSE of Adak, Alaska",earthquake,5.7,5.2757,0.1,18,reviewed,ak,ak
2026-09-12T07:47:38.613Z,51.618,-172.82,0,2.7,ml,14,321,1,0.9,ak,aka2026sbteba,2026-09-12T16:39:05.077Z,"114 km SE of Atka, Alaska",earthquake,10.8,0,0.2,11,reviewed,ak,ak
2026-09-12T07:43:42.737Z,51.849,-172.557,29.2,2.9,ml,20,208,1,0.7,ak,aka2026sbtajy,2026-09-15T18:20:50.310Z,"119 km ESE of Atka, Alaska",earthquake,10.6,9.914,0.1,16,reviewed,ak,ak
2026-09-12T07:34:56.650Z,33.929833333333,-118.3025,19.12,2.62,ml,123,44,0.02162,0.25,ci,ci41545392,2026-09-14T16:41:16.734Z,"5 km WNW of Willowbrook, CA",earthquake,0.17,0.29,0.14596518252124,210,reviewed,ci,ci
2026-09-12T07:25:55.810Z,37.862833333333,-121.82083333333,15.9,3.12,ml,193,25,0.05419,0.19,nc,nc75434122,2026-09-22T19:28:45.751Z,"9 km ENE of Blackhawk, CA",earthquake,0.13,0.24,0.216,127,reviewed,nc,nc
2026-09-12T07:22:53.994Z,51.826,-172.584,10.9,3.1,ml,27,209,1,1.1,ak,aka2026sbsiuh,2026-09-12T16:36:09.063Z,"118 km ESE of Atka, Alaska",earthquake,8.3,3.8511,0.1,20,reviewed,ak,ak
2026-09-12T07:16:57.015Z,51.455,-176.436,26.3,3.2,ml,37,210,0.4,0.6,ak,aka2026sbsdex,2026-09-15T18:18:05.897Z,"48 km SSE of Adak, Alaska",earthquake,6.8,2.611,0.2,29,reviewed,ak,ak
2026-09-12T06:45:20.260Z,18.9516,-64.5776,9,3.53,md,23,260,0.4933,0.29,pr,pr2026255002,2026-09-12T07:42:05.424Z,"72 km NNE of Cruz Bay, U.S. Virgin Islands",earthquake,1.37,1.82,0.16,18,reviewed,pr,pr
2026-09-12T06:44:00.981Z,45.6383,-113.5804,23.263,2.7,ml,52,36,0.123,0.69,us,us7000tgxl,2026-09-14T23:30:21.270Z,"10 km WNW of Wisdom, Montana",earthquake,3.2,2.73,0.035,110,reviewed,us,us
2026-09-12T06:38:26.850Z,62.834,-149.049,70.3,3.9,ml,235,20,0.1,1,ak,aka2026sbqvff,2026-09-17T21:37:16.562Z,"62 km S of Cantwell, Alaska",earthquake,1.4,2.0006,0.1,158,reviewed,ak,ak
2026-09-12T06:27:03.449Z,53.896,-157.267,23.2,2.8,ml,15,287,2.5,0.7,ak,aka2026sbqnau,2026-09-12T16:27:34.633Z,"254 km SSE of Perryville, Alaska",earthquake,25.7,25.1597,0.2,9,reviewed,ak,ak
2026-09-12T06:14:30.594Z,-6.0912,130.5082,134.354,4.8,mb,58,53,6.738,0.6,us,us7000tgxg,2026-09-12T06:31:47.040Z,"253 km WSW of Tual, Indonesia",earthquake,5.92,7.6,0.079,50,reviewed,us,us
2026-09-12T05:46:37.290Z,34.387333333333,-119.25833333333,6.04,2.49,ml,72,44,0.03477,0.26,ci,ci41545248,2026-09-14T18:23:02.840Z,"7 km SSW of Ojai, CA",earthquake,0.21,0.58,0.12783042484408,118,reviewed,ci,ci
2026-09-12T05:25:49.260Z,41.7515,-109.806,3.82,3.79,ml,19,214,0.03623,0.18,uu,uu80156391,2026-09-14T14:12:04.364Z,"22 km NE of Granger, Wyoming",earthquake,1.6,0.82,0.20470583614314,33,reviewed,uu,uu
2026-09-12T05:08:24.716Z,59.834,-153.291,129.5,2.9,ml,155,53,0.1,0.8,ak,aka2026sbnvva,2026-09-15T18:05:08.231Z,"46 km E of Pedro Bay, Alaska",earthquake,2.6,1.1747,0.2,112,reviewed,ak,ak
2026-09-12T05:08:24.039Z,1.0665,126.5851,44.24,4.7,mb,50,75,14.429,0.64,us,us7000tgx2,2026-09-12T05:24:42.040Z,"94 km WNW of Ternate, Indonesia",earthquake,6.38,7.46,0.081,46,reviewed,us,us
2026-09-12T05:03:55.754Z,51.365,-169.86,20,2.9,ml,13,250,1.5,2.5,ak,aka2026sbnrvf,2026-09-12T16:23:45.089Z,"187 km SSW of Nikolski, Alaska",earthquake,13.4,0,0.2,10,reviewed,ak,ak
2026-09-12T04:47:18.783Z,50.308,-173.115,20,3.1,ml,21,301,2,1.2,ak,aka2026sbndnt,2026-09-12T16:02:26.301Z,"223 km SSE of Atka, Alaska",earthquake,7.9,0,0.1,15,reviewed,ak,ak
2026-09-12T04:38:24.248Z,52.201,-168.468,29.5,2.6,ml,15,272,0.8,0.3,ak,aka2026sbmvwh,2026-09-15T18:00:55.059Z,"86 km SSE of Nikolski, Alaska",earthquake,9.4,6.9597,0.1,13,reviewed,ak,ak
2026-09-12T04:27:29.674Z,53.933,-157.177,10,3.3,ml,44,238,2.1,0.6,ak,aka2026sbmmat,2026-09-15T17:58:15.993Z,"253 km SSE of Perryville, Alaska",earthquake,5.7,0,0.2,33,reviewed,ak,ak
2026-09-12T04:17:36.910Z,48.421333333333,-122.30116666667,13.39,2.56,ml,49,34,0.08075,0.2,uw,uw714100441,2026-09-13T11:30:56.140Z,"2 km E of Mount Vernon, Washington",earthquake,0.27,0.69,0.15572402309639,37,reviewed,uw,uw
2026-09-12T04:01:16.630Z,19.6536,-65.5476,19,3.63,md,15,238,1.3719,0.42,pr,pr2026255001,2026-09-12T06:35:46.913Z,"139 km NNE of Suárez, Puerto Rico",earthquake,2.39,5.71,0.07,8,reviewed,pr,pr
2026-09-12T03:43:22.896Z,51.132,-178.46,19.4,3.5,ml,34,214,0.5,0.9,ak,aka2026sblaat,2026-09-12T15:55:02.525Z,"151 km SW of Adak, Alaska",earthquake,5.2,2.6185,0.2,26,reviewed,ak,ak
2026-09-12T03:34:57.594Z,-8.2634,120.6778,10,4.6,mb,14,146,3.356,0.58,us,us7000tgwe,2026-09-12T03:50:15.040Z,"45 km NNE of Ruteng, Indonesia",earthquake,10.39,1.855,0.146,14,reviewed,us,us
2026-09-12T02:47:25.290Z,19.269666666667,-64.885666666667,61.47,3.4,md,19,259,0.8816,0.34,pr,pr71531393,2026-09-12T12:58:31.380Z,"102 km N of Charlotte Amalie, U.S. Virgin Islands",earthquake,3.87,8.37,0.087761014843018,13,reviewed,pr,pr
2026-09-12T02:43:30.330Z,18.9328,-64.9091,79,3.53,md,18,240,0.5819,0.43,pr,pr2026255000,2026-09-12T04:05:28.731Z,"65 km N of Charlotte Amalie, U.S. Virgin Islands",earthquake,5.21,4.83,0.17,18,reviewed,pr,pr
2026-09-12T02:42:30.800Z,40.356666666667,-125.0075,13.56,2.59,md,58,248,0.5129,0.34,nc,nc75434022,2026-09-23T07:52:20.646Z,"61 km W of Petrolia, CA",earthquake,0.93,1.74,0.272,35,reviewed,nc,nc
2026-09-12T01:59:50.373Z,8.3545,-82.7898,10,4.7,mb,47,138,1.008,1.06,us,us7000tgw1,2026-09-12T23:32:08.660Z,"2 km NE of Manaca Norte, Panama",earthquake,4.97,1.76,0.043,164,reviewed,us,us
2026-09-12T01:52:47.575Z,44.348,-115.1751,10,3.2,ml,46,37,0.338,1.2,us,us7000tgvy,2026-09-12T02:31:39.040Z,"23 km NW of Stanley, Idaho",earthquake,2.32,1.993,0.037,96,reviewed,us,us
2026-09-12T00:55:08.418Z,-59.1348,-24.9274,10,5.1,mb,37,84,18.986,0.95,us,us7000tgvr,2026-09-12T01:14:31.040Z,"South Sandwich Islands region",earthquake,13.83,1.917,0.075,57,reviewed,us,us
2026-09-12T00:28:57.062Z,60.72,-149.627,24.7,2.7,ml,91,50,0.4,0.8,ak,aka2026sbenku,2026-09-15T15:52:56.324Z,"21 km SSW of Sunrise, Alaska",earthquake,2,1.6731,0.1,66,reviewed,ak,ak
2026-09-12T00:22:12.425Z,32.2661,-103.293,8.265,2.6,mb_lg,35,75,0.253,0.74,us,us7000tgvj,2026-09-12T01:01:31.040Z,"19 km NNW of Jal, New Mexico",earthquake,1.16,3.673,0.078,44,reviewed,us,us
2026-09-12T00:18:59.059Z,-15.606,-73.8803,98.772,4.5,mb,29,171,4.361,0.77,us,us7000tgvk,2026-09-12T00:55:38.040Z,"9 km WNW of Quicacha, Peru",earthquake,10.82,11.389,0.113,23,reviewed,us,us
2026-09-11T23:27:37.039Z,35.79683333,-96.6525,7.6,2.9,ml,92,30,0,0.14,ok,ok2026rwas,2026-09-12T18:07:08.430Z,"5 km N of Stroud, Oklahoma",earthquake,,0.3,0.24,44,reviewed,ok,ok
2026-09-11T22:49:54.535Z,60.5682,-139.9761,5,2.9,ml,34,68,0.493,1.27,us,us7000tgut,2026-09-15T02:29:59.294Z,"114 km N of Yakutat, Alaska",earthquake,3.28,1.978,0.043,70,reviewed,us,us
2026-09-11T22:32:23.645Z,-45.7183,-75.8153,10,4.9,mb,42,161,1.718,0.79,us,us7000tguq,2026-09-12T01:39:57.040Z,"235 km W of Puerto Chacabuco, Chile",earthquake,3.96,1.934,0.11,26,reviewed,us,us
2026-09-11T21:41:00.156Z,51.083,-178.386,14.6,2.6,ml,29,224,0.5,0.6,ak,aka2026sayxvo,2026-09-15T02:24:13.250Z,"150 km SW of Adak, Alaska",earthquake,6.1,2.3905,0.1,18,reviewed,ak,ak
2026-09-11T21:31:39.878Z,14.3927,-92.9171,35,4,mb,20,189,2.023,0.82,us,us7000tgrn,2026-09-13T21:42:43.040Z,"64 km SW of Puerto Madero, Mexico",earthquake,7.92,1.968,0.119,19,reviewed,us,us
2026-09-11T21:23:55.907Z,-4.9832,106.8742,372,6.5,mww,116,23,5.557,0.73,us,us7000tgrk,2026-09-12T21:29:59.017Z,"126 km NNE of Teluknaga, Indonesia",earthquake,9.17,1.949,0.043,51,reviewed,us,us
2026-09-11T20:56:41.181Z,18.9717,-73.2043,10,4.1,mb,16,161,1.54,0.82,us,us7000tgrb,2026-09-11T21:35:58.040Z,"38 km WNW of Anse à Galets, Haiti",earthquake,5.2,1.964,0.175,10,reviewed,us,us
2026-09-11T20:38:14.800Z,40.393833333333,-125.44416666667,10,2.65,md,58,272,0.8485,0.3,nc,nc75433852,2026-09-21T20:07:20.130Z,"99 km W of Petrolia, CA",earthquake,1.26,31.61,0.305,37,reviewed,nc,nc
2026-09-11T19:48:41.094Z,56.305,-152.782,20.1,2.5,ml,19,277,0.8,0.8,ak,aka2026savely,2026-09-11T22:05:11.040Z,"104 km SSE of Old Harbor, Alaska",earthquake,7.9,4.9376,0.1,12,reviewed,ak,ak
2026-09-11T19:43:02.473Z,-7.1907,110.0026,10,4.4,mb,25,52,2.399,0.54,us,us7000ti3h,2026-09-18T14:56:05.040Z,"21 km NNE of Wonosobo, Indonesia",earthquake,11.28,1.889,0.12,20,reviewed,us,us
2026-09-11T19:41:36.742Z,56.155,-152.768,13.1,2.6,ml,22,255,0.9,0.4,ak,aka2026sauylw,2026-09-15T15:53:41.040Z,"121 km SSE of Old Harbor, Alaska",earthquake,21.3,10.2952,0.1,18,reviewed,ak,ak
2026-09-11T19:17:06.508Z,56.294,-152.967,22.7,3.2,ml,31,274,0.7,0.6,ak,aka2026saudea,2026-09-15T00:12:58.451Z,"103 km SSE of Old Harbor, Alaska",earthquake,7.8,4.6637,0.1,25,reviewed,ak,ak
2026-09-11T19:16:38.016Z,51.5,178.715,12.4,2.6,ml,17,236,0.4,0.5,ak,aka2026saucqu,2026-09-15T00:11:48.779Z,"Rat Islands, Aleutian Islands, Alaska",earthquake,6.6,2.5577,0.2,12,reviewed,ak,ak
2026-09-11T19:14:24.148Z,53.903,-156.9662,10,3.3,ml,64,210,2.54,0.66,us,us7000tgrg,2026-09-11T22:01:45.040Z,"263 km SSE of Perryville, Alaska",earthquake,7.94,2.01,0.091,16,reviewed,us,us
2026-09-11T19:12:29.243Z,51.02,-179.523,9.3,2.6,ml,23,231,0.7,0.5,ak,aka2026satzbf,2026-09-15T00:10:12.019Z,"222 km WSW of Adak, Alaska",earthquake,6.8,2.4565,0.2,15,reviewed,ak,ak
2026-09-11T18:59:48.359Z,12.9557,143.3537,200.212,4.4,mb,54,98,1.604,0.54,us,us7000tgqf,2026-09-24T16:07:41.040Z,"146 km WSW of Merizo Village, Guam",earthquake,11.56,5.016,0.068,63,reviewed,us,us
2026-09-11T18:53:29.398Z,40.0877,143.2113,22.504,4.5,mb,35,142,1.782,0.6,us,us7000tgqb,2026-09-21T16:15:13.040Z,"118 km E of Noda, Japan",earthquake,10.21,6.565,0.102,28,reviewed,us,us
2026-09-11T18:36:06.644Z,51.266,179.845,17.2,2.7,ml,20,215,0.4,0.3,ak,aka2026sastng,2026-09-15T00:03:29.624Z,"253 km WSW of Adak, Alaska",earthquake,5.7,3.1775,0.1,12,reviewed,ak,ak
2026-09-11T18:24:59.077Z,52.1985,-169.4789,35,3.1,ml,27,217,0.608,0.73,us,us7000thib,2026-09-19T17:25:35.040Z,"92 km SSW of Nikolski, Alaska",earthquake,6.05,2.017,0.085,18,reviewed,us,us
2026-09-11T18:11:04.685Z,-32.6963,-179.0913,10,4.3,mb,20,250,5.302,0.67,us,us7000ti3f,2026-09-21T15:11:24.040Z,"south of the Kermadec Islands",earthquake,15.16,2.002,0.138,15,reviewed,us,us
2026-09-11T18:09:36.744Z,51.136,-178.438,20.7,2.5,ml,23,220,0.5,0.6,ak,aka2026sarwnb,2026-09-14T23:47:28.398Z,"149 km SW of Adak, Alaska",earthquake,7,3.7147,0.2,15,reviewed,ak,ak
2026-09-11T18:05:56.263Z,54.5969,-162.5882,63.239,3,ml,32,195,0.547,0.39,us,us7000thi8,2026-09-19T17:18:03.040Z,"54 km SSW of King Cove, Alaska",earthquake,3.79,9.24,0.077,22,reviewed,us,us
2026-09-11T17:56:20.857Z,26.3399,96.4986,124.164,4.1,mb,41,111,5.312,0.61,us,us7000tgq0,2026-09-24T16:04:10.040Z,"34 km WNW of Sarupathar, India",earthquake,10.45,8.224,0.097,29,reviewed,us,us
2026-09-11T17:40:20.835Z,18.5359,146.3923,80.681,4.2,mb,26,146,3.333,0.44,us,us7000ti3d,2026-09-19T18:22:11.040Z,"Pagan region, Northern Mariana Islands",earthquake,14.23,9.332,0.118,21,reviewed,us,us
2026-09-11T17:19:04.297Z,13.9424,144.5609,186.479,4.2,mb,27,96,0.461,0.42,us,us7000ti3b,2026-09-19T17:59:35.040Z,"54 km NNW of Asan-Maina Village, Guam",earthquake,11,6.394,0.115,21,reviewed,us,us
2026-09-11T16:42:31.376Z,4.4626,-76.8003,68.328,4.7,mb,49,90,2.133,1.3,us,us7000tgpu,2026-09-18T21:25:24.094Z,"27 km SW of Sipí, Colombia",earthquake,5.32,7.327,0.063,76,reviewed,us,us
2026-09-11T16:10:55.267Z,52.103,-169.296,13.6,2.6,ml,15,292,0.7,0.3,ak,aka2026sanxpy,2026-09-14T23:30:57.629Z,"97 km SSW of Nikolski, Alaska",earthquake,20.5,8.902,0.1,12,reviewed,ak,ak
2026-09-11T15:58:12.550Z,19.201333333333,-155.37383333333,30.7,2.58,ml,53,163,0.04236,0.13,hv,hv75033287,2026-09-18T21:22:14.040Z,"11 km E of Pāhala, Hawaii",earthquake,0.37,0.43,0.20354859680555,40,reviewed,hv,hv
2026-09-11T15:44:35.533Z,-32.5696,-178.8259,35,4.9,mb,32,80,3.402,1.13,us,us7000tgpd,2026-09-18T21:13:10.040Z,"south of the Kermadec Islands",earthquake,10.96,1.881,0.104,29,reviewed,us,us
2026-09-11T14:14:05.397Z,51.1353,-178.4716,35,2.6,ml,17,214,0.471,0.28,us,us7000thi0,2026-09-18T21:05:22.040Z,"151 km WSW of Adak, Alaska",earthquake,3.42,2.014,0.097,14,reviewed,us,us
2026-09-11T14:12:21.019Z,51.7982,-177.6138,99.741,2.5,ml,17,153,0.126,0.31,us,us7000thhz,2026-09-18T21:00:16.040Z,"68 km W of Adak, Alaska",earthquake,8.42,5.549,0.097,14,reviewed,us,us
2026-09-11T14:05:59.070Z,51.597,-179.123,87.8,2.6,ml,19,156,0.2,0.5,ak,aka2026sajtlg,2026-09-11T16:32:09.362Z,"174 km W of Adak, Alaska",earthquake,14.8,3.8765,0.2,12,reviewed,ak,ak
2026-09-11T13:21:15.827Z,-20.0581,169.2953,112.609,4.1,mb,15,260,3.071,1.16,us,us7000ti37,2026-09-18T20:54:45.040Z,"57 km S of Isangel, Vanuatu",earthquake,9.44,13.155,0.157,11,reviewed,us,us
2026-09-11T13:05:31.504Z,50.973,-179.367,16.9,2.8,ml,27,233,0.9,0.6,ak,aka2026sahsvm,2026-09-14T22:50:52.652Z,"214 km WSW of Adak, Alaska",earthquake,5.2,5.6089,0.1,18,reviewed,ak,ak
2026-09-11T12:06:40.048Z,51.134,-178.486,34.6,2.5,ml,14,225,0.5,0.4,ak,aka2026saftvo,2026-09-14T22:29:06.720Z,"152 km WSW of Adak, Alaska",earthquake,9.8,8.0511,0.2,7,reviewed,ak,ak
2026-09-11T11:56:23.115Z,-7.2863,128.9383,111.763,5.9,mww,85,38,5.93,1.14,us,us7000tgl2,2026-09-12T12:04:14.404Z,"253 km ENE of Lospalos, Timor Leste",earthquake,9.56,6.411,0.053,34,reviewed,us,us
2026-09-11T11:40:39.267Z,51.056,-178.4,17.2,2.5,ml,12,226,0.6,0.4,ak,aka2026saexhu,2026-09-11T16:27:55.611Z,"152 km SW of Adak, Alaska",earthquake,7.9,4.2339,0.1,8,reviewed,ak,ak
2026-09-11T11:40:29.420Z,19.2515,-65.395833333333,20.23,3.41,md,8,252,0.9451,0.12,pr,pr71531333,2026-09-11T12:30:09.460Z,"102 km NNE of Vieques, Puerto Rico",earthquake,1.11,13.27,0.056920680446087,7,reviewed,pr,pr
2026-09-11T11:13:35.360Z,51.112,-178.435,30.1,2.5,ml,15,223,0.5,0.4,ak,aka2026sadzve,2026-09-14T22:20:51.914Z,"151 km SW of Adak, Alaska",earthquake,9.2,6.8358,0.1,7,reviewed,ak,ak
2026-09-11T11:11:32.970Z,51.194,-178.258,24,2.5,ml,18,256,0.5,0.5,ak,aka2026sadydv,2026-09-11T16:25:32.852Z,"135 km SW of Adak, Alaska",earthquake,9.7,5.9942,0.1,12,reviewed,ak,ak
2026-09-11T11:07:17.906Z,51.072,-178.405,20.3,2.7,ml,26,218,0.5,0.5,ak,aka2026sadujz,2026-09-14T22:19:02.997Z,"151 km SW of Adak, Alaska",earthquake,6.4,3.5313,0.1,19,reviewed,ak,ak
2026-09-11T10:56:26.533Z,51.083,-178.487,20.3,3.1,ml,30,223,0.5,0.7,ak,aka2026sadkzf,2026-09-14T22:17:24.528Z,"155 km SW of Adak, Alaska",earthquake,6.3,3.2931,0.2,24,reviewed,ak,ak
2026-09-11T10:52:51.596Z,51.109,-178.434,13.8,4.3,ml,44,216,0.5,0.9,ak,aka2026sadhvu,2026-09-11T16:04:19.670Z,"151 km SW of Adak, Alaska",earthquake,4.8,1.8197,0.1,32,reviewed,ak,ak
2026-09-11T10:51:55.195Z,51.087,-178.438,18.8,3.1,ml,24,223,0.5,0.7,ak,aka2026sadhaz,2026-09-11T15:56:11.659Z,"152 km SW of Adak, Alaska",earthquake,5.6,3.021,0.1,11,reviewed,ak,ak
2026-09-11T10:47:12.613Z,51.213,-178.5429,40.892,5.3,mb,107,127,0.381,1.11,us,us7000tgky,2026-09-25T10:57:17.758Z,"151 km WSW of Adak, Alaska",earthquake,5.05,4.591,0.024,600,reviewed,us,us
2026-09-11T10:19:23.350Z,34.909333333333,-117.99216666667,8.28,2.62,ml,86,46,0.0282,0.16,ci,ci41544704,2026-09-11T22:37:13.760Z,"6 km W of Edwards Air Force Base, CA",earthquake,0.11,0.39,0.22967976282988,26,reviewed,ci,ci
2026-09-11T09:45:47.960Z,50.907,-179.555,1.9,2.9,ml,22,241,0.9,0.3,ak,aka2026sabbsg,2026-09-14T22:10:21.636Z,"230 km WSW of Adak, Alaska",earthquake,9,5.3455,0.1,15,reviewed,ak,ak
2026-09-11T08:59:58.609Z,79.5726,5.088,10,4.5,mb,17,111,1.446,0.6,us,us7000tgkg,2026-09-24T11:40:57.040Z,"271 km WNW of Longyearbyen, Svalbard and Jan Mayen",earthquake,11.15,1.286,0.156,12,reviewed,us,us
2026-09-11T08:43:53.802Z,50.756,-174.757,3.1,2.9,ml,18,283,1.4,0.4,ak,aka2026rzzaax,2026-09-14T21:59:41.185Z,"164 km SSW of Atka, Alaska",earthquake,12.4,9.1406,0.1,13,reviewed,ak,ak
2026-09-11T08:39:27.147Z,53.9111,-163.0354,35,2.5,ml,16,247,0.844,0.97,us,us7000thh9,2026-09-23T06:20:43.040Z,"107 km SSE of False Pass, Alaska",earthquake,4.47,2.02,0.115,10,reviewed,us,us
2026-09-11T08:12:14.440Z,19.3271,-65.2708,90,3.75,md,19,260,1.0196,0.49,pr,pr2026254000,2026-09-23T06:14:33.040Z,"113 km N of Culebra, Puerto Rico",earthquake,4.87,7.45,0.08,17,reviewed,pr,pr
2026-09-11T07:42:30.979Z,53.9229,-163.0085,9.007,2.8,ml,24,224,0.842,0.52,us,us7000thh5,2026-09-23T05:37:59.040Z,"106 km SSE of False Pass, Alaska",earthquake,3.58,7.701,0.091,16,reviewed,us,us
2026-09-11T07:31:46.340Z,54.0611,-163.1545,50.317,4.5,mb,58,151,0.679,0.58,us,us7000tgk1,2026-09-23T05:25:09.040Z,"89 km S of False Pass, Alaska",earthquake,4.75,7.811,0.049,119,reviewed,us,us
2026-09-11T07:29:54.951Z,51.998,-169.362,18.7,2.7,ml,19,293,0.8,0.5,ak,aka2026rzwnza,2026-09-14T21:15:00.631Z,"110 km SSW of Nikolski, Alaska",earthquake,17.9,12.6254,0.2,14,reviewed,ak,ak
2026-09-11T07:24:10.695Z,-0.2586,123.6096,154.914,4.3,mb,19,156,6.096,0.66,us,us7000tgk0,2026-09-20T08:12:01.040Z,"107 km SE of Gorontalo, Indonesia",earthquake,10.07,10.584,0.133,16,reviewed,us,us
2026-09-11T07:23:56.688Z,51.974,-169.311,17.7,2.7,ml,15,296,0.9,0.4,ak,aka2026rzwirm,2026-09-14T20:54:07.265Z,"111 km SSW of Nikolski, Alaska",earthquake,17.4,11.827,0.1,13,reviewed,ak,ak
2026-09-11T07:10:22.460Z,62.17,-147.835,27.2,4,ml,199,13,0.4,1,ak,aka2026rzvwxv,2026-09-20T08:08:24.040Z,"41 km NNW of Glacier View, Alaska",earthquake,1.4,1.7997,0.2,141,reviewed,ak,ak
2026-09-11T07:06:53.286Z,69.51,-144.216,4.3,2.5,ml,31,103,0.2,0.8,ak,aka2026rzvtzq,2026-09-20T07:25:55.040Z,"73 km SSW of Kaktovik, Alaska",earthquake,6,4.2524,0.2,21,reviewed,ak,ak
2026-09-11T07:04:54.348Z,-19.686,-69.3914,100.893,4,mb,17,95,0.187,0.9,us,us7000tgjw,2026-09-20T07:22:47.040Z,"41 km S of Camiña, Chile",earthquake,5.76,6.48,0.183,8,reviewed,us,us
2026-09-11T06:21:22.217Z,52.167,-169.168,8.3,2.9,ml,28,230,0.7,0.7,ak,aka2026rzugkb,2026-09-14T20:46:03.956Z,"88 km SSW of Nikolski, Alaska",earthquake,7.7,4.8179,0.1,22,reviewed,ak,ak
2026-09-11T05:44:35.710Z,13.9298,-92.9367,10,4.2,mb,39,194,2.463,0.84,us,us7000tgjp,2026-09-11T07:25:16.040Z,"102 km SW of Brisas Barra de Suchiate, Mexico",earthquake,8.88,1.979,0.067,63,reviewed,us,us
2026-09-11T05:41:43.505Z,51.4728,-178.3759,8.65,2.8,ml,19,194,0.285,0.53,us,us7000th3g,2026-09-14T20:43:36.195Z,"128 km WSW of Adak, Alaska",earthquake,1.84,8.255,0.085,18,reviewed,us,us
2026-09-11T05:30:43.960Z,56.678,-148.838,5,2.9,ml,20,253,2.3,0.8,ak,aka2026rzsofv,2026-09-14T20:42:35.599Z,"232 km ESE of Chiniak, Alaska",earthquake,12.7,0,0.2,14,reviewed,ak,ak
2026-09-11T04:13:09.545Z,53.154,-165.02,25.2,2.5,ml,22,239,1,0.6,ak,aka2026rzpzhx,2026-09-14T20:12:00.630Z,"119 km SSE of Akutan, Alaska",earthquake,10.9,12.2701,0.1,18,reviewed,ak,ak
2026-09-11T04:02:17.055Z,50.587,-175.465,17.4,2.9,ml,15,270,1.4,0.7,ak,aka2026rzppur,2026-09-14T20:07:52.904Z,"164 km SSE of Adak, Alaska",earthquake,21,14.896,0.1,10,reviewed,ak,ak
2026-09-11T03:55:42.186Z,53.096,-163.445,29.7,2.8,ml,39,233,1.5,0.5,ak,aka2026rzpklh,2026-09-14T20:04:05.470Z,"192 km SE of Akutan, Alaska",earthquake,11.1,12.3078,0.2,30,reviewed,ak,ak
2026-09-11T02:56:38.814Z,58.991,-152.598,58,2.9,ml,115,86,0.4,0.7,ak,aka2026rznkxu,2026-09-14T19:36:32.779Z,"56 km SW of Nanwalek, Alaska",earthquake,2.4,2.4486,0.1,85,reviewed,ak,ak
2026-09-11T02:53:37.792Z,52.098,-169.19,11.1,3.4,ml,27,231,0.8,0.6,ak,aka2026rznigr,2026-09-14T19:33:29.786Z,"96 km SSW of Nikolski, Alaska",earthquake,6.9,3.2297,0.1,20,reviewed,ak,ak
2026-09-11T02:48:28.211Z,51.173,-177.356,12.6,2.8,ml,22,216,0.6,0.5,ak,aka2026rzndvf,2026-09-14T19:29:38.285Z,"92 km SSW of Adak, Alaska",earthquake,7.2,3.3222,0.1,18,reviewed,ak,ak
2026-09-11T02:28:13.071Z,-18.9259,169.3953,18.748,4.9,mb,28,105,4.096,0.55,us,us7000tgij,2026-09-11T02:44:52.040Z,"69 km N of Isangel, Vanuatu",earthquake,9.85,5.094,0.129,19,reviewed,us,us
2026-09-11T02:18:09.281Z,51.15,-177.462,29.1,2.5,ml,12,259,0.6,0.3,ak,aka2026rzmdox,2026-09-14T19:28:08.122Z,"98 km SW of Adak, Alaska",earthquake,12.2,5.2678,0.1,7,reviewed,ak,ak
2026-09-11T00:53:48.954Z,-0.3309,120.2972,10,4.4,mb,24,132,4.684,1.3,us,us7000tgi9,2026-09-11T02:11:46.040Z,"79 km NE of Palu, Indonesia",earthquake,11.21,1.917,0.12,20,reviewed,us,us
2026-09-10T23:54:11.264Z,55.0008,-162.8667,79.741,2.6,ml,18,160,0.196,0.91,us,us7000th46,2026-09-13T22:11:43.040Z,"22 km SSW of Cold Bay, Alaska",earthquake,5.06,4.506,0.105,12,reviewed,us,us
2026-09-10T23:27:08.295Z,54.24,-159.901,25.6,2.5,ml,18,256,1.5,0.5,ak,aka2026rzglii,2026-09-13T06:29:21.432Z,"127 km SSE of Sand Point, Alaska",earthquake,21.9,21.5889,0.1,14,reviewed,ak,ak
2026-09-10T23:03:10.729Z,65.211,-166.721,5,4,ml,48,205,0.9,1,ak,aka2026rzfqpv,2026-09-17T21:08:48.904Z,"8 km SE of Port Clarence, Alaska",earthquake,7.4,3.528,0.1,28,reviewed,ak,ak
2026-09-10T22:54:14.162Z,-13.3249,167.3321,49.877,4.9,mb,28,161,7.753,0.98,us,us7000tghk,2026-09-10T23:18:39.040Z,"65 km NNW of Sola, Vanuatu",earthquake,15.61,6.246,0.136,17,reviewed,us,us
2026-09-10T22:26:46.790Z,40.764166666667,-124.33033333333,26.62,2.45,md,44,187,0.1179,0.16,nc,nc75433362,2026-09-22T11:07:21.333Z,"12 km W of Bayview, CA",earthquake,0.53,0.89,0.167,35,reviewed,nc,nc
2026-09-10T21:38:54.688Z,53.8111,-161.8418,10,2.6,ml,12,291,1.323,0.99,us,us7000th49,2026-09-13T22:07:47.040Z,"142 km SSE of King Cove, Alaska",earthquake,6.94,2.02,0.148,6,reviewed,us,us
2026-09-10T21:25:18.880Z,63.252,-150.504,126.1,2.7,ml,77,33,0.7,0.7,ak,aka2026rzcjwo,2026-09-13T06:39:16.274Z,"68 km ESE of Denali National Park, Alaska",earthquake,2.2,2.4808,0.3,55,reviewed,ak,ak
2026-09-10T21:14:01.954Z,51.6792,178.5833,100.086,4,mb,35,169,0.253,0.83,us,us7000tghu,2026-09-10T23:55:03.040Z,"Rat Islands, Aleutian Islands, Alaska",earthquake,6.73,5.39,0.125,17,reviewed,us,us
2026-09-10T20:36:38.560Z,38.860833333333,-122.829,0.9,2.99,md,72,46,0.007581,0.05,nc,nc75433297,2026-09-22T10:47:34.192Z,"10 km WNW of Cobb, CA",earthquake,0.09,0.12,0.22,64,reviewed,nc,nc
2026-09-10T20:36:17.200Z,38.8575,-122.83033333333,1.56,2.84,md,89,29,0.006147,0.09,nc,nc75433302,2026-09-22T09:37:23.697Z,"10 km WNW of Cobb, CA",earthquake,0.09,0.14,0.199,69,reviewed,nc,nc
2026-09-10T18:57:11.977Z,36.8038,74.3388,61.034,4.1,mb,21,97,2.107,0.97,us,us7000thvx,2026-09-24T16:50:50.040Z,"62 km NNW of Barishal, Pakistan",earthquake,7.49,11.811,0.233,5,reviewed,us,us
2026-09-10T18:44:40.075Z,-8.5223,127.729,10,5.3,mb,114,29,5.443,0.76,us,us7000tgf2,2026-09-24T16:12:57.367Z,"80 km E of Lospalos, Timor Leste",earthquake,8.45,1.711,0.056,107,reviewed,us,us
2026-09-10T18:21:19.077Z,-34.7752,-109.1447,10,5.4,mww,96,48,20.538,0.54,us,us7000tgey,2026-09-24T15:39:40.681Z,"southern East Pacific Rise",earthquake,12.36,1.795,0.086,13,reviewed,us,us
2026-09-10T18:08:47.970Z,33.2456,35.3376,10,4.1,mb,20,131,1.183,1.07,us,us7000tgev,2026-09-24T15:18:39.668Z,"13 km ESE of Tyre, Lebanon",earthquake,4.11,1.876,0.15,14,reviewed,us,us
2026-09-10T18:04:04.276Z,9.1718,-84.1473,35,4.6,mb,77,69,0.826,0.91,us,us7000tget,2026-09-23T21:51:50.499Z,"28 km S of Quepos, Costa Rica",earthquake,6.29,1.804,0.056,94,reviewed,us,us
2026-09-10T17:54:22.881Z,-34.8042,-108.9866,10,4.4,mb,14,107,31.882,0.43,us,us7000thvw,2026-09-23T20:47:46.040Z,"southern East Pacific Rise",earthquake,11.36,1.86,0.17,10,reviewed,us,us
2026-09-10T16:55:18.590Z,53.4795,-163.1748,35,2.9,ml,31,224,1.214,0.58,us,us7000thas,2026-09-14T14:17:00.040Z,"153 km S of False Pass, Alaska",earthquake,6.08,2.02,0.097,14,reviewed,us,us
2026-09-10T16:53:33.841Z,27.1446,103.0297,10,4.7,mb,51,91,7.301,0.49,us,us7000tgel,2026-09-18T20:26:25.577Z,"70 km WSW of Zhaotong, China",earthquake,10.54,1.887,0.08,48,reviewed,us,us
2026-09-10T16:19:58.263Z,52.2916,-169.3204,35,2.7,ml,14,223,0.553,1.16,us,us7000thaq,2026-09-14T13:40:17.040Z,"78 km SSW of Nikolski, Alaska",earthquake,2.85,2,0.115,10,reviewed,us,us
2026-09-10T16:08:52.630Z,18.836333333333,-64.8395,75.6,2.89,md,4,270,0.4632,0.07,pr,pr71531293,2026-09-10T16:30:45.350Z,"55 km N of Charlotte Amalie, U.S. Virgin Islands",earthquake,7.63,5.37,0.050999834626182,3,reviewed,pr,pr
2026-09-10T15:25:34.644Z,56.252,-156.545,23,2.6,ml,39,123,0.7,0.7,ak,aka2026ryqjte,2026-09-18T20:22:15.040Z,"115 km E of Chignik, Alaska",earthquake,3.7,3.6651,0.2,29,reviewed,ak,ak
2026-09-10T14:50:21.205Z,51.6994,179.9653,87.239,2.6,ml,18,132,0.271,0.27,us,us7000tge6,2026-09-11T15:40:22.040Z,"235 km W of Adak, Alaska",earthquake,4.54,4.903,0.097,14,reviewed,us,us
2026-09-10T14:36:04.510Z,52.039,-168.741,22.3,2.6,ml,12,297,0.9,0.2,ak,aka2026ryoswn,2026-09-13T07:21:08.500Z,"100 km S of Nikolski, Alaska",earthquake,9.7,7.2121,0.2,10,reviewed,ak,ak
2026-09-10T14:15:53.168Z,1.6184,-90.6441,10,4.7,mb,28,156,2.305,0.93,us,us7000tgkb,2026-09-18T19:46:57.040Z,"263 km N of Puerto Ayora, Ecuador",earthquake,13.04,1.956,0.102,29,reviewed,us,us
2026-09-10T13:47:27.603Z,51.581,-174.4688,10,2.8,ml,14,257,0.644,0.43,us,us7000th44,2026-09-13T17:13:32.040Z,"70 km SSW of Atka, Alaska",earthquake,3.58,2.003,0.115,10,reviewed,us,us
2026-09-10T13:41:18.740Z,2.7051,128.5296,242.1,4.2,mb,30,81,4.482,1.08,us,us7000thvr,2026-09-18T19:42:43.040Z,"122 km NNE of Tobelo, Indonesia",earthquake,11.81,8.535,0.136,23,reviewed,us,us
2026-09-10T13:38:17.656Z,1.5749,-90.624,10,4.4,mb,13,158,2.259,1,us,us7000tgbc,2026-09-18T19:36:49.040Z,"258 km N of Puerto Ayora, Ecuador",earthquake,15.61,1.936,0.162,11,reviewed,us,us
2026-09-10T13:35:05.103Z,11.945,143.9047,10,4.7,mb,23,111,1.885,1.21,us,us7000thvq,2026-09-19T09:11:34.188Z,"168 km SSW of Merizo Village, Guam",earthquake,7.51,1.923,0.133,17,reviewed,us,us
2026-09-10T13:29:03.836Z,14.1688,-92.9951,10,4.5,mb,35,210,2.258,0.92,us,us7000tgb4,2026-09-18T18:40:43.040Z,"86 km SW of Puerto Madero, Mexico",earthquake,9.72,1.982,0.051,115,reviewed,us,us
2026-09-10T13:28:15.938Z,12.0362,143.8288,10,5.1,mww,72,46,1.847,1.13,us,us7000tgb6,2026-09-24T13:38:28.255Z,"163 km SW of Merizo Village, Guam",earthquake,8.08,1.833,0.08,15,reviewed,us,us
2026-09-10T13:09:42.718Z,-44.491,168.3049,10,4.3,mb,20,99,0.326,0.71,us,us7000tgay,2026-09-11T14:37:36.040Z,"61 km NNW of Arthurs Point, New Zealand",earthquake,1.56,1.864,0.265,4,reviewed,us,us
2026-09-10T12:47:28.788Z,51.217,-177.842,22.7,2.5,ml,17,246,0.5,0.4,ak,aka2026rylcrn,2026-09-13T06:45:21.069Z,"111 km SW of Adak, Alaska",earthquake,8,5.0829,0.1,13,reviewed,ak,ak
2026-09-10T12:05:53.736Z,-17.8933,-65.8339,372.617,4.8,mb,83,35,1.803,1.25,us,us7000tga8,2026-09-10T12:22:14.040Z,"35 km SSE of Cliza, Bolivia",earthquake,8.7,7.423,0.026,472,reviewed,us,us
2026-09-10T11:59:25.232Z,54.465,-159.648,29.3,2.5,ml,19,275,1.5,0.5,ak,aka2026ryjncj,2026-09-13T07:16:54.129Z,"111 km SSE of Sand Point, Alaska",earthquake,32.5,31.3374,0.1,13,reviewed,ak,ak
2026-09-10T10:39:36.283Z,-3.9669,-77.3635,22.065,4.7,mb,42,102,2.408,1.26,us,us7000tg9q,2026-09-10T11:11:48.486Z,"116 km WSW of Alianza Cristiana, Peru",earthquake,6.28,5.907,0.054,105,reviewed,us,us
2026-09-10T10:22:43.298Z,52.109,-168.806,17.6,2.7,ml,26,276,0.9,0.4,ak,aka2026ryghcy,2026-09-13T07:05:50.497Z,"92 km S of Nikolski, Alaska",earthquake,13.4,9.9544,0.1,20,reviewed,ak,ak
2026-09-10T09:48:30.490Z,18.490333333333,-64.304833333333,58.93,3.16,md,4,347,0.09256,0.06,pr,pr71531273,2026-09-10T10:28:54.110Z,"54 km ENE of Cruz Bay, U.S. Virgin Islands",earthquake,7.16,0.56,0.11503651488081,4,reviewed,pr,pr
2026-09-10T09:42:57.330Z,28.678,-98.939,6.8297,3.1,ml,46,67,0.2,0.4,tx,tx2026rviiec,2026-09-10T13:58:28.817Z,"22 km E of Dilley, Texas",earthquake,0.96564083858799,0.67139462515247,0.1,32,reviewed,tx,tx
2026-09-10T08:59:02.576Z,57.859,-153.432,53.4,2.5,ml,47,143,0.5,0.7,ak,aka2026rydmqp,2026-09-13T06:53:17.629Z,"32 km W of Port Lions, Alaska",earthquake,4.1,4.152,0.2,36,reviewed,ak,ak
2026-09-10T08:41:54.283Z,-8.4186,120.9781,10,4.3,mb,14,123,3.595,1.22,us,us7000thvj,2026-09-20T06:48:57.040Z,"60 km ENE of Ruteng, Indonesia",earthquake,8.42,1.777,0.202,7,reviewed,us,us
2026-09-10T08:26:53.928Z,9.057,-84.0167,10,5,mww,69,140,0.788,1.2,us,us7000tg98,2026-09-20T06:44:04.942Z,"44 km SSE of Quepos, Costa Rica",earthquake,4.75,1.868,0.056,31,reviewed,us,us
2026-09-10T07:27:14.276Z,2.2614,123.431,451.154,4.3,mb,16,111,5.234,0.59,us,us7000thvh,2026-09-20T06:38:48.040Z,"179 km WNW of Manado, Indonesia",earthquake,17.76,14.545,0.153,12,reviewed,us,us
2026-09-10T07:22:20.309Z,51.8743,179.5478,179.33,3.2,ml,17,90,0.075,0.34,us,us7000th3z,2026-09-20T06:31:54.040Z,"262 km W of Adak, Alaska",earthquake,8.13,4.237,0.085,18,reviewed,us,us
2026-09-10T07:06:17.132Z,56.2289,-149.7001,10,2.8,ml,17,262,2.217,0.79,us,us7000tgdx,2026-09-20T06:28:53.040Z,"219 km SE of Chiniak, Alaska",earthquake,9.72,2.022,0.077,22,reviewed,us,us
2026-09-10T06:50:25.411Z,56.8001,-148.6351,10,3,ml,29,250,2.359,0.72,us,us7000tg8x,2026-09-20T06:25:56.040Z,"238 km ESE of Chiniak, Alaska",earthquake,5.57,1.988,0.046,62,reviewed,us,us
2026-09-10T06:49:32.463Z,53.8319,-163.6853,23.999,2.7,ml,20,223,0.815,0.83,us,us7000th3y,2026-09-20T06:19:44.040Z,"115 km S of False Pass, Alaska",earthquake,6.68,16.455,0.115,10,reviewed,us,us
2026-09-10T06:42:40.227Z,-3.8999,-77.4661,10,5.3,mww,68,101,2.286,1.03,us,us7000tg8v,2026-09-20T06:17:03.861Z,"123 km WSW of Alianza Cristiana, Peru",earthquake,8.4,1.88,0.089,12,reviewed,us,us
2026-09-10T06:08:47.419Z,14.0795,-93.1652,10,4.4,mb,34,203,2.404,1,us,us7000tg8p,2026-09-20T06:09:49.040Z,"107 km SW of Puerto Madero, Mexico",earthquake,11.29,1.98,0.045,143,reviewed,us,us
2026-09-10T05:18:08.805Z,62.506,-147.742,15.8,4.2,ml,223,15,0.5,1.2,ak,aka2026rxwdbw,2026-09-20T05:59:27.040Z,"66 km WNW of Lake Louise, Alaska",earthquake,1.3,1.776,0.2,147,reviewed,ak,ak
2026-09-10T05:10:43.224Z,53.8282,-165.3843,53.337,2.6,ml,23,195,0.338,0.55,us,us7000th3t,2026-09-20T05:56:21.040Z,"42 km SE of Akutan, Alaska",earthquake,9.15,28.455,0.097,14,reviewed,us,us
2026-09-10T05:06:36.777Z,51.47,-175.74,27.3,2.5,ml,19,231,0.5,0.5,ak,aka2026rxvtbr,2026-09-13T05:55:50.095Z,"76 km SE of Adak, Alaska",earthquake,9.3,3.8101,0.1,14,reviewed,ak,ak
2026-09-10T04:15:00.950Z,51.335,-179.101,55,2.5,ml,22,202,0.3,0.3,ak,aka2026rxuaii,2026-09-10T22:57:54.642Z,"181 km WSW of Adak, Alaska",earthquake,11.5,5.3795,0.2,16,reviewed,ak,ak
2026-09-10T02:52:23.850Z,37.784833333333,-122.207,9.92,2.45,md,136,23,0.0184,0.1,nc,nc75432977,2026-09-18T22:12:21.960Z,"2 km ESE of Oakland, CA",earthquake,0.11,0.18,0.174,80,reviewed,nc,nc
2026-09-10T02:30:09.504Z,51.975,-169.126,11.2,2.5,ml,18,235,0.9,0.9,ak,aka2026rxqnnb,2026-09-10T17:51:24.534Z,"108 km S of Nikolski, Alaska",earthquake,7,4.8394,0.2,14,reviewed,ak,ak
2026-09-10T02:22:11.219Z,63.511,-151.407,5,3.6,ml,159,27,0.2,1.4,ak,aka2026rxqgmp,2026-09-17T21:26:29.059Z,"16 km ESE of Denali National Park, Alaska",earthquake,1.7,0,0.1,114,reviewed,ak,ak
2026-09-10T01:57:36.234Z,-21.0043,-69.2508,122.998,4.3,mb,23,69,0.679,0.96,us,us7000tg7v,2026-09-10T02:12:50.040Z,"85 km SSE of La Tirana, Chile",earthquake,4.65,7.157,0.154,12,reviewed,us,us
2026-09-10T01:24:48.040Z,40.290833333333,-124.53183333333,20.44,3.63,mw,55,236,0.1448,0.18,nc,nc75432942,2026-09-12T17:09:43.972Z,"21 km W of Petrolia, CA",earthquake,0.6,0.24,,6,reviewed,nc,nc
2026-09-10T01:24:04.400Z,40.289333333333,-124.51633333333,20.34,3.79,mw,52,249,0.1329,0.18,nc,nc75432947,2026-09-16T14:56:53.853Z,"20 km WSW of Petrolia, CA",earthquake,0.69,0.24,,7,reviewed,nc,nc
2026-09-10T00:15:33.655Z,31.64,-104.408,6.3306,3,ml,43,72,0,0.2,tx,tx2026rupmzs,2026-09-10T00:46:35.265Z,"59 km S of Whites City, New Mexico",earthquake,1.0765383974572,0.93365403170767,0.2,33,reviewed,tx,tx
2026-09-09T23:49:31.947Z,51.569,-173.549,22.7,2.6,ml,15,217,0.8,0.8,ak,aka2026rxleei,2026-09-14T18:45:54.990Z,"82 km SSE of Atka, Alaska",earthquake,9.8,5.8388,0.2,13,reviewed,ak,ak
2026-09-09T23:26:45.256Z,51.6212,178.8551,73.394,2.6,ml,14,198,0.359,0.27,us,us7000thfr,2026-09-18T04:46:39.040Z,"Rat Islands, Aleutian Islands, Alaska",earthquake,4.19,3.613,0.097,14,reviewed,us,us
2026-09-09T22:01:30.962Z,60.328,-151.404,66.4,2.7,ml,52,48,0.5,0.7,ak,aka2026rxhomw,2026-09-16T21:38:42.040Z,"7 km SW of Cohoe, Alaska",earthquake,2.8,2.9427,0.1,34,reviewed,ak,ak
2026-09-09T21:38:57.396Z,56.194,-156.506,69.5,2.8,ml,46,127,0.6,0.7,ak,aka2026rxguxn,2026-09-16T21:37:00.040Z,"118 km E of Chignik, Alaska",earthquake,4.1,4.8494,0.2,33,reviewed,ak,ak
2026-09-09T21:29:54.366Z,-28.559,74.3255,10,4.8,mb,38,66,13.288,0.74,us,us7000tg6g,2026-09-16T21:34:34.040Z,"Mid-Indian Ridge",earthquake,11.7,1.888,0.098,32,reviewed,us,us
2026-09-09T21:08:31.997Z,14.3075,-93.0149,35,4.3,mb,44,199,2.138,0.44,us,us7000tg67,2026-09-16T21:26:13.040Z,"78 km SW of Puerto Madero, Mexico",earthquake,11.14,1.986,0.065,67,reviewed,us,us
2026-09-09T20:21:13.645Z,-20.9734,169.6974,104.703,4.7,mb,66,87,2.653,0.82,us,us7000tg5p,2026-09-09T21:20:47.040Z,"164 km SSE of Isangel, Vanuatu",earthquake,8.59,7.472,0.071,60,reviewed,us,us
2026-09-09T20:17:13.749Z,38.9879,70.6552,29.594,4.6,mb,33,144,1.014,1.51,us,us7000tg5i,2026-09-09T21:53:23.040Z,"24 km E of Rasht, Tajikistan",earthquake,5.81,5.435,0.114,23,reviewed,us,us
2026-09-09T20:01:54.435Z,56.347,-158.897,6.9,2.7,ml,30,104,0.2,0.6,ak,aka2026rxdoms,2026-09-14T16:16:16.294Z,"13 km NW of Chignik Lake, Alaska",earthquake,4.5,1.5999,0.2,13,reviewed,ak,ak
2026-09-09T19:26:22.527Z,28.1285,51.5392,10,4.3,mb,62,46,5.244,0.67,us,us7000tg53,2026-09-09T20:38:01.040Z,"115 km SE of Bushehr, Iran",earthquake,8.52,1.893,0.087,41,reviewed,us,us
2026-09-09T19:15:11.586Z,-19.7477,170.0486,10,4.9,mww,74,84,3.745,0.53,us,us7000tg51,2026-09-10T15:33:28.040Z,"83 km ESE of Isangel, Vanuatu",earthquake,6.13,1.794,0.098,10,reviewed,us,us
2026-09-09T19:12:04.440Z,38.856333333333,-122.84983333333,2.15,2.56,md,86,29,0.0203,0.07,nc,nc75432677,2026-09-21T08:47:24.578Z,"12 km WNW of Cobb, CA",earthquake,0.1,0.13,0.191,98,reviewed,nc,nc
2026-09-09T19:01:35.180Z,18.9455,-64.585,8.82,3.1,md,14,264,0.4848,0.14,pr,pr71531248,2026-09-09T20:43:35.040Z,"71 km NNE of Cruz Bay, U.S. Virgin Islands",earthquake,1.44,2.18,0.13886148771306,7,reviewed,pr,pr
2026-09-09T18:48:40.538Z,51.07,-178.459,16,3.2,ml,35,218,0.5,0.7,ak,aka2026rxbdgn,2026-09-12T05:30:59.655Z,"155 km SW of Adak, Alaska",earthquake,4.3,2.8068,0.2,27,reviewed,ak,ak
2026-09-09T18:35:05.415Z,61.247,-150.659,49.6,2.9,ml,93,29,0.2,0.9,ak,aka2026rxarpv,2026-09-12T05:30:04.755Z,"25 km ENE of Beluga, Alaska",earthquake,2,3.2085,0.2,66,reviewed,ak,ak
2026-09-09T18:19:02.293Z,-20.6521,-178.0932,499.414,4.6,mb,43,114,4.65,0.67,us,us7000tg4e,2026-09-09T18:37:42.040Z,"295 km WNW of Houma, Tonga",earthquake,14.67,9.526,0.08,47,reviewed,us,us
2026-09-09T18:02:46.986Z,36.4387,71.3973,108.451,4.4,mb,70,59,2.062,1.1,us,us7000tg4b,2026-09-09T18:46:53.040Z,"29 km SSW of Ashkāsham, Afghanistan",earthquake,6.07,6.856,0.071,60,reviewed,us,us
2026-09-09T17:37:19.696Z,49.943,-177.895,20,2.5,ml,11,327,1.8,0.6,ak,aka2026rwytlk,2026-09-10T00:07:53.443Z,"232 km SSW of Adak, Alaska",earthquake,13.1,0,0.1,8,reviewed,ak,ak
2026-09-09T17:33:48.345Z,51.303,-175.99,20.8,2.5,ml,20,241,0.6,0.7,ak,aka2026rwyqjw,2026-09-12T05:22:00.396Z,"77 km SE of Adak, Alaska",earthquake,6.9,3.7836,0.2,16,reviewed,ak,ak
2026-09-09T17:23:07.390Z,19.048666666667,-155.38266666667,32.44,2.63,ml,50,209,0.1301,0.14,hv,hv75031627,2026-09-09T18:16:09.040Z,"19 km SSE of Pāhala, Hawaii",earthquake,0.49,0.76,0.20208455138108,33,reviewed,hv,hv
2026-09-09T17:19:34.960Z,38.856,-122.84666666667,1.41,2.47,md,88,48,0.01826,0.07,nc,nc75432492,2026-09-21T07:32:22.067Z,"11 km WNW of Cobb, CA",earthquake,0.1,0.13,0.214,83,reviewed,nc,nc
2026-09-09T17:18:45.408Z,-19.777,170.0677,10,5.1,mww,83,50,3.734,0.65,us,us7000tg43,2026-09-10T15:20:07.040Z,"86 km ESE of Isangel, Vanuatu",earthquake,8.55,1.539,0.061,26,reviewed,us,us
2026-09-09T17:01:52.191Z,-19.8279,169.9636,10,5.2,mww,55,34,3.632,0.77,us,us7000tg3x,2026-09-10T15:15:01.040Z,"78 km ESE of Isangel, Vanuatu",earthquake,7.57,1.809,0.054,33,reviewed,us,us
2026-09-09T16:00:21.180Z,32.3229,-104.4961,3.897,2.5,ml,26,72,0.166,0.19,us,us7000tg2k,2026-09-15T14:37:24.040Z,"19 km NW of Whites City, New Mexico",earthquake,1.33,3.078,0.074,36,reviewed,us,us
2026-09-09T15:50:35.405Z,50.391,-179.323,0.7,2.6,ml,22,261,1.2,0.7,ak,aka2026rwvews,2026-09-12T05:11:40.102Z,"250 km SW of Adak, Alaska",earthquake,7.6,3.261,0.2,16,reviewed,ak,ak
2026-09-09T15:16:56.506Z,51.5395,177.9995,55.174,3.2,ml,17,197,0.519,0.31,us,us7000tgww,2026-09-15T14:32:35.040Z,"Rat Islands, Aleutian Islands, Alaska",earthquake,7.53,17.297,0.077,22,reviewed,us,us
2026-09-09T12:39:28.483Z,51.384,-175.552,23.5,2.6,ml,23,238,0.6,0.7,ak,aka2026rwoveb,2026-09-12T04:12:36.715Z,"92 km SE of Adak, Alaska",earthquake,8.4,4.3525,0.1,18,reviewed,ak,ak
2026-09-09T12:27:17.393Z,53.8412,-165.7191,108.377,2.7,ml,34,188,0.27,0.24,us,us7000tgwh,2026-09-16T11:00:40.040Z,"32 km S of Akutan, Alaska",earthquake,10.12,9.26,0.091,16,reviewed,us,us
2026-09-09T12:18:14.599Z,-14.8771,-173.1193,10,4.7,mb,16,111,1.614,0.7,us,us7000tg1q,2026-09-09T12:41:30.040Z,"139 km NNE of Hihifo, Tonga",earthquake,10.51,1.893,0.174,10,reviewed,us,us
2026-09-09T12:09:05.120Z,36.153333333333,-118.2765,7.82,2.52,ml,35,53,0.02972,0.21,ci,ci41543464,2026-09-16T11:10:37.040Z,"28 km WSW of Olancha, CA",earthquake,0.21,0.52,0.21388863667548,26,reviewed,ci,ci
2026-09-09T11:53:05.062Z,56.672,-147.957,5,3.2,ml,83,191,2.8,1.1,ak,aka2026rwnhrm,2026-09-12T02:01:53.418Z,"281 km ESE of Chiniak, Alaska",earthquake,4.9,0,0.1,62,reviewed,ak,ak
2026-09-09T11:46:01.632Z,-20.6334,-70.567,30.631,4.3,mb,19,146,0.545,0.56,us,us7000tg1k,2026-09-16T10:42:14.269Z,"60 km SW of La Tirana, Chile",earthquake,3.92,5.15,0.217,6,reviewed,us,us
2026-09-09T11:12:14.847Z,-8.9866,123.7219,59.386,4.4,mb,16,129,5.577,0.82,us,us7000tg1l,2026-09-16T10:48:02.040Z,"67 km N of Naisano Dua, Indonesia",earthquake,12.01,6.576,0.179,9,reviewed,us,us
2026-09-09T10:53:23.206Z,51.908,173.859,20.5,3.6,ml,12,273,0.8,0.6,ak,aka2026rwlhru,2026-09-09T15:58:08.044Z,"114 km SSE of Attu Station, Alaska",earthquake,40,34.7027,0.2,10,reviewed,ak,ak
2026-09-09T10:51:39.229Z,34.9849,112.3011,10,4.6,mb,36,118,5.891,0.36,us,us7000tg1h,2026-09-09T13:26:47.040Z,"27 km WSW of Jiyuan, China",earthquake,10.83,1.905,0.114,23,reviewed,us,us
2026-09-09T10:17:50.743Z,61.586,-144.808,39.3,2.8,ml,90,33,0.1,0.9,ak,aka2026rwkcin,2026-09-16T09:41:34.040Z,"16 km SSE of Kenny Lake, Alaska",earthquake,1.9,2.2951,0.2,66,reviewed,ak,ak
2026-09-09T10:06:57.170Z,-26.1386,-66.5049,10,5,mb,67,54,2.949,0.77,us,us7000tg12,2026-09-09T10:38:25.040Z,"53 km W of Cafayate, Argentina",earthquake,8.26,1.866,0.04,197,reviewed,us,us
2026-09-09T09:30:16.035Z,60.6236,-139.8433,5,2.7,ml,26,80,0.605,0.71,us,us7000tg0v,2026-09-16T09:16:21.040Z,"120 km N of Yakutat, Alaska",earthquake,2.05,1.978,0.043,70,reviewed,us,us
2026-09-09T09:24:20.989Z,50.094,-177.082,28.5,2.6,ml,20,273,1.7,0.4,ak,aka2026rwiicl,2026-09-11T22:33:52.426Z,"200 km S of Adak, Alaska",earthquake,15,15.7027,0.2,15,reviewed,ak,ak
2026-09-09T07:22:20.867Z,61.027,-151.39,77.7,2.6,ml,61,24,0.3,0.7,ak,aka2026rwegeu,2026-09-11T20:42:55.624Z,"14 km WSW of Tyonek, Alaska",earthquake,2.4,2.0052,0.2,47,reviewed,ak,ak
2026-09-09T07:07:03.319Z,4.0172,125.3233,10,5,mb,44,109,3.043,1.13,us,us7000tg06,2026-09-09T07:25:16.040Z,"154 km S of Sarangani, Philippines",earthquake,10.49,1.821,0.071,64,reviewed,us,us
2026-09-09T05:33:14.170Z,17.611,-67.659833333333,16.09,3.34,md,20,230,0.6553,0.21,pr,pr71531233,2026-09-09T06:31:47.790Z,"64 km SW of Pole Ojea, Puerto Rico",earthquake,1.4,2.82,0.057936935691501,16,reviewed,pr,pr
2026-09-09T04:57:33.280Z,38.516166666667,-112.89866666667,2.33,2.47,ml,30,47,0.005986,0.15,uu,uu80155301,2026-09-20T03:20:46.040Z,"16 km NE of Milford, Utah",earthquake,0.27,0.39,0.25528076221845,19,reviewed,uu,uu
2026-09-09T04:56:53.083Z,52.423,-169.742,3.1,2.5,ml,14,217,0.4,0.4,ak,aka2026rvzkdw,2026-09-11T20:10:24.456Z,"82 km SW of Nikolski, Alaska",earthquake,9.6,4.8221,0.2,10,reviewed,ak,ak
2026-09-09T04:55:49.891Z,51.73,178.464,105.5,3,ml,38,169,0.2,0.6,ak,aka2026rvzjga,2026-09-11T20:07:02.169Z,"Rat Islands, Aleutian Islands, Alaska",earthquake,13.6,2.2921,0.1,26,reviewed,ak,ak
2026-09-09T04:31:52.185Z,51.992,-169.197,10.8,2.6,ml,14,238,0.9,0.4,ak,aka2026rvyoje,2026-09-11T19:43:18.245Z,"107 km SSW of Nikolski, Alaska",earthquake,9,5.219,0.1,9,reviewed,ak,ak
2026-09-09T04:17:35.181Z,-22.3843,-68.6822,115.83,4.2,mb,18,60,0.732,0.57,us,us7000tfzh,2026-09-09T04:52:33.040Z,"26 km ENE of Calama, Chile",earthquake,5.16,7.296,0.199,7,reviewed,us,us
2026-09-09T03:36:06.308Z,51.482,-179.826,78.2,2.5,ml,25,176,0.5,0.3,ak,aka2026rvwgwf,2026-09-11T19:37:52.053Z,"225 km WSW of Adak, Alaska",earthquake,11.3,3.9044,0.1,18,reviewed,ak,ak
2026-09-09T02:39:33.279Z,51.625,-175.049,36.2,2.5,ml,18,233,0.7,0.5,ak,aka2026rvuvab,2026-09-11T19:24:17.326Z,"86 km SW of Atka, Alaska",earthquake,9.3,10.8239,0.1,13,reviewed,ak,ak
2026-09-09T02:10:17.390Z,-56.1698,-138.8564,10,4.9,mb,22,181,28.46,1.14,us,us7000tg0w,2026-09-20T03:30:18.040Z,"Pacific-Antarctic Ridge",earthquake,17.74,1.935,0.119,22,reviewed,us,us
2026-09-09T02:06:26.017Z,-55.989,-138.9676,10,4.9,mb,22,166,28.607,0.59,us,us7000tg0y,2026-09-20T03:52:21.040Z,"Pacific-Antarctic Ridge",earthquake,17.59,1.951,0.122,21,reviewed,us,us
2026-09-09T01:53:15.663Z,-9.0824,-108.2788,10,4.5,mb,33,152,28.561,1.07,us,us7000tg0x,2026-09-20T03:45:16.040Z,"central East Pacific Rise",earthquake,15.25,1.927,0.104,27,reviewed,us,us
2026-09-09T01:10:39.805Z,52.525,-169.63,17.2,2.7,ml,24,211,0.3,0.6,ak,aka2026rvrvwd,2026-09-11T18:25:31.629Z,"69 km SW of Nikolski, Alaska",earthquake,9.2,3.4613,0.2,19,reviewed,ak,ak
2026-09-09T00:49:26.592Z,65.567,-151.994,11.8,2.7,ml,49,37,0.4,0.9,ak,aka2026rvrdne,2026-09-16T02:24:18.040Z,"44 km N of Tanana, Alaska",earthquake,2.3,1.898,0.2,36,reviewed,ak,ak
2026-09-09T00:48:01.436Z,51.5647,-179.5808,91.444,2.6,ml,30,164,0.479,0.37,us,us7000tgq4,2026-09-16T02:19:32.040Z,"206 km W of Adak, Alaska",earthquake,8.17,7.754,0.081,20,reviewed,us,us
2026-09-09T00:23:48.094Z,52.3191,-169.4359,50.015,3.6,mb,37,177,0.5,0.64,us,us7000tfym,2026-09-16T21:08:20.040Z,"79 km SSW of Nikolski, Alaska",earthquake,7.75,14.02,0.25,4,reviewed,us,us
2026-09-09T00:23:20.608Z,-4.9126,102.9108,46.244,4.4,mb,30,145,5.049,0.47,us,us7000tfyn,2026-09-16T21:00:58.916Z,"104 km SSW of Pagar Alam, Indonesia",earthquake,13.44,8.736,0.127,19,reviewed,us,us
2026-09-09T00:22:41.282Z,52.195,-169.195,11.7,2.7,ml,18,283,0.7,0.5,ak,aka2026rvqghw,2026-09-11T18:13:23.768Z,"85 km SSW of Nikolski, Alaska",earthquake,8.6,4.8622,0.1,13,reviewed,ak,ak
2026-09-09T00:04:42.640Z,17.968166666667,-67.3285,4.43,2.55,md,9,293,0.1644,0.2,pr,pr71531213,2026-09-09T00:14:43.650Z,"15 km W of Pole Ojea, Puerto Rico",earthquake,0.91,0.41,0.081587956994592,6,reviewed,pr,pr
2026-09-08T23:41:54.930Z,65.339,-162.647,18,2.6,ml,9,67,0.9,0.4,ak,aka2026rvowzb,2026-09-24T03:19:20.845Z,"81 km NNE of White Mountain, Alaska",earthquake,8.1,14.8504,0.2,7,reviewed,ak,ak
2026-09-08T23:35:47.068Z,45.8444,149.6882,119.665,4.3,mb,30,173,6.073,0.3,us,us7000thmw,2026-09-16T01:47:59.040Z,"157 km ENE of Kuril’sk, Russia",earthquake,15.93,11.196,0.111,23,reviewed,us,us
2026-09-08T23:27:26.209Z,52.176,-169.226,13.2,2.7,ml,20,284,0.7,0.4,ak,aka2026rvokkk,2026-09-24T02:19:00.407Z,"88 km SSW of Nikolski, Alaska",earthquake,9.4,5.2482,0.1,16,reviewed,ak,ak
2026-09-08T23:23:42.317Z,16.6223,148.4763,10,4.9,mb,56,134,2.928,0.86,us,us7000tfy8,2026-09-16T01:31:00.040Z,"Mariana Islands region",earthquake,8.11,1.902,0.049,132,reviewed,us,us
2026-09-08T23:22:45.490Z,31.717,-101.686,6.3721,2.7,ml,44,50,0.1,0.1,tx,tx2026rsryft,2026-09-16T01:25:34.040Z,"25 km SW of Garden City, Texas",earthquake,0.4969790301972,1.2533350396167,0.2,30,reviewed,tx,tx
2026-09-08T23:17:53.123Z,52.128,-169.2,8.5,3,ml,23,229,0.7,0.6,ak,aka2026rvocdd,2026-09-24T02:17:42.356Z,"93 km SSW of Nikolski, Alaska",earthquake,7.5,4.1233,0.1,18,reviewed,ak,ak
2026-09-08T23:08:44.714Z,52.146,-169.195,6.8,2.7,ml,17,287,0.7,0.7,ak,aka2026rvnuhz,2026-09-24T02:17:06.079Z,"91 km SSW of Nikolski, Alaska",earthquake,11.6,7.034,0.1,13,reviewed,ak,ak
2026-09-08T23:04:00.467Z,52.14,-169.209,8.2,3.3,ml,16,286,0.7,0.7,ak,aka2026rvnpzf,2026-09-24T02:16:19.144Z,"91 km SSW of Nikolski, Alaska",earthquake,9.6,5.4688,0.2,7,reviewed,ak,ak
2026-09-08T23:02:34.134Z,52.3051,-169.3972,45.539,4,mb,71,177,0.522,0.77,us,us7000tfy4,2026-09-17T21:47:55.784Z,"79 km SSW of Nikolski, Alaska",earthquake,5.44,7.99,0.09,33,reviewed,us,us
2026-09-08T23:01:58.423Z,36.6338,71.5835,133.509,4.3,mb,14,93,1.823,0.86,us,us7000thmv,2026-09-15T23:48:33.040Z,"7 km SE of Ashkāsham, Afghanistan",earthquake,9.47,9.736,0.217,6,reviewed,us,us
2026-09-08T22:46:12.642Z,54.995,-165.007,172.1,2.7,ml,39,162,0.4,0.4,ak,aka2026rvnaqg,2026-09-24T02:14:50.907Z,"103 km W of False Pass, Alaska",earthquake,34.8,6.9381,0.2,30,reviewed,ak,ak
2026-09-08T22:32:49.143Z,24.3844,122.4547,47.234,4.3,mwr,62,67,0.514,0.7,us,us7000tfxp,2026-09-15T23:38:35.040Z,"56 km W of Yonakuni, Japan",earthquake,4.06,2.453,0.062,25,reviewed,us,us
2026-09-08T22:15:37.015Z,42.793,145.7615,35,4.3,mb,23,151,2.079,0.88,us,us7000thmu,2026-09-15T23:33:46.040Z,"60 km SSE of Nemuro, Japan",earthquake,4.92,1.966,0.142,14,reviewed,us,us
2026-09-08T22:06:57.082Z,52.2,-169.239,13.6,2.9,ml,20,283,0.7,0.4,ak,aka2026rvlsrd,2026-09-24T02:11:38.612Z,"86 km SSW of Nikolski, Alaska",earthquake,13.2,6.2045,0.1,16,reviewed,ak,ak
2026-09-08T21:57:33.180Z,-17.7672,-172.2589,10,4.9,mb,42,67,2.568,0.81,us,us7000tfxg,2026-09-15T23:22:16.040Z,"207 km ENE of Neiafu, Tonga",earthquake,7.79,1.824,0.112,25,reviewed,us,us
2026-09-08T21:42:22.401Z,-8.1811,120.5204,16.325,4.6,mb,33,118,3.237,0.83,us,us7000tfxd,2026-09-15T23:19:31.040Z,"47 km N of Ruteng, Indonesia",earthquake,10.34,4.627,0.116,22,reviewed,us,us
2026-09-08T21:15:59.540Z,34.472166666667,-116.508,2.05,2.67,ml,58,58,0.1366,0.14,ci,ci41543024,2026-09-09T08:29:54.841Z,"39 km NE of Big Bear City, CA",earthquake,0.12,0.48,0.1324299640066,25,reviewed,ci,ci
2026-09-08T20:18:08.787Z,53.524,-164.605,15.3,2.5,ml,15,282,0.9,0.4,ak,aka2026rvicin,2026-09-24T02:02:49.520Z,"102 km SE of Akutan, Alaska",earthquake,9.2,9.1342,0,13,reviewed,ak,ak
2026-09-08T19:50:10.670Z,18.867166666667,-67.809166666667,92.72,3.23,md,12,182,0.6457,0.43,pr,pr71531203,2026-09-08T20:16:05.340Z,"70 km ENE of Punta Cana, Dominican Republic",earthquake,3.24,3.54,0.10096766548086,10,reviewed,pr,pr
2026-09-08T19:43:47.849Z,-3.1573,146.036,10,4,mb,13,119,1.729,0.56,us,us7000thms,2026-09-22T17:40:49.040Z,"185 km SW of Lorengau, Papua New Guinea",earthquake,13.89,1.866,0.172,9,reviewed,us,us
2026-09-08T19:09:54.646Z,53.927,-166.7061,11.776,2.9,ml,15,97,0.044,0.53,us,us7000tg8d,2026-09-24T02:00:01.421Z,"11 km WNW of Dutch Harbor, Alaska",earthquake,1.74,1.268,0.115,10,reviewed,us,us
2026-09-08T18:59:18.017Z,50.059,-178.383,20.5,3.2,ml,29,266,1.5,0.7,ak,aka2026rvflfw,2026-09-24T01:58:24.552Z,"236 km SSW of Adak, Alaska",earthquake,18.4,19.1987,0.1,22,reviewed,ak,ak
2026-09-08T18:55:51.052Z,-8.4128,158.4871,133.646,4.1,mb,14,105,1.767,0.49,us,us7000thmq,2026-09-22T16:32:06.040Z,"125 km WSW of Buala, Solomon Islands",earthquake,15.49,10.421,0.165,10,reviewed,us,us
2026-09-08T18:52:27.754Z,52.1,-169.091,9.5,2.9,ml,20,285,0.8,0.7,ak,aka2026rvffzo,2026-09-24T01:56:16.746Z,"94 km S of Nikolski, Alaska",earthquake,9.1,5.0499,0.1,16,reviewed,ak,ak
2026-09-08T18:27:08.303Z,52.142,-169.072,4.4,2.9,ml,20,279,0.8,0.8,ak,aka2026rvejzf,2026-09-24T01:55:00.941Z,"89 km S of Nikolski, Alaska",earthquake,9.2,6.1012,0.1,16,reviewed,ak,ak
2026-09-08T18:20:02.723Z,56.2617,-149.1963,10,3.7,ml,29,243,2.399,0.44,us,us7000tfv1,2026-09-15T14:10:29.040Z,"240 km SE of Chiniak, Alaska",earthquake,8.31,2.017,0.048,58,reviewed,us,us
2026-09-08T18:19:08.991Z,56.4566,-149.304,10,3.3,ml,20,255,2.228,0.82,us,us7000tfxt,2026-09-15T14:01:14.040Z,"221 km SE of Chiniak, Alaska",earthquake,8.44,2.015,0.115,10,reviewed,us,us
2026-09-08T18:00:08.145Z,52.2518,-169.5048,10,3.4,ml,20,221,0.552,1.13,us,us7000tfxi,2026-09-15T13:54:16.040Z,"88 km SSW of Nikolski, Alaska",earthquake,3.96,1.734,0.077,22,reviewed,us,us
2026-09-08T17:56:35.026Z,62.869,-148.328,70.8,2.7,ml,92,19,0.2,0.8,ak,aka2026rvdjld,2026-09-24T02:28:24.286Z,"66 km SSE of Cantwell, Alaska",earthquake,1.9,2.8112,0.2,66,reviewed,ak,ak
2026-09-08T17:55:49.186Z,51.999,-169.255,13.7,3.4,ml,39,226,0.8,0.6,ak,aka2026rvdiwx,2026-09-24T02:29:02.688Z,"107 km SSW of Nikolski, Alaska",earthquake,6.6,3.4007,0.2,29,reviewed,ak,ak
2026-09-08T17:11:36.229Z,50.7723,-174.0132,10,2.6,ml,12,290,1.436,0.98,us,us6000tx56,2026-09-23T19:19:15.040Z,"158 km S of Atka, Alaska",earthquake,5.22,2.024,0.105,12,reviewed,us,us
2026-09-08T16:36:34.014Z,50.759,-175.435,7.4,2.7,ml,13,264,1.3,0.7,ak,aka2026rvasds,2026-09-23T17:01:25.988Z,"149 km SSE of Adak, Alaska",earthquake,11.1,10.1755,0.1,6,reviewed,ak,ak
2026-09-08T16:08:34.816Z,29.2001,83.9584,10,4.9,mb,91,53,10.15,0.75,us,us7000tfur,2026-09-15T13:32:59.416Z,"89 km NNE of Chitre, Nepal",earthquake,25.72,2.001,0.048,135,reviewed,us,us
2026-09-08T15:43:57.313Z,-16.0508,-173.3016,10,4.9,mb,123,68,2.587,0.51,us,us7000tfup,2026-09-10T15:10:27.040Z,"53 km ESE of Hihifo, Tonga",earthquake,8.61,1.85,0.038,213,reviewed,us,us
2026-09-08T15:36:34.907Z,-7.6809,121.1202,10,5.2,mww,91,68,2.978,0.72,us,us7000tfum,2026-09-10T14:50:59.957Z,"125 km NE of Ruteng, Indonesia",earthquake,9.12,1.785,0.098,10,reviewed,us,us
2026-09-08T15:15:08.392Z,51.119,-179.191,20.9,2.6,ml,18,223,0.5,0.4,ak,aka2026ruxzom,2026-09-22T00:58:41.469Z,"196 km WSW of Adak, Alaska",earthquake,9.5,4.7671,0.1,12,reviewed,ak,ak
2026-09-08T14:14:15.848Z,52.199,179.693,159.3,2.7,ml,25,199,0.2,0.6,ak,aka2026ruvynx,2026-09-22T00:57:28.975Z,"254 km W of Adak, Alaska",earthquake,28.9,9.8181,0.3,19,reviewed,ak,ak
2026-09-08T14:13:09.955Z,49.8562,155.7106,64.43,4.5,mb,131,78,3.486,0.44,us,us7000tfu8,2026-09-08T16:01:16.040Z,"95 km SSW of Severo-Kuril’sk, Russia",earthquake,9.79,6.798,0.05,123,reviewed,us,us
2026-09-08T14:04:13.003Z,51.591,-173.708,11,3,ml,22,291,0.7,0.7,ak,aka2026ruvpzi,2026-09-22T00:55:06.107Z,"75 km SSE of Atka, Alaska",earthquake,47.3,21.9527,0.1,16,reviewed,ak,ak
2026-09-08T13:48:50.168Z,54.037,-164.201,31.5,2.5,ml,15,220,0.5,0.4,ak,aka2026ruvcsy,2026-09-22T00:53:13.646Z,"103 km E of Akutan, Alaska",earthquake,10.6,6.9246,0.1,12,reviewed,ak,ak
2026-09-08T13:42:08.931Z,-21.4066,-68.8236,110.668,4.7,mb,48,42,0.549,1.04,us,us7000tfty,2026-09-08T15:07:52.040Z,"62 km WSW of Ollagüe, Chile",earthquake,16.68,17.599,0.09,37,reviewed,us,us
2026-09-08T13:15:05.049Z,51.819,-176.044,79.8,2.5,ml,27,194,0.2,0.4,ak,aka2026rutzlh,2026-09-22T00:52:49.943Z,"41 km E of Adak, Alaska",earthquake,22.8,3.5121,0.3,20,reviewed,ak,ak
2026-09-08T13:06:54.782Z,51.487,-173.309,11.5,3.3,ml,19,301,0.9,0.8,ak,aka2026rutsii,2026-09-22T00:50:39.968Z,"100 km SE of Atka, Alaska",earthquake,34.6,15.8865,0.1,15,reviewed,ak,ak
2026-09-08T12:45:07.110Z,35.325333333333,-117.80516666667,6.93,2.8,ml,49,32,0.06666,0.19,ci,ci41542768,2026-09-08T21:22:30.950Z,"16 km WSW of Johannesburg, CA",earthquake,0.16,0.48,0.18036402941698,26,reviewed,ci,ci
2026-09-08T12:25:15.519Z,51.439,-173.139,7.6,3.1,ml,21,310,1,0.7,ak,aka2026rusifx,2026-09-22T00:49:11.590Z,"111 km SE of Atka, Alaska",earthquake,49.4,15.3284,0.1,16,reviewed,ak,ak
2026-09-08T11:51:09.687Z,-18.4736,-174.1551,10,5.3,mb,79,60,36.642,0.65,us,us7000tftd,2026-09-08T22:19:51.307Z,"26 km NW of Neiafu, Tonga",earthquake,14.41,1.83,0.031,358,reviewed,us,us
2026-09-08T10:49:02.312Z,54.2361,-161.5285,35,4.1,mb,24,163,1.264,0.44,us,us7000tft5,2026-09-08T17:51:30.830Z,"105 km SSE of King Cove, Alaska",earthquake,4.64,1.99,0.213,6,reviewed,us,us
2026-09-08T10:33:39.128Z,-23.3881,-68.8859,99.602,4.2,mb,13,81,0.782,0.85,us,us7000tft4,2026-09-09T06:41:48.040Z,"87 km SW of San Pedro de Atacama, Chile",earthquake,5.55,6.238,0.373,2,reviewed,us,us
2026-09-08T10:07:39.170Z,51.224,-179.934,18.1,3,ml,29,216,0.5,0.7,ak,aka2026runsyu,2026-09-22T00:30:44.630Z,"240 km WSW of Adak, Alaska",earthquake,6.7,3.6978,0.1,22,reviewed,ak,ak
2026-09-08T09:37:50.104Z,64.599,-148.525,6.6,3.1,ml,87,19,0.2,1,ak,aka2026rumtco,2026-09-09T17:45:07.338Z,"27 km E of Nenana, Alaska",earthquake,1.8,1.5353,0.2,61,reviewed,ak,ak
2026-09-08T09:04:24.950Z,19.206,-155.5015,30.32,2.46,ml,52,72,0.04222,0.13,hv,hv75030812,2026-09-08T18:48:54.500Z,"2 km W of Pāhala, Hawaii",earthquake,0.47,0.52,0.23837966565581,31,reviewed,hv,hv
2026-09-08T08:16:43.324Z,52.178,-169.179,4.9,2.9,ml,18,280,0.7,0.8,ak,aka2026rukats,2026-09-22T00:12:35.956Z,"87 km SSW of Nikolski, Alaska",earthquake,8.5,5.2505,0.1,14,reviewed,ak,ak
2026-09-08T08:13:00.929Z,52.134,-169.236,8.4,3.2,ml,20,236,0.7,0.6,ak,aka2026rujxql,2026-09-22T00:11:11.940Z,"93 km SSW of Nikolski, Alaska",earthquake,9,5.2869,0.1,16,reviewed,ak,ak
2026-09-08T07:46:29.636Z,38.4261,21.2463,10,4.6,mb,49,88,1.039,1.21,us,us7000tfsj,2026-09-08T11:44:50.343Z,"1 km NNW of Katochí, Greece",earthquake,3.84,1.88,0.109,25,reviewed,us,us
2026-09-08T07:21:53.730Z,44.759,-111.15166666667,10.96,2.77,ml,26,91,0.03277,0.16,uu,uu80155026,2026-09-09T05:45:58.040Z,"3 km ESE of Hebgen Lake Estates, Montana",earthquake,0.37,0.46,0.11660460055568,11,reviewed,uu,uu
2026-09-08T07:06:48.520Z,19.9055,-155.13983333333,22.01,2.76,ml,55,198,0.1167,0.17,hv,hv75030782,2026-09-10T01:23:06.785Z,"4 km NNW of Honomu, Hawaii",earthquake,0.45,0.96,0.19614840852457,34,reviewed,hv,hv
2026-09-08T06:52:45.800Z,19.761333333333,-155.8345,9.96,3.13,ml,32,184,0.07628,0.33,hv,hv75030777,2026-09-09T06:40:30.040Z,"15 km ENE of Kalaoa, Hawaii",earthquake,0.78,0.58,0.24071314550212,25,reviewed,hv,hv
2026-09-08T06:50:55.090Z,52.233,-169.255,14.8,3,ml,19,279,0.6,0.9,ak,aka2026ruheiz,2026-09-21T23:45:13.528Z,"82 km SSW of Nikolski, Alaska",earthquake,9.1,5.2111,0.1,15,reviewed,ak,ak
2026-09-08T06:50:46.470Z,-58.1213,-26.2578,128.647,5.1,mb,56,68,6.88,1,us,us7000tfs3,2026-09-08T07:06:29.040Z,"South Sandwich Islands region",earthquake,11.46,7.127,0.066,75,reviewed,us,us
2026-09-08T06:49:48.990Z,10.733,-69.1624,10,4.7,mb,52,48,0.765,1.08,us,us7000tfs1,2026-09-08T07:55:46.742Z,"43 km NW of Aroa, Venezuela",earthquake,4.66,1.884,0.058,90,reviewed,us,us
2026-09-08T06:31:40.417Z,53.416,-163.104,11.7,2.8,ml,22,259,1.3,0.4,ak,aka2026rugnri,2026-09-21T23:41:31.665Z,"161 km S of False Pass, Alaska",earthquake,12.8,10.0252,0.1,16,reviewed,ak,ak
2026-09-08T05:33:43.323Z,51.557,-173.652,20,3.2,ml,17,296,0.7,0.8,ak,aka2026ruepkd,2026-09-21T19:30:00.089Z,"80 km SSE of Atka, Alaska",earthquake,15.7,0,0.1,12,reviewed,ak,ak
2026-09-08T05:17:36.235Z,52.804,-163.129,26.2,3.2,ml,35,246,1.9,0.7,ak,aka2026ruebkw,2026-09-21T19:26:00.460Z,"228 km S of False Pass, Alaska",earthquake,12.6,14.7713,0.2,25,reviewed,ak,ak
2026-09-08T04:55:53.770Z,56.666,-154.146,37.7,2.8,ml,38,151,0.1,0.8,ak,aka2026rudiqp,2026-09-21T19:23:23.689Z,"31 km S of Akhiok, Alaska",earthquake,9,4.7531,0.2,30,reviewed,ak,ak
2026-09-08T04:40:28.046Z,-8.1646,120.5995,10,5.3,mww,59,67,3.241,0.96,us,us7000tfr8,2026-09-08T04:54:12.040Z,"51 km NNE of Ruteng, Indonesia",earthquake,9.97,1.871,0.11,8,reviewed,us,us
2026-09-08T04:23:06.171Z,51.348,179.305,55.5,2.7,ml,13,241,0,0.3,ak,aka2026rucccl,2026-09-21T19:22:55.545Z,"287 km WSW of Adak, Alaska",earthquake,9.4,4.8578,0.2,10,reviewed,ak,ak
2026-09-08T04:18:53.064Z,60.639,-151.618,77.6,2.5,ml,59,38,0.3,0.7,ak,aka2026ruccoc,2026-09-21T19:14:57.278Z,"16 km W of Salamatof, Alaska",earthquake,2.5,2.2936,0.2,43,reviewed,ak,ak
2026-09-08T04:04:18.943Z,65.19,-162.823,9.9,2.9,ml,15,73,0.9,0.7,ak,aka2026rubpxt,2026-09-24T02:43:02.830Z,"63 km NNE of White Mountain, Alaska",earthquake,6.6,7.8879,0.1,11,reviewed,ak,ak
2026-09-08T03:40:56.363Z,40.8545,20.8011,10,4.3,mb,26,84,0.863,0.95,us,us7000tfr0,2026-09-08T13:58:45.168Z,"13 km ESE of Pogradec, Albania",earthquake,2.48,1.906,0.188,8,reviewed,us,us
2026-09-08T03:25:15.019Z,38.3149,21.7065,10,4.3,mb,27,92,0.86,1.15,us,us7000tfqz,2026-09-08T04:38:50.798Z,"5 km WSW of Antirrio, Greece",earthquake,3.42,1.537,0.16,11,reviewed,us,us
2026-09-08T02:34:20.009Z,51.5605,159.7019,24.871,4.6,mb,47,137,1.978,0.84,us,us7000tfqv,2026-09-08T04:01:41.040Z,"176 km SSE of Vilyuchinsk, Russia",earthquake,11.95,6.189,0.092,35,reviewed,us,us
2026-09-08T02:01:34.461Z,4.5226,-76.7929,67.08,4.4,mb,31,101,2.081,0.77,us,us7000tfql,2026-09-08T12:43:38.971Z,"21 km SW of Sipí, Colombia",earthquake,6.35,9.073,0.117,21,reviewed,us,us
2026-09-08T01:58:36.170Z,18.840833333333,-64.8425,20.14,3.03,md,13,233,0.4685,0.12,pr,pr71531163,2026-09-08T02:16:52.720Z,"56 km N of Charlotte Amalie, U.S. Virgin Islands",earthquake,0.66,31.61,0.11500965805706,7,reviewed,pr,pr
2026-09-08T01:54:22.409Z,69.451,-143.515,3.4,2.9,ml,42,186,0.2,0.7,ak,aka2026rtxhvg,2026-09-21T18:45:50.783Z,"76 km S of Kaktovik, Alaska",earthquake,11.6,6.6647,0.1,30,reviewed,ak,ak
2026-09-08T01:41:37.091Z,50.789,-177.867,10.3,2.8,ml,15,278,1,0.6,ak,aka2026rtwwej,2026-09-21T18:40:18.295Z,"148 km SW of Adak, Alaska",earthquake,6.9,5.1501,0.1,12,reviewed,ak,ak
2026-09-08T01:39:35.020Z,-22.3345,-179.7628,568.559,4.5,mb,64,37,5.006,0.87,us,us7000tfqi,2026-09-08T02:01:34.040Z,"south of the Fiji Islands",earthquake,11.81,6.89,0.049,120,reviewed,us,us
2026-09-08T01:24:15.300Z,-24.1437,-67.1868,167.68,4.3,mb,17,104,1.495,1.62,us,us7000tfqh,2026-09-08T02:34:28.040Z,"88 km W of San Antonio de los Cobres, Argentina",earthquake,10.06,9.849,0.218,6,reviewed,us,us
2026-09-08T00:52:02.076Z,-19.8366,170.139,10,5.2,mww,76,64,3.733,0.92,us,us7000tfqf,2026-09-15T23:17:40.040Z,"95 km ESE of Isangel, Vanuatu",earthquake,9.95,1.802,0.062,25,reviewed,us,us
2026-09-08T00:35:41.891Z,51.004,-178.738,25.2,2.8,ml,16,256,0.6,0.6,ak,aka2026rturat,2026-09-21T18:35:12.659Z,"175 km SW of Adak, Alaska",earthquake,10,4.2302,0.1,13,reviewed,ak,ak
2026-09-07T22:35:23.475Z,-17.4618,-178.7479,543.924,4.3,mb,53,77,2.049,0.72,us,us7000tf1q,2026-09-15T02:24:53.040Z,"215 km ENE of Levuka, Fiji",earthquake,13.42,4.432,0.093,33,reviewed,us,us
2026-09-07T22:25:36.802Z,-35.5453,-71.3351,108.285,4.3,mb,32,85,0.227,0.65,us,us7000tez5,2026-09-15T01:58:47.040Z,"13 km E of San Clemente, Chile",earthquake,7.44,3.604,0.177,9,reviewed,us,us
2026-09-07T22:25:13.551Z,51.539,178.877,60.5,2.5,ml,10,210,0.3,0.6,ak,aka2026rtqiav,2026-09-11T03:06:32.426Z,"Rat Islands, Aleutian Islands, Alaska",earthquake,9.6,6.2701,0.1,8,reviewed,ak,ak
2026-09-07T22:12:19.756Z,-5.1545,152.7523,35,4.4,mb,19,98,1.122,0.47,us,us7000thex,2026-09-15T01:57:12.040Z,"104 km SSE of Kokopo, Papua New Guinea",earthquake,6.98,1.928,0.155,12,reviewed,us,us
2026-09-07T21:54:38.726Z,-25.0316,-69.238,89.873,4.5,mb,43,73,0.345,0.61,us,us7000tez1,2026-09-15T01:40:27.040Z,"132 km ENE of Taltal, Chile",earthquake,7.2,4.487,0.061,79,reviewed,us,us
2026-09-07T21:44:24.890Z,40.5625,-123.6775,24.25,3.67,mw,66,20,0.1155,0.14,nc,nc75431397,2026-09-15T01:36:25.040Z,"36 km E of Hydesville, CA",earthquake,0.2,0.59,,4,reviewed,nc,nc
2026-09-07T21:15:54.884Z,-4.4377,152.5002,65.688,4.3,mb,14,194,0.415,0.48,us,us7000thev,2026-09-15T01:32:29.040Z,"27 km ESE of Kokopo, Papua New Guinea",earthquake,15.59,9.23,0.148,13,reviewed,us,us
2026-09-07T21:13:44.890Z,52.522,-166.605,8,2.7,ml,17,265,1.2,0.6,ak,aka2026rtnyak,2026-09-11T03:03:09.913Z,"150 km S of Unalaska, Alaska",earthquake,10.4,12.1545,0.1,12,reviewed,ak,ak
2026-09-07T20:18:12.414Z,54.3794,-160.1109,35,3.1,ml,38,216,1.276,0.4,us,us7000tgip,2026-09-12T17:30:14.040Z,"109 km SSE of Sand Point, Alaska",earthquake,6.82,2.02,0.074,24,reviewed,us,us
2026-09-07T20:12:17.094Z,61.991,-150.369,62.9,2.6,ml,95,31,0.4,0.8,ak,aka2026rtlwqn,2026-09-12T15:15:22.040Z,"32 km NNW of Willow, Alaska",earthquake,1.7,2.4558,0.2,68,reviewed,ak,ak
2026-09-07T20:10:15.820Z,18.743666666667,-66.995166666667,13.9,3.17,md,24,252,0.2562,0.22,pr,pr71531158,2026-09-12T15:18:19.040Z,"27 km N of Isabela, Puerto Rico",earthquake,0.71,1.08,0.077379512486222,14,reviewed,pr,pr
2026-09-07T19:17:02.145Z,54.567,-160.171,7.3,2.5,ml,17,267,1.1,0.6,ak,aka2026rtkbaf,2026-09-11T02:45:48.219Z,"88 km SSE of Sand Point, Alaska",earthquake,8.1,4.4731,0.1,13,reviewed,ak,ak
2026-09-07T18:27:55.131Z,-10.4798,-75.0598,51.462,4.3,mb,43,93,2.303,0.34,us,us7000thes,2026-09-17T18:09:54.040Z,"36 km NE of Villa Rica, Peru",earthquake,8.04,8.593,0.09,35,reviewed,us,us
2026-09-07T18:07:12.247Z,18.0413,145.7195,259.058,4.2,mb,16,148,2.792,0.58,us,us7000thez,2026-09-17T18:52:52.040Z,"Pagan region, Northern Mariana Islands",earthquake,13.44,9.85,0.141,14,reviewed,us,us
2026-09-07T18:01:15.531Z,63.031,-149.328,82.2,3.5,ml,194,21,0.4,1.1,ak,aka2026rthmzw,2026-09-17T16:49:41.040Z,"44 km SSW of Cantwell, Alaska",earthquake,1.6,2.2501,0.2,133,reviewed,ak,ak
2026-09-07T17:31:42.184Z,27.1287,103.4912,10,4.6,mb,70,63,7.438,0.45,us,us7000tey8,2026-09-17T19:08:21.040Z,"30 km SW of Zhaotong, China",earthquake,9.17,1.884,0.07,61,reviewed,us,us
2026-09-07T17:26:10.463Z,-23.7488,-179.8568,522.666,4.2,mb,30,157,6.285,0.42,us,us7000tey7,2026-09-17T17:15:19.040Z,"south of the Fiji Islands",earthquake,15.76,11.377,0.103,26,reviewed,us,us
2026-09-07T16:54:57.619Z,44.4341,149.2661,35,4.4,mb,55,126,4.802,1.01,us,us7000tey3,2026-09-14T19:10:23.040Z,"140 km SE of Kuril’sk, Russia",earthquake,9.79,1.912,0.077,49,reviewed,us,us
2026-09-07T16:50:41.661Z,-4.9892,153.3188,45.598,4.2,mb,19,121,1.398,1.21,us,us7000tey1,2026-09-14T18:49:05.040Z,"136 km ESE of Kokopo, Papua New Guinea",earthquake,10.19,9.041,0.136,15,reviewed,us,us
2026-09-07T15:43:18.176Z,12.9343,50.2015,10,4.4,mb,22,95,5.876,0.74,us,us7000tga3,2026-09-14T17:51:01.040Z,"122 km NNW of Caluula, Somalia",earthquake,9.76,1.921,0.13,17,reviewed,us,us
2026-09-07T14:27:50.257Z,54.2031,-162.4605,8.222,2.7,ml,16,224,0.86,0.38,us,us7000tgi6,2026-09-14T19:44:06.040Z,"95 km SE of False Pass, Alaska",earthquake,3.38,11.749,0.105,12,reviewed,us,us
2026-09-07T14:23:36.589Z,69.729,-146.154,3.6,2.6,ml,32,122,0.4,0.9,ak,aka2026rtagho,2026-09-14T19:00:07.040Z,"101 km SE of Prudhoe Bay, Alaska",earthquake,4.1,2.7036,0.1,23,reviewed,ak,ak
2026-09-07T14:18:12.051Z,52.2012,-169.3288,35,2.7,ml,15,282,0.634,0.41,us,us7000tgi5,2026-09-14T17:57:02.040Z,"88 km SSW of Nikolski, Alaska",earthquake,3.18,2.025,0.128,8,reviewed,us,us
2026-09-07T13:33:39.928Z,2.3428,128.6027,232.067,4.3,mb,32,77,4.155,0.53,us,us7000tew3,2026-09-14T17:44:40.040Z,"94 km NE of Tobelo, Indonesia",earthquake,12.01,8.724,0.108,25,reviewed,us,us
2026-09-07T13:24:05.984Z,15.0187,56.1983,10,4.4,mb,14,98,9.875,0.52,us,us7000them,2026-09-14T17:34:02.040Z,"Owen Fracture Zone region",earthquake,12.6,1.907,0.189,8,reviewed,us,us
2026-09-07T13:14:48.437Z,52.027,-169.34,21.5,2.7,ml,13,296,0.8,0.3,ak,aka2026rsxyrr,2026-09-10T23:54:02.750Z,"106 km SSW of Nikolski, Alaska",earthquake,14.1,8.3348,0.1,7,reviewed,ak,ak
2026-09-07T13:11:15.952Z,32.005,-103.24,6.0999,2.7,ml,27,47,0.1,0.1,tx,tx2026rqcbab,2026-09-14T17:17:58.040Z,"12 km SSW of Jal, New Mexico",earthquake,0.55162937463949,1.0388645509471,0.2,35,reviewed,tx,tx
2026-09-07T13:05:19.812Z,52.146,-169.097,12.9,2.7,ml,15,285,0.7,0.7,ak,aka2026rsxqno,2026-09-10T23:50:38.126Z,"89 km S of Nikolski, Alaska",earthquake,10,5.5865,0.1,12,reviewed,ak,ak
2026-09-07T12:17:06.625Z,51.903,-169.29,18.2,3.2,ml,24,236,0.9,0.6,ak,aka2026rswaoy,2026-09-10T23:16:58.820Z,"118 km SSW of Nikolski, Alaska",earthquake,5.7,4.5543,0.1,19,reviewed,ak,ak
2026-09-07T11:22:18.750Z,20.127833333333,-156.6235,-0.64,2.54,ml,21,233,0.6817,0.27,hv,hv75030412,2026-09-09T01:57:31.440Z,"61 km SSW of Mākena, Hawaii",earthquake,1.81,0.32,0.1627930414312,8,reviewed,hv,hv
2026-09-07T10:46:54.018Z,51.879,-169.41,4.7,2.8,ml,12,303,0.9,0.5,ak,aka2026rstand,2026-09-10T22:59:49.905Z,"123 km SSW of Nikolski, Alaska",earthquake,12.5,4.9989,0.1,9,reviewed,ak,ak
2026-09-07T10:41:28.130Z,18.689666666667,-64.983666666667,77.45,3.02,md,5,214,0.3365,0.1,pr,pr71531143,2026-09-07T11:53:39.480Z,"38 km N of Charlotte Amalie, U.S. Virgin Islands",earthquake,5.42,3.14,0.032943617983573,2,reviewed,pr,pr
2026-09-07T10:23:38.807Z,56.1153,-150.057,10,2.8,ml,33,206,2.1,0.67,us,us7000tghd,2026-09-14T11:31:32.040Z,"214 km SE of Chiniak, Alaska",earthquake,7.16,2.01,0.074,24,reviewed,us,us
2026-09-07T09:15:06.338Z,52.127,-169.303,11.3,2.7,ml,12,231,0.7,0.6,ak,aka2026rspyvj,2026-09-10T22:40:01.632Z,"95 km SSW of Nikolski, Alaska",earthquake,10.5,4.8516,0.1,8,reviewed,ak,ak
2026-09-07T08:08:04.030Z,18.202333333333,-67.048166666667,121.93,3.18,md,12,74,0.04451,0.22,pr,pr71531133,2026-09-07T14:45:04.834Z,"7 km WNW of Maricao, Puerto Rico",earthquake,1.86,1.02,0.036811614712174,4,reviewed,pr,pr
2026-09-07T07:43:44.280Z,44.051333333333,-110.22583333333,7.3,2.67,ml,21,185,0.3041,0.16,uu,uu80154666,2026-09-08T13:31:14.490Z,"57 km NE of Kelly, Wyoming",earthquake,0.6,1.56,0.2479791942867,15,reviewed,uu,uu
2026-09-07T07:07:36.109Z,63.045,-150.656,122.4,2.8,ml,122,29,0.5,0.8,ak,aka2026rslsel,2026-09-10T21:24:52.560Z,"61 km N of Petersville, Alaska",earthquake,2,2.0538,0.3,86,reviewed,ak,ak
2026-09-07T07:02:44.865Z,51.4209,-175.1358,35,2.7,ml,13,234,0.75,0.62,us,us7000tgge,2026-09-14T06:43:58.040Z,"107 km SW of Atka, Alaska",earthquake,5.08,2.015,0.105,12,reviewed,us,us
2026-09-07T05:50:44.529Z,-23.4192,171.6769,10,5.5,mww,71,52,3.979,0.7,us,us7000teu1,2026-09-08T05:56:40.942Z,"southeast of the Loyalty Islands",earthquake,8.16,1.862,0.071,19,reviewed,us,us
2026-09-07T04:25:01.750Z,44.046833333333,-110.2185,6.93,3.44,ml,34,182,0.311,0.18,uu,uu80154611,2026-09-08T20:31:49.960Z,"57 km NE of Kelly, Wyoming",earthquake,0.5,1.24,0.21244273210344,16,reviewed,uu,uu
2026-09-07T03:18:57.396Z,52.21,-169.191,12.2,2.6,ml,14,284,0.7,0.5,ak,aka2026rsecau,2026-09-10T20:09:16.432Z,"84 km SSW of Nikolski, Alaska",earthquake,10.6,5.4807,0.1,12,reviewed,ak,ak
2026-09-07T03:17:25.136Z,53.8979,-166.6654,10.847,3.2,ml,16,143,0.019,0.41,us,us7000tetj,2026-09-10T20:06:17.859Z,"8 km W of Dutch Harbor, Alaska",earthquake,1.46,2.316,0.097,14,reviewed,us,us
2026-09-07T02:57:24.830Z,62.434,-170.646,10,3.2,ml,12,264,2.9,1,ak,aka2026rsdjit,2026-09-11T03:48:52.234Z,"140 km S of Savoonga, Alaska",earthquake,13.3,0,0.1,10,reviewed,ak,ak
2026-09-07T02:48:35.539Z,-9.3217,112.9125,10,4.4,mb,20,92,7.205,0.64,us,us7000tetc,2026-09-07T04:21:17.040Z,"124 km S of Dampit, Indonesia",earthquake,12.44,1.916,0.169,12,reviewed,us,us
2026-09-07T02:46:38.930Z,18.5473,-68.7458,143,3.64,md,21,197,0.3659,0.09,pr,pr2026250001,2026-09-13T23:05:27.040Z,"8 km SSW of Salvaleón de Higüey, Dominican Republic",earthquake,9.66,0.91,0.16,12,reviewed,pr,pr
2026-09-07T02:35:59.503Z,44.0371,-125.7795,10,2.6,ml,30,245,0.544,1.12,us,us7000tet8,2026-09-07T03:45:37.040Z,"134 km W of Dunes City, Oregon",earthquake,5.94,2.007,0.043,70,reviewed,us,us
2026-09-07T02:30:21.719Z,-31.2726,178.6194,586.221,4.7,mb,42,101,3.605,0.82,us,us7000tet6,2026-09-07T02:57:16.040Z,"Kermadec Islands region",earthquake,14.65,8.031,0.121,24,reviewed,us,us
2026-09-07T02:29:41.341Z,-24.8477,179.6916,512.564,4.5,mb,40,69,4.866,0.72,us,us7000teta,2026-09-07T04:48:05.040Z,"south of the Fiji Islands",earthquake,12.01,7.102,0.104,31,reviewed,us,us
2026-09-07T02:28:05.833Z,52.2803,-169.2299,35,3.2,ml,20,217,0.59,0.95,us,us7000tey6,2026-09-12T21:54:29.040Z,"77 km SSW of Nikolski, Alaska",earthquake,4.82,2.019,0.097,14,reviewed,us,us
2026-09-07T02:11:51.997Z,-31.1216,178.6445,585.921,4.9,mb,53,67,3.507,1.07,us,us7000tesx,2026-09-07T02:41:03.040Z,"Kermadec Islands region",earthquake,11.51,8.438,0.046,145,reviewed,us,us
2026-09-07T02:08:48.393Z,53.896,-166.6651,8.776,3.3,ml,16,144,0.018,0.6,us,us7000teti,2026-09-10T19:56:37.309Z,"8 km W of Dutch Harbor, Alaska",earthquake,1.29,2.353,0.105,12,reviewed,us,us
2026-09-07T02:06:48.371Z,-30.9663,178.5443,585.146,5,mb,44,59,3.504,1.01,us,us7000test,2026-09-07T02:24:04.040Z,"Kermadec Islands region",earthquake,12.63,9.345,0.094,39,reviewed,us,us
2026-09-07T01:59:54.732Z,57.914,-138.874,16.1,4,ml,34,144,1.2,1.2,ak,aka2026rsblne,2026-09-17T21:46:15.055Z,"152 km WSW of Elfin Cove, Alaska",earthquake,5.9,6.8754,0.2,67,reviewed,ak,ak
2026-09-07T01:59:36.149Z,57.9129,-138.9725,10,3.3,mb,41,147,1.246,1.05,us,us7000tesv,2026-09-07T02:32:56.040Z,"158 km WSW of Elfin Cove, Alaska",earthquake,5.42,1.895,0.342,2,reviewed,us,us
2026-09-07T01:30:24.930Z,43.9019,-128.2038,10,5.3,mww,81,162,2.102,1.26,us,us7000tesi,2026-09-23T01:40:35.749Z,"off the coast of Oregon",earthquake,7.49,1.938,0.038,67,reviewed,us,us
2026-09-07T01:30:01.883Z,43.778,-128.1908,12.294,3.9,mb,54,225,2.134,1.32,us,us7000tesk,2026-09-07T02:03:21.040Z,"off the coast of Oregon",earthquake,7.31,7.46,0.149,12,reviewed,us,us
2026-09-07T01:02:44.869Z,51.6665,176.5226,35,3.7,mb,33,208,1.266,0.6,us,us7000tet2,2026-09-07T03:04:31.040Z,"262 km ESE of Attu Station, Alaska",earthquake,5.66,2.01,0.126,16,reviewed,us,us
2026-09-07T00:56:57.917Z,-8.1509,120.9657,69.754,4.1,mb,16,138,3.341,0.79,us,us7000thec,2026-09-15T01:19:27.040Z,"75 km NE of Ruteng, Indonesia",earthquake,11.81,6.025,0.184,8,reviewed,us,us
2026-09-07T00:19:38.107Z,61.547,-146.487,20.1,2.8,ml,85,22,0.3,0.8,ak,aka2026rrycnr,2026-09-12T02:41:39.040Z,"46 km N of Valdez, Alaska",earthquake,1.9,1.6753,0.2,64,reviewed,ak,ak
2026-09-07T00:06:22.296Z,36.0942,70.5389,158.774,3.9,mb,13,107,1.95,0.6,us,us7000tesb,2026-09-15T01:00:31.040Z,"80 km SE of Farkhār, Afghanistan",earthquake,5.46,11.831,0.193,7,reviewed,us,us
2026-09-06T23:52:26.221Z,52.073,-169.271,13.3,2.8,ml,19,290,0.8,0.6,ak,aka2026rrxevv,2026-09-10T01:55:17.180Z,"100 km SSW of Nikolski, Alaska",earthquake,11.2,5.5246,0.1,15,reviewed,ak,ak
2026-09-06T23:41:03.848Z,51.911,-169.127,5.9,2.7,ml,16,295,0.9,0.7,ak,aka2026rrwvgy,2026-09-10T01:32:06.381Z,"115 km S of Nikolski, Alaska",earthquake,11,4.9054,0.1,9,reviewed,ak,ak
2026-09-06T23:37:16.183Z,68.631,-148.63,3,2.8,ml,47,55,0.3,0.9,ak,aka2026rrwrsv,2026-09-12T02:17:45.040Z,"138 km ENE of Anaktuvuk Pass, Alaska",earthquake,2.3,2.0793,0.1,35,reviewed,ak,ak
2026-09-06T23:32:42.556Z,51.0168,-178.4169,5,3.4,ml,40,217,0.592,0.77,us,us7000tet0,2026-09-07T03:55:43.040Z,"156 km SW of Adak, Alaska",earthquake,2.34,1.721,0.085,18,reviewed,us,us
2026-09-06T22:44:58.499Z,54.3654,-161.3814,10,2.6,ml,16,238,0.834,0.45,us,us7000tg7j,2026-09-12T02:12:17.040Z,"98 km SE of King Cove, Alaska",earthquake,4.05,1.976,0.148,6,reviewed,us,us
2026-09-06T22:40:21.067Z,52.152,-169.172,11.2,2.7,ml,12,287,0.7,0.5,ak,aka2026rruulo,2026-09-10T00:57:31.750Z,"90 km SSW of Nikolski, Alaska",earthquake,9.7,4.9346,0.1,7,reviewed,ak,ak
2026-09-06T22:15:38.764Z,4.5418,-76.795,61.61,4.4,mb,20,102,2.067,0.63,us,us7000tes0,2026-09-07T04:23:25.176Z,"20 km SW of Sipí, Colombia",earthquake,7.96,11.079,0.154,12,reviewed,us,us
2026-09-06T22:15:03.004Z,-5.2338,153.1235,35,4.1,mb,11,160,1.41,0.29,us,us7000tgp9,2026-09-11T22:39:19.040Z,"136 km SE of Kokopo, Papua New Guinea",earthquake,10.11,1.97,0.213,6,reviewed,us,us
2026-09-06T22:13:31.132Z,13.5914,121.0995,133.971,4.2,mb,20,120,7.836,0.59,us,us7000tgp7,2026-09-11T22:09:02.040Z,"5 km SE of Ilihan, Philippines",earthquake,15.21,9.592,0.153,12,reviewed,us,us
2026-09-06T22:08:58.648Z,45.5869,27.7057,10,4.1,mb,13,76,1.235,0.84,us,us7000tgp8,2026-09-11T21:22:28.040Z,"4 km ENE of Tudor Vladimirescu, Romania",earthquake,5.5,1.957,0.234,5,reviewed,us,us
2026-09-06T22:02:07.799Z,61.601,-146.371,20.3,2.6,ml,89,16,0.2,1,ak,aka2026rrtnhu,2026-09-11T21:05:45.040Z,"48 km SSE of Nelchina, Alaska",earthquake,1.9,1.7608,0.1,67,reviewed,ak,ak
2026-09-06T21:14:22.844Z,52.182,-169.217,10.8,2.7,ml,15,232,0.7,0.7,ak,aka2026rrrxuh,2026-09-09T23:02:52.428Z,"87 km SSW of Nikolski, Alaska",earthquake,8.6,4.176,0.1,10,reviewed,ak,ak
2026-09-06T21:08:43.807Z,-17.9173,-178.4604,604.948,4.5,mb,71,59,2.52,0.6,us,us7000tert,2026-09-11T20:52:12.040Z,"236 km E of Levuka, Fiji",earthquake,11.69,6.917,0.059,85,reviewed,us,us
2026-09-06T20:27:20.022Z,53.5616,-164.926,35,2.8,ml,19,223,0.715,0.63,us,us7000tg6w,2026-09-12T16:00:27.040Z,"84 km SE of Akutan, Alaska",earthquake,3.45,1.997,0.115,10,reviewed,us,us
2026-09-06T20:22:53.302Z,54.522,-160.711,4.8,2.5,ml,11,251,0.9,0.5,ak,aka2026rrqfgn,2026-09-09T22:41:04.574Z,"91 km S of Sand Point, Alaska",earthquake,9.4,5.2287,0.1,7,reviewed,ak,ak
2026-09-06T20:19:38.657Z,-8.9179,67.2987,10,4.3,mb,21,113,5.317,0.77,us,us7000tgp5,2026-09-13T14:56:59.040Z,"Mid-Indian Ridge",earthquake,7.72,1.905,0.125,18,reviewed,us,us
2026-09-06T19:05:05.779Z,19.6992,145.8811,109.765,3.9,mb,21,110,4.441,0.5,us,us7000tgp3,2026-09-13T14:28:55.040Z,"Maug Islands region, Northern Mariana Islands",earthquake,7.43,10.639,0.133,15,reviewed,us,us
2026-09-06T18:46:18.374Z,16.3468,-99.2958,10,4.8,mww,79,162,1.396,0.82,us,us7000terb,2026-09-13T17:24:37.526Z,"44 km SW of Copala, Mexico",earthquake,7.07,1.907,0.052,35,reviewed,us,us
2026-09-06T18:31:28.560Z,56.3841,162.7486,27.815,4.3,mb,61,128,4.122,0.59,us,us7000tera,2026-09-12T13:42:05.040Z,"24 km NE of Ust’-Kamchatsk Staryy, Russia",earthquake,12.24,5.554,0.061,77,reviewed,us,us
2026-09-06T18:06:18.964Z,51.341,-178.9783,29.791,2.8,ml,23,220,0.236,0.36,us,us7000tg6p,2026-09-12T15:54:57.040Z,"172 km WSW of Adak, Alaska",earthquake,3.83,10.836,0.091,16,reviewed,us,us
2026-09-06T17:49:18.898Z,15.6528,146.0731,94.759,4,mb,15,169,0.497,0.43,us,us7000tgp2,2026-09-13T13:24:06.040Z,"59 km NE of Saipan, Northern Mariana Islands",earthquake,9.28,6.843,0.173,9,reviewed,us,us
2026-09-06T17:19:46.099Z,-7.2728,128.6598,145.064,4.2,mb,29,109,6.047,0.62,us,us7000ter3,2026-09-12T13:33:41.040Z,"229 km NE of Lospalos, Timor Leste",earthquake,12.9,7.97,0.11,23,reviewed,us,us
2026-09-06T16:37:00.983Z,22.6648,121.3793,28.486,4.5,mb,50,109,0.315,0.75,us,us7000teqz,2026-09-14T17:07:02.040Z,"98 km NE of Hengchun, Taiwan",earthquake,5.67,5.488,0.08,48,reviewed,us,us
2026-09-06T16:18:33.664Z,52.769,-167.654,1,2.5,ml,24,236,0.7,0.8,ak,aka2026rribgv,2026-09-09T20:42:46.293Z,"83 km ESE of Nikolski, Alaska",earthquake,5.5,3.5991,0.2,15,reviewed,ak,ak
2026-09-06T15:40:45.007Z,28.1937,130.9813,10,4.4,mb,27,130,2.374,0.86,us,us7000tgny,2026-09-14T17:04:20.040Z,"138 km ESE of Tatsugō, Japan",earthquake,6.82,1.887,0.138,15,reviewed,us,us
2026-09-06T15:35:24.623Z,44.3368,-115.18,10,3.3,ml,24,63,0.333,0.75,us,us7000teqw,2026-09-07T06:31:28.980Z,"23 km NW of Stanley, Idaho",earthquake,1.32,2.012,0.04,84,reviewed,us,us
2026-09-06T15:33:40.830Z,36.068833333333,-117.84066666667,2.81,2.94,ml,46,30,0.04999,0.16,ci,ci41542152,2026-09-14T16:05:51.040Z,"10 km ENE of Coso Junction, CA",earthquake,0.14,0.4,0.19139233916925,144,reviewed,ci,ci
2026-09-06T15:28:07.024Z,52.0965,-169.139,10,3.6,mb,29,218,0.778,0.88,us,us7000ter6,2026-09-07T15:32:52.690Z,"95 km SSW of Nikolski, Alaska",earthquake,4.11,1.97,0.189,7,reviewed,us,us
2026-09-06T15:07:49.982Z,-21.6117,-68.5177,121.645,4.2,mb,19,62,1.066,0.78,us,us7000teqp,2026-09-14T16:04:40.040Z,"50 km SSW of Ollagüe, Chile",earthquake,5.87,7.142,0.215,6,reviewed,us,us
2026-09-06T14:58:56.711Z,52.0016,-169.3393,10,3.1,ml,19,228,0.821,0.67,us,us7000ter5,2026-09-06T18:58:05.040Z,"109 km SSW of Nikolski, Alaska",earthquake,3.16,1.934,0.091,16,reviewed,us,us
2026-09-06T14:52:06.560Z,53.0785,159.7292,51.53,4.3,mb,32,117,0.654,0.85,us,us7000tgnx,2026-09-14T15:28:22.040Z,"73 km E of Petropavlovsk-Kamchatsky, Russia",earthquake,10.31,7.799,0.125,18,reviewed,us,us
2026-09-06T14:39:00.385Z,51.3499,-175.5714,35,2.7,ml,16,232,0.674,0.28,us,us7000tg5m,2026-09-13T21:33:26.040Z,"93 km SE of Adak, Alaska",earthquake,3.14,1.995,0.105,12,reviewed,us,us
2026-09-06T14:22:48.984Z,-24.1078,179.9338,526.71,4.1,mb,20,177,6.57,0.48,us,us7000teqi,2026-09-13T21:23:11.040Z,"south of the Fiji Islands",earthquake,18.87,12.988,0.14,17,reviewed,us,us
2026-09-06T13:09:33.117Z,54.836,-163.0548,99.754,2.8,ml,11,179,0.211,0.44,us,us7000tg58,2026-09-13T20:50:56.040Z,"22 km E of False Pass, Alaska",earthquake,7.12,5.315,0.162,5,reviewed,us,us
2026-09-06T12:50:34.778Z,76.1481,7.1688,10,4.7,mb,75,67,2.893,0.62,us,us7000teq9,2026-09-06T13:10:28.040Z,"Svalbard region",earthquake,8.74,1.899,0.056,95,reviewed,us,us
2026-09-06T12:49:20.977Z,54.1,-162.488,2.4,3,ml,39,218,0.9,0.6,ak,aka2026rrbcak,2026-09-09T19:36:23.653Z,"103 km SE of False Pass, Alaska",earthquake,5.5,2.9384,0.1,26,reviewed,ak,ak
2026-09-06T12:30:39.327Z,51.962,-169.147,18.3,2.8,ml,18,240,0.9,0.6,ak,aka2026rramay,2026-09-09T19:34:54.764Z,"110 km S of Nikolski, Alaska",earthquake,7.9,6.1366,0.1,11,reviewed,ak,ak
2026-09-06T12:23:47.388Z,58.62,-155.032,132.3,2.6,ml,101,64,0,0.7,ak,aka2026rrafwf,2026-09-09T19:20:31.018Z,"92 km S of Kokhanok, Alaska",earthquake,3.6,1.677,0.4,72,reviewed,ak,ak
2026-09-06T12:17:14.956Z,33.2038,140.9156,35,4.6,mb,28,123,3.795,0.74,us,us7000teq4,2026-09-06T13:36:36.040Z,"219 km SSE of Wada, Japan",earthquake,10.02,1.937,0.128,18,reviewed,us,us
2026-09-06T12:07:22.220Z,56.758,-155.584,7.1,2.5,ml,39,77,0.8,0.7,ak,aka2026rqzrqb,2026-09-09T19:17:19.601Z,"88 km WSW of Akhiok, Alaska",earthquake,2.8,1.949,0.2,29,reviewed,ak,ak
2026-09-06T12:00:16.067Z,-24.2436,-115.8082,10,5.2,mb,73,155,39.929,0.47,us,us7000tepx,2026-09-06T12:18:21.040Z,"southern East Pacific Rise",earthquake,7.5,1.935,0.039,214,reviewed,us,us
2026-09-06T11:24:04.550Z,31.542,-104.128,8.8428,2.5,ml,19,71,0,0.1,tx,tx2026roctny,2026-09-06T11:59:53.040Z,"40 km NW of Toyah, Texas",earthquake,0.72629278870979,0.46641316598375,0.2,26,reviewed,tx,tx
2026-09-06T11:18:11.845Z,52.124,-169.357,16.6,2.9,ml,23,228,0.7,0.4,ak,aka2026rqyawr,2026-09-09T19:06:47.233Z,"96 km SSW of Nikolski, Alaska",earthquake,6.9,4.8976,0.2,18,reviewed,ak,ak
2026-09-06T11:15:46.043Z,-8.3411,123.9675,150.632,4.6,mb,28,63,8.343,0.77,us,us7000teph,2026-09-06T13:15:00.040Z,"105 km NNW of Pante Makasar, Timor Leste",earthquake,10.83,7.565,0.116,22,reviewed,us,us
2026-09-06T11:09:52.494Z,51.194,-177.436,28.4,2.5,ml,30,214,0.6,0.4,ak,aka2026rqxtum,2026-09-09T19:01:32.581Z,"93 km SW of Adak, Alaska",earthquake,6.7,2.9153,0.1,23,reviewed,ak,ak
2026-09-06T11:06:29.343Z,52.319,-169.736,14,2.8,ml,16,292,0.5,0.5,ak,aka2026rqxqxe,2026-09-09T18:59:14.356Z,"90 km SW of Nikolski, Alaska",earthquake,9.5,4.1892,0.2,11,reviewed,ak,ak
2026-09-06T10:50:00.814Z,60.047,-148.035,36.9,2.7,ml,81,103,0.3,0.9,ak,aka2026rqxcnx,2026-09-09T18:52:55.028Z,"2 km SSW of Chenega, Alaska",earthquake,2.7,4.4151,0.2,60,reviewed,ak,ak
2026-09-06T10:39:32.174Z,-22.2344,-68.7038,115.537,4.8,mb,65,49,0.863,0.66,us,us7000tep0,2026-09-06T11:28:06.040Z,"33 km NE of Calama, Chile",earthquake,5.46,5.069,0.041,182,reviewed,us,us
2026-09-06T10:38:18.353Z,-24.5229,-116.0305,10,5.2,mb,119,104,31.987,0.56,us,us7000tepa,2026-09-06T12:34:16.040Z,"southern East Pacific Rise",earthquake,16.61,1.934,0.042,189,reviewed,us,us
2026-09-06T10:32:28.227Z,-24.5304,-115.6112,10,5.2,mb,67,106,39.524,1.23,us,us7000tep6,2026-09-06T10:56:54.040Z,"southern East Pacific Rise",earthquake,13.76,1.884,0.029,381,reviewed,us,us
2026-09-06T09:52:44.529Z,54.486,-161.02,0.6,2.8,ml,21,238,0.8,0.5,ak,aka2026rqvexc,2026-09-09T18:46:09.278Z,"100 km SSW of Sand Point, Alaska",earthquake,6.5,3.5243,0.1,15,reviewed,ak,ak
2026-09-06T09:24:37.230Z,-26.1961,-66.5759,10,4.6,mb,42,167,2.908,0.94,us,us7000tent,2026-09-25T12:28:39.040Z,"61 km WSW of Cafayate, Argentina",earthquake,9.38,1.917,0.091,36,reviewed,us,us
2026-09-06T09:14:26.925Z,-17.21,-72.7654,35,4.2,mb,35,144,2.581,1.01,us,us7000tenr,2026-09-06T12:17:23.401Z,"65 km S of Camaná, Peru",earthquake,10.03,1.915,0.093,32,reviewed,us,us
2026-09-06T09:03:38.612Z,52.17,-169.025,1,2.9,ml,17,281,0.8,0.4,ak,aka2026rqtokh,2026-09-09T18:36:36.262Z,"86 km S of Nikolski, Alaska",earthquake,13.1,7.3483,0.1,12,reviewed,ak,ak
2026-09-06T07:56:02.805Z,-55.6158,-29.8127,10,4.5,mb,17,108,4.074,0.85,us,us7000tgnj,2026-09-17T08:32:13.040Z,"South Sandwich Islands region",earthquake,9.48,1.817,0.135,16,reviewed,us,us
2026-09-06T07:49:02.740Z,52.175,-169.33,20.8,2.8,ml,13,286,0.8,0.5,ak,aka2026rqrbql,2026-09-09T18:11:08.567Z,"90 km SSW of Nikolski, Alaska",earthquake,17.3,7.9327,0.1,10,reviewed,ak,ak
2026-09-06T07:13:11.150Z,33.8645,-118.2095,15.81,3.07,ml,146,39,0.03265,0.26,ci,ci41542024,2026-09-17T21:00:15.588Z,"4 km SSE of Compton, CA",earthquake,0.16,0.26,0.19749672667228,366,reviewed,ci,ci
2026-09-06T06:44:30.078Z,-6.4959,154.6623,10,4.6,mb,25,157,3.381,0.53,us,us7000tenc,2026-09-17T07:42:57.040Z,"93 km WSW of Panguna, Papua New Guinea",earthquake,14.31,1.923,0.119,21,reviewed,us,us
2026-09-06T06:41:21.423Z,-0.304,123.2092,10,4.6,mb,45,92,5.815,0.93,us,us7000tena,2026-09-17T07:35:21.040Z,"85 km NNE of Luwuk, Indonesia",earthquake,8.42,1.822,0.086,41,reviewed,us,us
2026-09-06T06:09:07.086Z,-38.6,-72.5249,64.598,4.3,mb,17,114,0.707,0.7,us,us7000ten3,2026-09-17T07:30:27.040Z,"10 km SW of Lautaro, Chile",earthquake,5.3,7.651,0.177,9,reviewed,us,us
2026-09-06T06:06:02.409Z,-8.1851,120.0007,7.22,4.4,mb,13,142,3.16,0.85,us,us7000ten5,2026-09-17T07:26:57.040Z,"36 km NNE of Labuan Bajo, Indonesia",earthquake,15.46,4.495,0.149,13,reviewed,us,us
2026-09-06T05:31:30.680Z,19.638,-155.09633333333,34.45,2.93,ml,57,80,0.06663,0.15,hv,hv75029952,2026-09-17T06:25:47.040Z,"5 km NW of Kurtistown, Hawaii",earthquake,0.33,0.56,0.18714110923957,42,reviewed,hv,hv
2026-09-06T05:15:46.477Z,40.7395,142.9012,40.347,4.9,mb,62,121,1.289,0.56,us,us7000temw,2026-09-17T06:18:04.040Z,"113 km ENE of Kuji, Japan",earthquake,7.93,7.047,0.033,281,reviewed,us,us
2026-09-06T05:10:07.336Z,52.0413,-169.1915,10,2.8,ml,17,228,0.814,0.48,us,us7000tg3r,2026-09-17T06:09:03.040Z,"102 km SSW of Nikolski, Alaska",earthquake,3.94,1.978,0.115,10,reviewed,us,us
2026-09-06T04:52:40.376Z,-28.5523,-176.8095,10,4.6,mb,21,152,1.2,0.61,us,us7000temt,2026-09-06T05:29:02.040Z,"Kermadec Islands region",earthquake,11.51,1.927,0.137,16,reviewed,us,us
2026-09-06T04:26:27.243Z,52.022,-169.398,22.3,2.9,ml,15,299,0.8,0.3,ak,aka2026rqkigh,2026-09-09T16:21:07.879Z,"108 km SSW of Nikolski, Alaska",earthquake,19.4,8.6465,0.1,11,reviewed,ak,ak
2026-09-06T04:22:24.147Z,51.9656,-169.2934,24.971,3.8,mb,37,181,0.863,1.14,us,us7000ten1,2026-09-19T03:58:52.040Z,"112 km SSW of Nikolski, Alaska",earthquake,5.79,8.385,0.153,11,reviewed,us,us
2026-09-06T04:12:58.722Z,51.269,-178.613,1,2.5,ml,26,210,0.3,0.4,ak,aka2026rqjwhd,2026-09-09T16:19:14.977Z,"152 km WSW of Adak, Alaska",earthquake,7.8,3.1296,0.2,18,reviewed,ak,ak
2026-09-06T04:05:30.141Z,-11.0595,162.519,38.543,5.6,mww,60,58,3,1.26,us,us7000temi,2026-09-07T04:49:01.075Z,"93 km SE of Kirakira, Solomon Islands",earthquake,9.23,6.756,0.069,20,reviewed,us,us
2026-09-06T04:00:21.725Z,12.3142,-90.4217,10,4.3,mb,23,265,1.635,1.1,us,us7000teme,2026-09-06T04:12:02.040Z,"155 km SSW of Acajutla, El Salvador",earthquake,9.05,2.011,0.079,45,reviewed,us,us
2026-09-06T03:55:41.650Z,18.527666666667,-64.4975,7.34,3.41,md,5,218,0.09766,0.04,pr,pr71531063,2026-09-06T09:55:11.860Z,"38 km NE of Cruz Bay, U.S. Virgin Islands",earthquake,0.84,0.32,0.070339208662041,9,reviewed,pr,pr
2026-09-06T03:25:30.663Z,50.995,-175.657,7.9,2.6,ml,11,268,1,0.4,ak,aka2026rqihcq,2026-09-09T16:17:26.475Z,"119 km SE of Adak, Alaska",earthquake,11.8,6.3118,0.1,8,reviewed,ak,ak
2026-09-06T02:56:32.601Z,14.1551,-93.2487,10,5.3,mww,57,142,2.371,1.16,us,us7000tem2,2026-09-06T03:25:40.103Z,"108 km SW of Puerto Madero, Mexico",earthquake,4.41,1.911,0.044,49,reviewed,us,us
2026-09-06T02:35:05.796Z,51.068,-179.512,17.7,3.1,ml,28,227,0.7,0.6,ak,aka2026rqgpjo,2026-09-09T16:05:46.671Z,"219 km WSW of Adak, Alaska",earthquake,5.1,3.9714,0.2,22,reviewed,ak,ak
2026-09-06T02:29:38.307Z,39.8141,75.8859,10,4.4,mb,20,113,2.352,1.21,us,us7000tem0,2026-09-19T03:41:07.040Z,"39 km NNW of Kashgar, China",earthquake,7.25,1.925,0.19,8,reviewed,us,us
2026-09-06T02:19:00.831Z,53.275,-167.228,77.6,2.7,ml,25,207,0.4,0.4,ak,aka2026rqgbnb,2026-09-09T16:04:56.499Z,"80 km SW of Unalaska, Alaska",earthquake,29.3,9.1528,0.1,19,reviewed,ak,ak
2026-09-06T02:13:27.506Z,70.6365,-14.92,10,4.2,mb,12,73,6.394,0.77,us,us7000tely,2026-09-06T02:53:52.040Z,"230 km W of Olonkinbyen, Svalbard and Jan Mayen",earthquake,10.78,1.72,0.216,6,reviewed,us,us
2026-09-06T01:27:25.731Z,-20.6208,-69.9347,49.996,3.5,ml,8,134,0.285,0.53,us,us7000telw,2026-09-06T23:18:25.201Z,"42 km SSE of La Tirana, Chile",earthquake,3.94,8.529,0.081,20,reviewed,us,us
2026-09-06T01:06:55.144Z,51.441,-177.3306,61.755,2.5,ml,20,210,0.326,0.23,us,us7000tg2g,2026-09-20T04:25:38.040Z,"68 km SW of Adak, Alaska",earthquake,6.95,17.928,0.097,14,reviewed,us,us
2026-09-06T01:06:51.889Z,52.13,-169.192,7.8,2.8,ml,10,287,0.7,0.7,ak,aka2026rqdqxm,2026-09-09T15:53:56.345Z,"92 km SSW of Nikolski, Alaska",earthquake,27.3,15.6663,0.1,8,reviewed,ak,ak
2026-09-06T00:59:23.448Z,55.917,-159.742,8.5,2.8,ml,23,177,0.2,0.6,ak,aka2026rqdkkp,2026-09-09T15:52:13.012Z,"16 km W of Ivanof Bay, Alaska",earthquake,8,2.8926,0.1,19,reviewed,ak,ak
2026-09-05T23:58:12.702Z,51.7798,179.5341,111.327,2.6,ml,13,98,0.156,0.28,us,us7000tggj,2026-09-21T05:01:09.040Z,"264 km W of Adak, Alaska",earthquake,5.45,4.867,0.105,12,reviewed,us,us
2026-09-05T23:46:26.056Z,-18.8949,169.2507,240.38,4.6,mb,44,78,4.066,0.8,us,us7000telf,2026-09-06T00:11:59.040Z,"71 km N of Isangel, Vanuatu",earthquake,11.09,8.659,0.067,66,reviewed,us,us
2026-09-05T23:31:38.296Z,61.252,-149.914,38.9,2.9,ml,125,23,0.1,0.8,ak,aka2026rqamip,2026-09-10T05:37:41.939Z,"3 km N of Anchorage, Alaska",earthquake,1.9,1.433,0.1,91,reviewed,ak,ak
2026-09-05T23:15:16.215Z,69.319,-147.124,15.7,3.9,ml,84,79,0.3,0.8,ak,aka2026rpzydz,2026-09-17T21:42:24.680Z,"114 km SSE of Prudhoe Bay, Alaska",earthquake,2.8,2.4727,0.1,49,reviewed,ak,ak
2026-09-05T22:47:43.339Z,53.5548,-169.9426,190.722,3,ml,21,172,0.675,0.66,us,us7000tg6e,2026-09-21T05:34:12.040Z,"99 km NW of Nikolski, Alaska",earthquake,17.03,21.16,0.097,14,reviewed,us,us
2026-09-05T22:37:24.869Z,51.0158,175.2182,10,3.2,ml,12,343,2.261,0.59,us,us7000tg6c,2026-09-21T05:11:48.040Z,"247 km SSE of Attu Station, Alaska",earthquake,9.09,2.028,0.115,12,reviewed,us,us
2026-09-05T22:33:55.994Z,3.2041,127.7577,101.325,4.1,mb,19,142,4.41,0.65,us,us7000tel7,2026-09-06T00:28:14.040Z,"165 km N of Tobelo, Indonesia",earthquake,17.17,10.045,0.144,15,reviewed,us,us
2026-09-05T22:09:40.014Z,51.355,-176.562,26.5,2.5,ml,26,220,0.5,0.5,ak,aka2026rpxtgq,2026-09-09T21:31:15.048Z,"57 km S of Adak, Alaska",earthquake,7.7,3.1678,0.3,19,reviewed,ak,ak
2026-09-05T21:06:01.351Z,-19.914,170.104,10,4.7,mb,24,104,3.654,1,us,us7000tel1,2026-09-05T21:39:02.040Z,"95 km ESE of Isangel, Vanuatu",earthquake,8.42,1.738,0.137,16,reviewed,us,us
2026-09-05T19:51:13.826Z,37.4171,72.0665,191.788,4.2,mb,37,108,0.954,0.51,us,us7000tekr,2026-09-12T13:19:38.040Z,"46 km E of Khorugh, Tajikistan",earthquake,7.05,6.038,0.115,21,reviewed,us,us
2026-09-05T19:16:47.676Z,51.284,-176.3113,35,3.2,ml,19,219,0.582,0.95,us,us7000tg5z,2026-09-12T15:47:35.040Z,"69 km SSE of Adak, Alaska",earthquake,3.81,2.01,0.091,16,reviewed,us,us
2026-09-05T18:46:09.055Z,-39.2175,173.8015,10.089,3.9,ml,23,162,0.75,0.4,us,us7000tekj,2026-09-06T13:54:48.547Z,"12 km N of Rahotu, New Zealand",earthquake,2.73,6.76,0.056,42,reviewed,us,us
2026-09-05T18:32:22.411Z,53.476,-164.814,15.6,2.5,ml,16,275,0.8,0.4,ak,aka2026rpqmxp,2026-09-09T20:47:46.768Z,"96 km SE of Akutan, Alaska",earthquake,7.3,6.7881,0.1,13,reviewed,ak,ak
2026-09-05T18:11:38.386Z,52.282,-169.098,20,2.8,ml,11,277,0.6,0.6,ak,aka2026rppuxz,2026-09-09T20:44:36.344Z,"74 km SSW of Nikolski, Alaska",earthquake,10.4,0,0.1,8,reviewed,ak,ak
2026-09-05T18:00:08.219Z,52.2263,-169.32,28.945,4.9,mb,121,65,0.613,0.62,us,us7000tek7,2026-09-13T17:04:39.040Z,"85 km SSW of Nikolski, Alaska",earthquake,4.25,5.319,0.029,363,reviewed,us,us
2026-09-05T17:25:55.160Z,18.191166666667,-67.389,14.55,2.7,md,10,212,0.1967,0.29,pr,pr71531008,2026-09-05T17:36:42.430Z,"20 km SW of Stella, Puerto Rico",earthquake,1.02,1.44,0.022452223927293,5,reviewed,pr,pr
2026-09-05T17:25:52.639Z,-0.503,67.803,10,5.4,mww,128,47,5.285,0.48,us,us7000tevq,2026-09-12T15:34:55.481Z,"Carlsberg Ridge",earthquake,6.41,1.69,0.093,11,reviewed,us,us
2026-09-05T17:02:11.369Z,-19.7418,170.1102,9,5.6,mww,83,82,3.787,0.7,us,us7000tek0,2026-09-13T15:33:47.236Z,"89 km ESE of Isangel, Vanuatu",earthquake,7.98,1.788,0.041,56,reviewed,us,us
2026-09-05T16:14:22.203Z,52.022,-169.282,19.7,3,ml,15,290,0.8,0.3,ak,aka2026rplxes,2026-09-10T21:46:43.191Z,"105 km SSW of Nikolski, Alaska",earthquake,15.6,10.4016,0.1,13,reviewed,ak,ak
2026-09-05T16:09:37.797Z,52.259,-169.06,5,2.7,ml,8,282,0.7,0.4,ak,aka2026rpltcn,2026-09-10T21:45:42.895Z,"76 km S of Nikolski, Alaska",earthquake,9.1,0,0.1,6,reviewed,ak,ak
2026-09-05T14:49:53.888Z,52.253,-169.047,7.3,3,ml,19,275,0.7,0.5,ak,aka2026rpjbxj,2026-09-10T22:23:43.386Z,"77 km S of Nikolski, Alaska",earthquake,7.7,4.7567,0.1,15,reviewed,ak,ak
2026-09-05T14:46:57.836Z,31.715,-101.703,6.8115,3.6,ml,36,59,0.1,0.1,tx,tx2026rmntsl,2026-09-06T14:51:41.524Z,"26 km SW of Garden City, Texas",earthquake,0.63037351414987,0.62745645254609,0.1,36,reviewed,tx,tx
2026-09-05T14:40:59.014Z,53,-166.636,15,2.6,ml,31,231,0.8,0.4,ak,aka2026rpiugj,2026-09-10T22:22:45.534Z,"97 km S of Unalaska, Alaska",earthquake,4.8,5.1054,0.1,22,reviewed,ak,ak
2026-09-05T14:12:06.943Z,-4.5717,153.7143,109,5.5,mww,181,24,1.592,0.75,us,us7000teji,2026-09-08T16:39:21.963Z,"162 km E of Kokopo, Papua New Guinea",earthquake,19.69,1.988,0.053,34,reviewed,us,us
2026-09-05T14:06:07.776Z,1.0574,98.6095,91.853,5.2,mb,79,43,4.672,0.83,us,us7000tejg,2026-09-05T15:19:19.040Z,"77 km SSW of Sibolga, Indonesia",earthquake,9.24,5.729,0.072,64,reviewed,us,us
2026-09-05T14:02:29.102Z,51.777,-179.539,119.4,2.5,ml,18,149,0.5,0.5,ak,aka2026rphmgf,2026-09-08T06:25:37.505Z,"200 km W of Adak, Alaska",earthquake,17.7,3.8988,0.2,12,reviewed,ak,ak
2026-09-05T13:23:36.074Z,51.268,-176.308,19.3,2.6,ml,29,228,0.6,0.6,ak,aka2026rpgfdk,2026-09-10T22:16:47.413Z,"71 km SSE of Adak, Alaska",earthquake,4.9,3.1934,0.1,21,reviewed,ak,ak
2026-09-05T12:55:23.982Z,51.916,-169.088,6.7,2.8,ml,14,294,1,0.5,ak,aka2026rpfgpw,2026-09-10T21:57:43.510Z,"114 km S of Nikolski, Alaska",earthquake,11.2,4.9039,0.1,11,reviewed,ak,ak
2026-09-05T12:55:05.900Z,-14.4297,167.1658,174.931,4.4,mb,44,131,6.678,0.78,us,us7000tejc,2026-09-17T05:58:36.040Z,"68 km N of Port-Olry, Vanuatu",earthquake,12.26,6.827,0.091,35,reviewed,us,us
2026-09-05T12:35:00.376Z,-8.1275,120.7002,10,4.5,mb,13,141,3.233,0.78,us,us7000teja,2026-09-16T15:08:37.040Z,"59 km NNE of Ruteng, Indonesia",earthquake,12.39,1.931,0.15,13,reviewed,us,us
2026-09-05T12:27:08.204Z,52.1003,-169.2302,10,2.8,ml,20,226,0.751,0.35,us,us7000tggr,2026-09-16T14:33:42.040Z,"96 km SSW of Nikolski, Alaska",earthquake,4.52,1.986,0.097,14,reviewed,us,us
2026-09-05T11:37:12.553Z,-26.1078,-66.7176,10,5.1,mww,52,84,2.759,1.45,us,us7000tej2,2026-09-06T02:37:08.864Z,"69 km E of Antofagasta de la Sierra, Argentina",earthquake,9.53,1.802,0.061,26,reviewed,us,us
2026-09-05T11:32:16.768Z,51.013,-179.835,6.5,2.6,ml,21,240,0.7,0.5,ak,aka2026rpcmgg,2026-09-08T07:11:33.300Z,"242 km WSW of Adak, Alaska",earthquake,6.7,2.591,0.1,13,reviewed,ak,ak
2026-09-05T11:09:28.270Z,46.2465,-122.642,17.67,3.75,ml,142,17,0.07882,0.1,uw,uw714095342,2026-09-16T14:18:44.336Z,"20 km E of Castle Rock, Washington",earthquake,0.08,0.23,0.1590739744221,145,reviewed,uw,uw
2026-09-05T10:59:17.893Z,-4.2988,102.745,88.845,4.9,mb,51,103,6.149,0.88,us,us7000teiy,2026-09-16T13:54:22.927Z,"63 km WSW of Pagar Alam, Indonesia",earthquake,12.21,7.501,0.071,63,reviewed,us,us
2026-09-05T10:55:25.986Z,69.452,-144.017,5,2.6,ml,30,128,0.2,0.5,ak,aka2026rpbhgy,2026-09-16T13:48:57.040Z,"77 km S of Kaktovik, Alaska",earthquake,4.3,0,0.2,18,reviewed,ak,ak
2026-09-05T10:54:04.830Z,-9.0092,67.4744,10,4.6,mb,32,68,5.177,0.74,us,us7000tg9y,2026-09-16T13:40:55.040Z,"Mid-Indian Ridge",earthquake,6.11,1.824,0.109,25,reviewed,us,us
2026-09-05T10:22:40.423Z,63.188,-147.728,1.1,2.6,ml,70,18,0.2,0.8,ak,aka2026rpaefz,2026-09-16T13:37:34.040Z,"65 km ESE of Cantwell, Alaska",earthquake,1.7,1.4888,0.1,49,reviewed,ak,ak
2026-09-05T10:03:21.628Z,44.2591,-114.9226,10,2.9,ml,38,57,0.162,0.79,us,us7000tein,2026-09-16T13:22:38.836Z,"4 km NNE of Stanley, Idaho",earthquake,3.3,2.01,0.037,96,reviewed,us,us
2026-09-05T09:58:33.248Z,52.033,-169.377,19.8,2.7,ml,14,297,0.8,0.4,ak,aka2026rozjmg,2026-09-08T07:02:42.361Z,"106 km SSW of Nikolski, Alaska",earthquake,16.4,10.9919,0.1,11,reviewed,ak,ak
2026-09-05T09:14:20.961Z,3.2828,96.2796,47.471,4.5,mb,30,98,4.792,0.84,us,us7000teim,2026-09-16T13:19:24.040Z,"79 km SW of Blangpidie, Indonesia",earthquake,11.46,8.169,0.112,23,reviewed,us,us
2026-09-05T09:08:57.391Z,52.156,-169.427,14.3,2.7,ml,18,290,0.7,0.6,ak,aka2026roxsmb,2026-09-08T06:58:41.827Z,"95 km SSW of Nikolski, Alaska",earthquake,10.4,4.7282,0.1,13,reviewed,ak,ak
2026-09-05T08:13:01.712Z,-21.273,-67.7185,217.301,4.3,mb,38,105,1.511,0.49,us,us7000tei5,2026-09-05T09:20:40.040Z,"55 km E of Ollagüe, Chile",earthquake,9,9.078,0.1,28,reviewed,us,us
2026-09-05T07:54:23.150Z,19.5255,-66.1496,11,3.68,md,22,223,1.2183,0.47,pr,pr2026248001,2026-09-05T09:38:15.401Z,"117 km N of San Juan, Puerto Rico",earthquake,1.67,3.1,0.04,18,reviewed,pr,pr
2026-09-05T07:28:23.913Z,-20.4897,-68.9315,109.393,4.4,mb,35,100,0.853,0.78,us,us7000tei1,2026-09-05T07:55:44.040Z,"77 km ESE of La Tirana, Chile",earthquake,6.07,6.568,0.095,32,reviewed,us,us
2026-09-05T06:34:55.998Z,-0.1498,123.1527,202.347,4.5,mb,70,84,20.156,0.93,us,us7000tehs,2026-09-05T07:17:57.040Z,"76 km S of Gorontalo, Indonesia",earthquake,12.18,7.918,0.067,65,reviewed,us,us
2026-09-05T06:18:04.259Z,52.085,-169.281,12.1,2.8,ml,21,287,0.8,0.4,ak,aka2026rosaix,2026-09-08T05:32:12.198Z,"99 km SSW of Nikolski, Alaska",earthquake,11.2,5.2538,0.1,16,reviewed,ak,ak
2026-09-05T05:52:15.001Z,51.734,-177.483,93,2.5,ml,33,179,0.2,0.3,ak,aka2026rordva,2026-09-08T06:19:39.903Z,"60 km WSW of Adak, Alaska",earthquake,17.9,2.407,0.3,25,reviewed,ak,ak
2026-09-05T05:23:16.838Z,51.004,-178.061,16.3,2.6,ml,24,231,0.7,0.4,ak,aka2026roqeps,2026-09-08T06:10:08.394Z,"138 km SW of Adak, Alaska",earthquake,4.9,4.0008,0.1,18,reviewed,ak,ak
2026-09-05T05:16:35.634Z,3.4509,-83.0826,10,4.4,mb,37,160,4.744,0.57,us,us7000tehg,2026-09-05T06:50:22.040Z,"off the coast of Central America",earthquake,9.17,1.921,0.107,25,reviewed,us,us
2026-09-05T05:00:06.778Z,3.5071,-83.151,10,5,mww,42,158,4.725,0.65,us,us7000tehe,2026-09-05T05:22:26.040Z,"off the coast of Central America",earthquake,9.05,1.926,0.052,36,reviewed,us,us
2026-09-05T04:47:41.261Z,-20.2639,-70.4621,44.494,2.7,ml,9,218,0.311,0.71,us,us7000teha,2026-09-05T15:24:43.534Z,"32 km W of Puerto, Chile",earthquake,10.19,13.142,0.091,16,reviewed,us,us
2026-09-05T04:18:54.169Z,52.093,-169.2208,27.228,2.7,ml,13,285,0.76,1.12,us,us7000tfrp,2026-09-20T02:03:17.040Z,"97 km SSW of Nikolski, Alaska",earthquake,5.54,8.22,0.128,8,reviewed,us,us
2026-09-05T04:09:58.791Z,52.3003,-169.4851,35,2.5,ml,12,282,0.508,1.21,us,us7000tfrn,2026-09-20T01:57:34.040Z,"82 km SSW of Nikolski, Alaska",earthquake,5.64,2.026,0.128,8,reviewed,us,us
2026-09-05T04:08:09.860Z,51.7149,-174.8871,24.18,2.5,ml,17,226,0.648,0.41,us,us7000tfrm,2026-09-20T01:53:25.040Z,"71 km SW of Atka, Alaska",earthquake,3.72,14.974,0.091,16,reviewed,us,us
2026-09-05T04:07:39.761Z,38.2114,74.1056,167.949,4.1,mb,14,186,1.28,0.53,us,us7000teh1,2026-09-19T02:38:31.040Z,"12 km ENE of Murghob, Tajikistan",earthquake,6.75,10.624,0.234,5,reviewed,us,us
2026-09-05T03:43:19.241Z,52.0882,-169.2971,10,2.8,ml,17,226,0.747,0.77,us,us7000tfrl,2026-09-20T01:48:16.040Z,"99 km SSW of Nikolski, Alaska",earthquake,3.05,1.868,0.097,14,reviewed,us,us
2026-09-05T03:41:56.490Z,32.3488,-104.5036,5,2.7,ml,30,74,0.189,0.49,us,us7000tegw,2026-09-05T03:52:53.040Z,"22 km NNW of Whites City, New Mexico",earthquake,1.35,1.808,0.06,36,reviewed,us,us
2026-09-05T03:16:27.385Z,52.0606,-169.223,10,3,ml,17,226,0.789,0.83,us,us7000tfrk,2026-09-19T22:22:40.040Z,"100 km SSW of Nikolski, Alaska",earthquake,3.09,1.977,0.097,14,reviewed,us,us
2026-09-05T03:14:57.290Z,17.931166666667,-66.953666666667,9.69,2.57,md,5,236,0.0832,0.07,pr,pr71530943,2026-09-05T10:13:16.950Z,"6 km SW of Guánica, Puerto Rico",earthquake,0.5,0.8,0.18128672996424,5,reviewed,pr,pr
2026-09-05T03:10:36.910Z,19.101833333333,-67.438333333333,5.96,3.36,md,19,204,0.703,0.28,pr,pr71530933,2026-09-05T12:28:52.880Z,"76 km NNW of San Antonio, Puerto Rico",earthquake,1,1.1,0.092400423455627,12,reviewed,pr,pr
2026-09-05T03:09:06.980Z,19.0715,-67.4855,3.52,3.06,md,17,241,0.6834,0.37,pr,pr71531083,2026-09-06T13:21:07.290Z,"76 km NNW of San Antonio, Puerto Rico",earthquake,1.75,1.87,0.072733741257038,15,reviewed,pr,pr
2026-09-05T03:08:53.644Z,44.3304,-124.8858,10,2.9,ml,45,126,0.301,1.05,us,us7000tegq,2026-09-08T23:43:19.950Z,"62 km W of Yachats, Oregon",earthquake,3,1.843,0.04,82,reviewed,us,us
2026-09-05T03:07:04.540Z,19.120666666667,-67.457666666667,4.19,3.27,md,21,194,0.7279,0.39,pr,pr71530918,2026-09-19T01:56:03.040Z,"79 km NNW of San Antonio, Puerto Rico",earthquake,1.3,1.62,0.08468736484625,15,reviewed,pr,pr
2026-09-05T02:57:35.105Z,52.0662,-169.2938,17.281,3.2,ml,21,225,0.768,0.78,us,us7000tehp,2026-09-19T03:04:26.040Z,"101 km SSW of Nikolski, Alaska",earthquake,4.03,12.48,0.085,18,reviewed,us,us
2026-09-05T02:16:18.000Z,18.093,-66.927666666667,20.33,2.67,md,11,65,0.126,0.19,pr,pr71530908,2026-09-05T03:00:46.100Z,"3 km ENE of Sabana Grande, Puerto Rico",earthquake,0.47,1.49,0.040904122959279,9,reviewed,pr,pr
2026-09-05T02:00:39.266Z,52.1092,-169.3135,29.067,3.1,ml,22,224,0.723,0.76,us,us7000tfrg,2026-09-19T22:18:17.040Z,"97 km SSW of Nikolski, Alaska",earthquake,5.63,16.41,0.091,16,reviewed,us,us
2026-09-05T01:41:01.465Z,-30.7935,-177.8256,33.579,4.8,mb,17,153,1.546,1.44,us,us7000tegg,2026-09-05T02:02:30.040Z,"Kermadec Islands, New Zealand",earthquake,12.56,8.062,0.161,13,reviewed,us,us
2026-09-05T01:09:23.076Z,21.1417,99.4047,10,4.4,mb,34,86,1.284,0.86,us,us7000tegc,2026-09-19T01:43:14.040Z,"76 km SW of Kēng Tung, Burma (Myanmar)",earthquake,4.6,1.886,0.12,20,reviewed,us,us
2026-09-05T00:41:14.551Z,51.5852,-178.4377,10.895,2.6,ml,18,187,0.237,0.44,us,us7000terv,2026-09-21T05:06:29.040Z,"128 km WSW of Adak, Alaska",earthquake,1.32,6.319,0.081,20,reviewed,us,us
2026-09-05T00:30:06.286Z,69.911,-143.309,18.3,2.5,ml,12,246,0.3,0.8,ak,aka2026rogkmi,2026-09-21T04:53:30.040Z,"27 km SSE of Kaktovik, Alaska",earthquake,10.8,3.1067,0.2,9,reviewed,ak,ak
2026-09-05T00:22:45.357Z,40.6426,143.5636,33.857,4.5,mb,18,177,1.405,0.53,us,us7000teg7,2026-09-05T00:50:28.040Z,"159 km ENE of Noda, Japan",earthquake,7.37,7.283,0.171,10,reviewed,us,us
2026-09-05T00:22:03.391Z,53.4202,-170.4628,159.131,3.4,ml,23,171,0.6,0.35,us,us7000tfrb,2026-09-21T01:06:08.040Z,"119 km WNW of Nikolski, Alaska",earthquake,11.69,6.092,0.077,24,reviewed,us,us
2026-09-04T23:54:25.319Z,51.342,179.0249,57.992,2.6,ml,15,252,0.177,0.37,us,us7000tfz4,2026-09-21T00:45:25.040Z,"Rat Islands, Aleutian Islands, Alaska",earthquake,6.18,4.449,0.105,12,reviewed,us,us
2026-09-04T23:52:29.825Z,44.9418,149.9838,32,5.5,mww,105,82,5.348,1.19,us,us7000tefx,2026-09-05T23:59:01.035Z,"168 km ESE of Kuril’sk, Russia",earthquake,9.48,1.886,0.068,21,reviewed,us,us
2026-09-04T23:38:40.750Z,9.3835,-40.8105,10,5.1,mww,86,38,12.481,0.99,us,us7000tefw,2026-09-25T05:06:28.040Z,"central Mid-Atlantic Ridge",earthquake,8.95,1.858,0.103,9,reviewed,us,us
2026-09-04T23:37:18.230Z,19.052166666667,-66.4545,11.07,2.94,md,9,268,0.7347,0.18,pr,pr71530898,2026-09-05T00:00:08.650Z,"65 km N of Tierras Nuevas Poniente, Puerto Rico",earthquake,2.25,3.23,0.079900142284472,4,reviewed,pr,pr
2026-09-04T23:31:40.665Z,64.623,-147.744,18.2,2.7,ml,59,26,0,0.9,ak,aka2026roelvg,2026-09-05T06:10:35.043Z,"20 km S of South Van Horn, Alaska",earthquake,2.1,1.127,0.1,42,reviewed,ak,ak
2026-09-04T23:23:26.925Z,60.727,-151.413,76.8,2.5,ml,85,29,0.1,0.6,ak,aka2026roeesm,2026-09-09T02:11:14.702Z,"7 km WNW of Nikiski, Alaska",earthquake,2.2,2.15,0.2,60,reviewed,ak,ak
2026-09-04T23:17:48.392Z,-8.2997,120.6133,10,4.5,mb,17,129,3.374,1.17,us,us7000tefr,2026-09-05T00:37:05.040Z,"38 km NNE of Ruteng, Indonesia",earthquake,14.47,1.933,0.128,18,reviewed,us,us
2026-09-04T23:14:17.831Z,31.667,-104.37,6.9202,2.5,ml,32,69,0,0.2,tx,tx2026rliwah,2026-09-25T05:22:11.040Z,"56 km S of Whites City, New Mexico",earthquake,0.77761189213663,0.8259753956725,0.2,24,reviewed,tx,tx
2026-09-04T21:56:09.377Z,13.9138,144.6973,143.819,4.2,mb,21,123,0.363,0.55,us,us7000tgdn,2026-09-21T19:10:47.040Z,"46 km NNW of Dededo Village, Guam",earthquake,15.25,5.433,0.141,14,reviewed,us,us
2026-09-04T21:41:07.245Z,10.147,-83.9351,93.926,4.2,mb,19,63,0.226,0.63,us,us7000tgdp,2026-09-21T22:18:51.040Z,"18 km WSW of Guápiles, Costa Rica",earthquake,6.06,3.534,0.159,11,reviewed,us,us
2026-09-04T21:10:31.671Z,13.2445,-89.8867,39.874,4.2,mb,27,170,0.589,1.33,us,us7000teew,2026-09-25T05:17:51.040Z,"39 km S of Acajutla, El Salvador",earthquake,5.82,10.238,0.128,17,reviewed,us,us
2026-09-04T20:53:29.293Z,14.339,120.5979,156.132,4.3,mb,55,144,8.446,0.85,us,us7000teer,2026-09-04T22:53:58.728Z,"12 km S of Cabcaben, Philippines",earthquake,14.78,9.547,0.076,49,reviewed,us,us
2026-09-04T19:49:04.120Z,54.796,-156.983,28.5,3.5,ml,58,223,1.8,1.1,ak,aka2026rnwxzf,2026-09-04T23:17:07.099Z,"184 km SE of Perryville, Alaska",earthquake,9.3,12.3615,0.2,43,reviewed,ak,ak
2026-09-04T19:40:20.409Z,57.795,-153.208,42,2.6,ml,52,93,0.3,0.9,ak,aka2026rnwtcx,2026-09-05T04:56:55.598Z,"20 km WSW of Port Lions, Alaska",earthquake,3.7,5.8663,0.2,36,reviewed,ak,ak
2026-09-04T18:34:01.468Z,-40.7313,174.7564,48.818,4.6,mwr,37,35,0.578,1.01,us,us7000tede,2026-09-13T15:02:13.959Z,"28 km NW of Raumati Beach, New Zealand",earthquake,2.51,6.11,0.037,72,reviewed,us,us
2026-09-04T17:57:40.703Z,57.811,-156.199,131.6,3,ml,80,59,0.1,0.6,ak,aka2026rntifq,2026-09-12T15:36:00.040Z,"78 km ENE of Ugashik, Alaska",earthquake,4,1.5424,0.2,60,reviewed,ak,ak
2026-09-04T17:29:21.990Z,52.269,-169.505,24.8,2.6,ml,10,288,0.6,0.5,ak,aka2026rnsjrj,2026-09-05T04:25:34.984Z,"86 km SSW of Nikolski, Alaska",earthquake,13.9,7.121,0.1,7,reviewed,ak,ak
2026-09-04T17:27:34.948Z,52.491,-169.873,24,2.6,ml,16,211,0.3,0.9,ak,aka2026rnsigz,2026-09-05T04:25:49.259Z,"84 km SW of Nikolski, Alaska",earthquake,13.9,4.8593,0.2,12,reviewed,ak,ak
2026-09-04T17:01:54.455Z,57.111,-157.702,2.9,2.8,ml,40,136,0.3,0.8,ak,aka2026rnrlvm,2026-09-13T14:59:22.040Z,"48 km SSW of Ugashik, Alaska",earthquake,5.9,2.1148,0.1,31,reviewed,ak,ak
2026-09-04T16:39:19.777Z,50.103,179.4176,10,3,ml,12,284,1.279,0.58,us,us7000teg6,2026-09-05T17:12:47.040Z,"Rat Islands, Aleutian Islands, Alaska",earthquake,7.97,2.025,0.091,16,reviewed,us,us
2026-09-04T16:33:04.543Z,50.1674,179.5213,10,3.3,ml,15,277,1.221,0.7,us,us7000tecs,2026-09-05T17:07:30.040Z,"Rat Islands, Aleutian Islands, Alaska",earthquake,7.88,2.025,0.091,16,reviewed,us,us
2026-09-04T16:24:40.634Z,1.3016,99.0782,122.009,5.1,mb,83,41,4.261,0.76,us,us7000teck,2026-09-13T20:38:11.040Z,"23 km WSW of Padangsidempuan, Indonesia",earthquake,9.21,5.292,0.061,87,reviewed,us,us
2026-09-04T15:33:42.795Z,52.0167,-169.395,10,2.9,ml,17,227,0.797,0.72,us,us7000teg1,2026-09-05T16:59:07.040Z,"108 km SSW of Nikolski, Alaska",earthquake,3.49,1.921,0.097,14,reviewed,us,us
2026-09-04T15:04:54.611Z,56.701,-148.745,5,2.7,ml,21,225,2.4,0.8,ak,aka2026rnnoli,2026-09-09T05:44:50.836Z,"236 km ESE of Chiniak, Alaska",earthquake,8.5,0,0.2,16,reviewed,ak,ak
2026-09-04T15:01:26.650Z,19.148,-155.50183333333,32.87,3.28,ml,56,146,0.03827,0.12,hv,hv75029287,2026-09-13T20:15:18.040Z,"6 km SSW of Pāhala, Hawaii",earthquake,0.45,0.51,0.14953237972575,44,reviewed,hv,hv
2026-09-04T14:52:35.582Z,52.4212,-169.3023,35,3.1,ml,19,216,0.447,0.8,us,us7000tecd,2026-09-05T16:54:50.040Z,"64 km SSW of Nikolski, Alaska",earthquake,4.66,2.002,0.097,14,reviewed,us,us
2026-09-04T14:39:54.001Z,52.2007,-169.4478,35,3.9,mb,38,214,0.611,0.79,us,us7000tecc,2026-09-17T21:35:30.367Z,"91 km SSW of Nikolski, Alaska",earthquake,6.21,2.011,0.142,13,reviewed,us,us
2026-09-04T14:09:52.780Z,62.825,-150.634,92.8,2.5,ml,76,39,0.3,0.7,ak,aka2026rnlsie,2026-09-04T23:41:16.826Z,"37 km N of Petersville, Alaska",earthquake,2.3,2.6276,0.2,54,reviewed,ak,ak
2026-09-04T14:08:47.128Z,52.0409,-169.1361,10,2.9,ml,16,228,0.829,0.59,us,us7000tefv,2026-09-05T16:23:50.040Z,"101 km S of Nikolski, Alaska",earthquake,2.92,1.979,0.105,12,reviewed,us,us
2026-09-04T14:06:56.420Z,18.863666666667,-67.602166666667,5.91,3.21,md,31,200,0.4907,0.46,pr,pr71530888,2026-09-13T19:53:41.040Z,"67 km NW of San Antonio, Puerto Rico",earthquake,1.24,1.1,0.09755335392262,17,reviewed,pr,pr
2026-09-04T13:47:54.988Z,-25.7609,-177.087,100.7,4.9,mb,31,135,3.55,1.09,us,us7000tea7,2026-09-13T19:45:29.040Z,"south of the Fiji Islands",earthquake,10.7,5.643,0.122,22,reviewed,us,us
2026-09-04T12:20:33.180Z,19.157333333333,-155.48366666667,11.8,3.54,ml,54,130,0.02047,0.19,hv,hv75029197,2026-09-08T21:21:05.844Z,"5 km S of Pāhala, Hawaii",earthquake,0.41,0.33,0.2339160858532,42,reviewed,hv,hv
2026-09-04T12:11:54.197Z,63.532,-148.831,4.3,3,ml,114,18,0.1,1,ak,aka2026rnhuko,2026-09-05T00:54:56.667Z,"16 km NNE of Cantwell, Alaska",earthquake,2.1,1.9665,0.2,77,reviewed,ak,ak
2026-09-04T12:04:30.003Z,69.448,-143.67,5,2.7,ml,33,168,0.2,0.8,ak,aka2026rnhlam,2026-09-04T22:58:37.959Z,"76 km S of Kaktovik, Alaska",earthquake,4.9,0,0.2,22,reviewed,ak,ak
2026-09-04T12:03:11.920Z,53.438,-165.602,21.6,2.9,ml,28,247,0.7,0.5,ak,aka2026rnhmmg,2026-09-04T22:56:17.258Z,"78 km S of Akutan, Alaska",earthquake,6.7,5.5753,0.2,20,reviewed,ak,ak
2026-09-04T12:02:52.125Z,52.15,-169.125,15.1,3.1,ml,14,235,0.7,0.8,ak,aka2026rnhmoy,2026-09-04T22:56:09.653Z,"89 km SSW of Nikolski, Alaska",earthquake,6.5,5.057,0.2,10,reviewed,ak,ak
2026-09-04T11:59:58.323Z,-28.5616,-176.6452,10,5.4,mww,69,60,1.315,0.91,us,us7000te9t,2026-09-05T12:09:53.825Z,"Kermadec Islands region",earthquake,10.06,1.863,0.068,21,reviewed,us,us
2026-09-04T11:50:55.402Z,53.91,-163.643,18.8,2.6,ml,16,235,0.7,1,ak,aka2026rnhcer,2026-09-04T22:50:01.332Z,"106 km S of False Pass, Alaska",earthquake,6.3,5.1317,0.1,10,reviewed,ak,ak
2026-09-04T11:37:25.853Z,52.099,-169.331,11.4,2.9,ml,22,226,0.7,0.4,ak,aka2026rngqor,2026-09-04T22:44:20.031Z,"98 km SSW of Nikolski, Alaska",earthquake,8.1,4.4734,0.2,18,reviewed,ak,ak
2026-09-04T10:58:08.490Z,17.988666666667,-66.7555,10.34,2.94,md,24,150,0.04633,0.27,pr,pr71530873,2026-09-04T13:29:08.040Z,"3 km SSE of Magas Arriba, Puerto Rico",earthquake,0.43,0.59,0.13253586558334,11,reviewed,pr,pr
2026-09-04T10:23:45.287Z,52.215,-169.226,14.7,3.2,ml,23,227,0.6,0.7,ak,aka2026rneeni,2026-09-04T22:38:58.351Z,"84 km SSW of Nikolski, Alaska",earthquake,8.3,4.6022,0.1,17,reviewed,ak,ak
2026-09-04T10:11:11.301Z,52.437,-168.519,5,2.5,ml,13,258,0.6,0.5,ak,aka2026rndtuw,2026-09-04T22:37:02.153Z,"60 km SSE of Nikolski, Alaska",earthquake,9.8,0,0.1,10,reviewed,ak,ak
2026-09-04T10:08:42.514Z,52.455,-169.889,13.1,2.6,ml,13,217,0.3,0.9,ak,aka2026rndrmp,2026-09-04T22:35:36.450Z,"87 km SW of Nikolski, Alaska",earthquake,15.7,3.8194,0.3,10,reviewed,ak,ak
2026-09-04T09:26:18.360Z,45.233,-124.99983333333,3.9,2.55,md,23,311,0.8345,1.12,uw,uw714094612,2026-09-04T16:34:55.640Z,"81 km W of Neskowin, Oregon",earthquake,52.07,25.56,0.25481407675735,15,reviewed,uw,uw
2026-09-04T09:25:32.587Z,43.6383,-129.0824,10,3.7,mb,35,261,2.789,0.44,us,us7000te9b,2026-09-04T09:45:45.040Z,"off the coast of Oregon",earthquake,11.77,2.022,0.152,11,reviewed,us,us
2026-09-04T09:25:21.625Z,52.187,-169.246,12.3,3.5,ml,36,223,0.7,1,ak,aka2026rncfrf,2026-09-04T15:37:45.078Z,"87 km SSW of Nikolski, Alaska",earthquake,6.9,3.6237,0.1,27,reviewed,ak,ak
2026-09-04T09:17:00.960Z,35.01333333,-97.63633333,10.24,3.29,ml,98,39,0,0.2,ok,ok2026ried,2026-09-22T00:41:03.421Z,"2 km SSW of Dibble, Oklahoma",earthquake,,0.6,0.2,48,reviewed,ok,ok
2026-09-04T09:10:59.554Z,22.6727,121.6177,10,4.3,mb,42,204,0.517,0.66,us,us7000te98,2026-09-04T12:03:54.040Z,"116 km NE of Hengchun, Taiwan",earthquake,6.09,1.91,0.099,29,reviewed,us,us
2026-09-04T08:59:42.990Z,52.2584,-169.1749,21.66,2.7,ml,20,225,0.626,0.7,us,us7000tef4,2026-09-16T13:09:10.040Z,"78 km SSW of Nikolski, Alaska",earthquake,6.07,8.045,0.105,12,reviewed,us,us
2026-09-04T08:48:04.910Z,15.2554,120.0131,66.174,4.7,mb,45,124,7.589,0.72,us,us7000te95,2026-09-16T13:06:23.040Z,"0 km NW of Purac, Philippines",earthquake,15.13,9.124,0.073,57,reviewed,us,us
2026-09-04T08:43:48.762Z,52.1728,-169.2353,10.894,2.7,ml,18,227,0.683,0.85,us,us7000tef0,2026-09-16T13:00:05.040Z,"88 km SSW of Nikolski, Alaska",earthquake,5.39,9.322,0.115,10,reviewed,us,us
2026-09-04T08:32:07.497Z,52.1764,-169.414,35,2.6,ml,13,290,0.64,0.48,us,us7000teez,2026-09-16T12:55:24.040Z,"92 km SSW of Nikolski, Alaska",earthquake,6.37,2.027,0.148,6,reviewed,us,us
2026-09-04T08:31:22.740Z,18.346166666667,-65.581666666667,95.89,3.23,md,13,171,0.2867,0.27,pr,pr71530848,2026-09-04T09:48:53.340Z,"7 km ENE of Fajardo, Puerto Rico",earthquake,1.7,1.19,0.095199445880016,6,reviewed,pr,pr
2026-09-04T08:18:29.125Z,52.31,-168.993,4.8,2.7,ml,20,270,0.7,0.6,ak,aka2026rnaadr,2026-09-04T21:17:51.448Z,"70 km S of Nikolski, Alaska",earthquake,8.3,3.7647,0.1,15,reviewed,ak,ak
2026-09-04T08:11:51.174Z,5.7552,125.4394,80.225,4.4,mb,25,110,1.313,0.67,us,us7000tgd0,2026-09-16T12:51:27.040Z,"7 km WNW of Kalbay, Philippines",earthquake,14.17,8.247,0.117,21,reviewed,us,us
2026-09-04T08:09:20.135Z,55.0016,-162.9972,103.403,2.8,ml,19,153,0.225,0.44,us,us7000teev,2026-09-16T12:45:13.040Z,"27 km SW of Cold Bay, Alaska",earthquake,7.57,6.192,0.105,12,reviewed,us,us
2026-09-04T07:59:56.123Z,53.07,-166.808,37.1,2.5,ml,19,264,0.7,0.4,ak,aka2026rmzjyi,2026-09-04T21:07:53.984Z,"91 km SSW of Unalaska, Alaska",earthquake,7.9,12.827,0.2,18,reviewed,ak,ak
2026-09-04T07:56:27.982Z,52.0429,-169.323,10,2.7,ml,17,231,0.784,0.54,us,us7000tees,2026-09-16T12:37:10.040Z,"104 km SSW of Nikolski, Alaska",earthquake,3.21,1.985,0.115,10,reviewed,us,us
2026-09-04T07:45:11.776Z,37.4139,141.0534,89.47,4.3,mb,21,141,2.438,1.25,us,us7000tgcy,2026-09-16T10:24:33.040Z,"9 km SSE of Namie, Japan",earthquake,10.84,9.833,0.177,9,reviewed,us,us
2026-09-04T07:25:19.757Z,52.1592,-169.1728,10,2.8,ml,18,229,0.713,0.72,us,us7000teel,2026-09-13T08:55:56.040Z,"89 km SSW of Nikolski, Alaska",earthquake,2.78,1.782,0.115,10,reviewed,us,us
2026-09-04T07:07:10.800Z,52.1527,-169.1273,15.918,2.7,ml,18,232,0.732,0.87,us,us7000teek,2026-09-13T08:53:25.040Z,"89 km SSW of Nikolski, Alaska",earthquake,4.15,9.064,0.115,10,reviewed,us,us
2026-09-04T06:51:30.306Z,52.218,-169.103,1.3,2.8,ml,19,231,0.7,0.6,ak,aka2026rmxcpw,2026-09-04T20:43:41.654Z,"81 km SSW of Nikolski, Alaska",earthquake,10.2,6.3573,0.1,15,reviewed,ak,ak
2026-09-04T06:48:06.994Z,-21.3768,-68.5636,130.651,4.5,mb,21,84,0.757,0.93,us,us7000te8p,2026-09-04T13:27:46.040Z,"36 km WSW of Ollagüe, Chile",earthquake,7.37,6.332,0.145,14,reviewed,us,us
2026-09-04T06:45:54.522Z,-56.1536,-26.1632,10,5,mb,35,90,6.199,0.74,us,us7000te8r,2026-09-04T07:05:19.040Z,"South Sandwich Islands region",earthquake,12.64,1.909,0.098,33,reviewed,us,us
2026-09-04T06:12:08.083Z,51.9779,-169.3076,10,2.6,ml,14,291,0.849,0.65,us,us7000teee,2026-09-07T06:16:03.040Z,"111 km SSW of Nikolski, Alaska",earthquake,4.69,1.984,0.115,10,reviewed,us,us
2026-09-04T05:37:27.463Z,52.0453,-169.1385,11.383,2.5,ml,14,285,0.824,0.46,us,us7000teeb,2026-09-07T05:55:25.040Z,"101 km S of Nikolski, Alaska",earthquake,3.79,8.369,0.115,10,reviewed,us,us
2026-09-04T05:28:30.068Z,52.0005,-169.3049,10,2.6,ml,14,232,0.828,1.1,us,us7000tee9,2026-09-07T05:42:41.040Z,"108 km SSW of Nikolski, Alaska",earthquake,3.91,1.974,0.148,6,reviewed,us,us
2026-09-04T05:13:09.678Z,52.469,-168.49,4.1,2.6,ml,16,256,0.6,0.3,ak,aka2026rmtvjy,2026-09-04T20:04:04.000Z,"58 km SSE of Nikolski, Alaska",earthquake,13.9,6.5024,0.1,13,reviewed,ak,ak
2026-09-04T05:11:01.696Z,52.188,-169.071,9.6,2.7,ml,13,236,0.7,0.4,ak,aka2026rmttpu,2026-09-04T20:01:47.153Z,"84 km S of Nikolski, Alaska",earthquake,10.5,4.125,0.1,8,reviewed,ak,ak
2026-09-04T05:06:06.271Z,52.2581,-169.1366,11.614,2.8,ml,18,223,0.639,0.58,us,us7000tee4,2026-09-07T05:32:43.040Z,"78 km SSW of Nikolski, Alaska",earthquake,3.88,8.759,0.105,12,reviewed,us,us
2026-09-04T05:04:54.278Z,-7.9867,109.0409,10,5.2,mb,65,45,4.116,0.95,us,us7000te82,2026-09-05T05:54:46.068Z,"28 km S of Cilacap, Indonesia",earthquake,10.32,1.859,0.059,95,reviewed,us,us
2026-09-04T04:38:51.590Z,51.984,-169.175,3.9,3.5,ml,28,229,0.9,0.9,ak,aka2026rmsrrw,2026-09-04T15:09:41.347Z,"108 km S of Nikolski, Alaska",earthquake,6.8,3.6028,0.1,22,reviewed,ak,ak
2026-09-04T04:35:25.328Z,31.542,-104.129,8.5095,3.1,ml,15,68,0,0.1,tx,tx2026rjxsxm,2026-09-04T04:54:20.593Z,"40 km NW of Toyah, Texas",earthquake,0.95955327229286,0.60705329525372,0.1,34,reviewed,tx,tx
2026-09-04T04:13:28.530Z,51.909,-169.346,29.5,2.8,ml,13,242,0.9,0.5,ak,aka2026rmrvtf,2026-09-04T19:53:05.115Z,"119 km SSW of Nikolski, Alaska",earthquake,10,7.1924,0.1,9,reviewed,ak,ak
2026-09-04T03:41:05.882Z,52.264,-169.215,23.5,2.8,ml,14,281,0.6,0.4,ak,aka2026rmqtkk,2026-09-04T19:37:42.806Z,"78 km SSW of Nikolski, Alaska",earthquake,11.6,6.7272,0.1,11,reviewed,ak,ak
2026-09-04T03:34:45.206Z,51.939,-169.152,9.1,3.7,ml,21,236,0.9,0.7,ak,aka2026rmqnyo,2026-09-04T15:00:11.814Z,"113 km S of Nikolski, Alaska",earthquake,7.8,3.7867,0.1,14,reviewed,ak,ak
2026-09-04T03:33:10.594Z,54.5154,-159.815,35.625,4.1,mb,18,166,1.591,0.43,us,us7000te7s,2026-09-17T21:30:06.258Z,"101 km SSE of Sand Point, Alaska",earthquake,6.49,13.971,0.158,11,reviewed,us,us
2026-09-04T03:32:30.019Z,51.962,-169.312,24.1,2.8,ml,17,295,0.9,0.7,ak,aka2026rmqmge,2026-09-04T18:44:54.302Z,"112 km SSW of Nikolski, Alaska",earthquake,13.5,8.3979,0.1,11,reviewed,ak,ak
2026-09-04T02:50:54.740Z,51.927,-169.258,18.5,3,ml,20,239,0.9,0.3,ak,aka2026rmpbyg,2026-09-04T18:36:26.033Z,"115 km SSW of Nikolski, Alaska",earthquake,7.2,5.5224,0.1,14,reviewed,ak,ak
2026-09-04T02:39:46.939Z,52.161,-169.15,10.1,3,ml,22,284,0.7,0.6,ak,aka2026rmosja,2026-09-04T18:21:34.965Z,"88 km SSW of Nikolski, Alaska",earthquake,8.4,4.5751,0.1,18,reviewed,ak,ak
2026-09-04T02:28:38.697Z,51.9555,176.3482,10,5,mb,65,113,1.376,1.14,us,us7000te7l,2026-09-23T02:38:43.290Z,"236 km ESE of Attu Station, Alaska",earthquake,8.45,1.87,0.042,178,reviewed,us,us
2026-09-04T02:24:24.634Z,51.947,-169.118,8.4,2.8,ml,16,293,0.9,0.8,ak,aka2026rmofcn,2026-09-04T18:18:26.561Z,"111 km S of Nikolski, Alaska",earthquake,11.7,4.8455,0.1,12,reviewed,ak,ak
2026-09-04T02:21:35.982Z,51.961,-169.403,29.4,2.9,ml,19,237,0.8,0.9,ak,aka2026rmocwv,2026-09-04T18:14:45.514Z,"114 km SSW of Nikolski, Alaska",earthquake,8.7,5.6288,0.1,15,reviewed,ak,ak
2026-09-04T02:19:10.145Z,52.035,-169.256,12.4,2.8,ml,17,236,0.8,0.5,ak,aka2026rmoank,2026-09-04T18:11:23.659Z,"104 km SSW of Nikolski, Alaska",earthquake,9.5,4.7129,0.1,12,reviewed,ak,ak
2026-09-04T02:15:05.318Z,51.187,-178.286,16.7,3,ml,24,238,0.5,0.5,ak,aka2026rmnwvu,2026-09-04T18:07:20.413Z,"137 km SW of Adak, Alaska",earthquake,6.2,3.8645,0.1,19,reviewed,ak,ak
2026-09-04T02:06:58.275Z,52.0842,-169.3462,35.755,3.8,mb,41,179,0.74,0.81,us,us7000te7h,2026-09-17T21:18:57.747Z,"100 km SSW of Nikolski, Alaska",earthquake,4.83,9.455,0.093,30,reviewed,us,us
2026-09-04T02:05:48.554Z,52.01,-169.331,27.6,3.1,ml,22,234,0.8,0.4,ak,aka2026rmnoyi,2026-09-04T18:05:20.911Z,"108 km SSW of Nikolski, Alaska",earthquake,7.6,5.4088,0.1,18,reviewed,ak,ak
2026-09-04T01:59:08.345Z,52.042,-169.214,13.7,2.8,ml,15,236,0.9,0.6,ak,aka2026rmnjdn,2026-09-04T06:09:02.818Z,"102 km SSW of Nikolski, Alaska",earthquake,10,5.6341,0.1,11,reviewed,ak,ak
2026-09-04T01:50:31.991Z,51.958,-169.2582,10,3.8,mb,16,183,1.045,0.85,us,us7000te8j,2026-09-25T05:20:09.040Z,"112 km SSW of Nikolski, Alaska",earthquake,4.46,1.921,0.123,17,reviewed,us,us
2026-09-04T01:49:59.293Z,51.9688,-169.1801,10,2.8,ml,10,294,0.884,0.43,us,us7000te8h,2026-09-25T05:34:17.040Z,"110 km S of Nikolski, Alaska",earthquake,3.13,1.86,0.1,13,reviewed,us,ak
2026-09-04T01:47:38.401Z,52.0435,-169.2462,10,3.3,mb,21,232,0.8,0.57,us,us7000te8f,2026-09-25T04:28:05.040Z,"103 km SSW of Nikolski, Alaska",earthquake,3.57,1.981,0.242,4,reviewed,us,us
2026-09-04T01:37:59.974Z,52.0082,-169.244,10,3,ml,22,228,0.833,0.44,us,us7000te8e,2026-09-25T04:22:19.040Z,"106 km SSW of Nikolski, Alaska",earthquake,4.71,1.982,0.097,14,reviewed,us,us
2026-09-04T01:29:34.886Z,51.988,-169.125,7,2.9,ml,18,285,0.9,0.6,ak,aka2026rmmjmj,2026-09-04T05:55:33.084Z,"107 km S of Nikolski, Alaska",earthquake,10.5,5.1292,0.1,12,reviewed,ak,ak
2026-09-04T01:27:45.762Z,56.2955,-161.8297,221.892,2.8,ml,20,183,0.609,0.6,us,us7000te8b,2026-09-25T04:09:24.040Z,"50 km NW of Nelson Lagoon, Alaska",earthquake,11.27,7.962,0.128,8,reviewed,us,us
2026-09-04T01:15:33.735Z,52.1417,-169.1441,15.976,2.9,ml,16,231,0.737,0.47,us,us7000te89,2026-09-25T03:59:43.040Z,"90 km SSW of Nikolski, Alaska",earthquake,3.82,3.218,0.115,10,reviewed,us,us
2026-09-04T00:23:41.199Z,51.7802,-169.2672,10,2.8,ml,21,297,1.046,0.67,us,us7000te88,2026-09-21T00:40:05.040Z,"131 km SSW of Nikolski, Alaska",earthquake,7.61,2.006,0.115,10,reviewed,us,us
2026-09-04T00:01:42.886Z,52.0009,-169.2529,10,2.6,ml,11,293,0.838,0.73,us,us7000te87,2026-09-21T00:17:41.040Z,"107 km SSW of Nikolski, Alaska",earthquake,4.07,1.976,0.148,6,reviewed,us,us
2026-09-03T23:57:25.303Z,51.8467,-169.1588,10,3,ml,14,238,1.003,0.9,us,us7000tfy0,2026-09-21T00:51:55.040Z,"123 km S of Nikolski, Alaska",earthquake,3.92,1.985,0.105,12,reviewed,us,us
2026-09-03T23:56:57.985Z,52.0331,-169.2202,10,2.9,ml,20,232,0.815,0.39,us,us7000tiud,2026-09-21T01:00:41.040Z,"103 km SSW of Nikolski, Alaska",earthquake,2.92,1.898,0.115,10,reviewed,us,us
2026-09-03T23:54:25.980Z,52.148,-169.159,10.6,2.8,ml,16,286,0.7,0.6,ak,aka2026rmjezv,2026-09-08T22:52:00.629Z,"90 km SSW of Nikolski, Alaska",earthquake,11.3,5.1011,0.1,12,reviewed,ak,ak
2026-09-03T23:30:59.625Z,52.0031,-169.3684,10,2.5,ml,11,292,0.814,0.36,us,us7000tfxv,2026-09-21T00:06:32.040Z,"109 km SSW of Nikolski, Alaska",earthquake,5.96,2.024,0.115,10,reviewed,us,us
2026-09-03T23:25:34.087Z,52.1378,-169.2347,10,2.6,ml,17,229,0.715,0.55,us,us7000tfxu,2026-09-20T05:30:58.040Z,"92 km SSW of Nikolski, Alaska",earthquake,2.93,1.975,0.115,10,reviewed,us,us
2026-09-03T23:22:27.785Z,52.2377,-169.1544,22.65,2.7,ml,20,226,0.65,0.8,us,us7000tfxs,2026-09-20T05:23:44.040Z,"80 km SSW of Nikolski, Alaska",earthquake,4.23,12.746,0.105,12,reviewed,us,us
2026-09-03T23:21:30.801Z,59.775,-152.86,112.1,3.4,ml,199,62,0.1,1,ak,aka2026rmibwz,2026-09-25T04:55:55.040Z,"57 km W of Anchor Point, Alaska",earthquake,2,1.1434,0.2,126,reviewed,ak,ak
2026-09-03T23:12:40.776Z,52.0704,-169.2724,10,3,ml,16,230,0.769,0.31,us,us7000te7g,2026-09-22T00:25:55.040Z,"100 km SSW of Nikolski, Alaska",earthquake,3.27,1.779,0.105,12,reviewed,us,us
2026-09-03T23:02:00.297Z,31.656,-104.387,6.0999,2.5,ml,45,70,0,0.2,tx,tx2026rjmsif,2026-09-22T00:23:27.040Z,"57 km S of Whites City, New Mexico",earthquake,0.83338375677956,0.63961762288842,0.2,30,reviewed,tx,tx
2026-09-03T23:01:02.769Z,52.3341,-169.5158,35,2.5,ml,17,219,0.471,0.36,us,us7000tfxr,2026-09-20T05:17:59.040Z,"80 km SSW of Nikolski, Alaska",earthquake,5.43,2.014,0.128,10,reviewed,us,us
2026-09-03T22:54:19.512Z,52.0907,-169.2923,10,3.3,ml,21,226,0.745,0.65,us,us7000te7e,2026-09-22T00:19:18.040Z,"98 km SSW of Nikolski, Alaska",earthquake,4.74,1.951,0.097,14,reviewed,us,us
2026-09-03T22:53:05.011Z,51.9819,-169.5017,10,2.7,ml,17,231,0.817,0.62,us,us7000tfy3,2026-09-20T05:12:24.040Z,"115 km SSW of Nikolski, Alaska",earthquake,5.88,1.99,0.115,10,reviewed,us,us
2026-09-03T22:42:15.895Z,52.1742,-169.2418,10,3.3,ml,21,223,0.68,0.72,us,us7000te7d,2026-09-22T00:17:56.040Z,"88 km SSW of Nikolski, Alaska",earthquake,2.25,1.972,0.097,14,reviewed,us,us
2026-09-03T22:41:30.861Z,52.1916,-169.6213,18.04,3,ml,13,292,0.599,1.06,us,us7000tfxq,2026-09-20T05:06:38.040Z,"97 km SSW of Nikolski, Alaska",earthquake,7.69,13.706,0.115,10,reviewed,us,us
2026-09-03T22:39:47.933Z,52.1423,-169.091,8.492,2.8,ml,15,229,0.752,0.97,us,us7000tfxn,2026-09-20T04:53:24.040Z,"90 km S of Nikolski, Alaska",earthquake,2.07,8.565,0.115,12,reviewed,us,us
2026-09-03T22:39:02.050Z,19.066,-155.359,31.91,3.41,ml,55,208,0.132,0.12,hv,hv75028917,2026-09-22T00:18:44.504Z,"19 km SE of Pāhala, Hawaii",earthquake,0.41,0.62,0.17506379170476,43,reviewed,hv,hv
2026-09-03T22:36:20.872Z,52.2013,-169.0279,10,2.8,ml,16,226,0.724,0.6,us,us7000tfxm,2026-09-20T04:48:19.040Z,"82 km S of Nikolski, Alaska",earthquake,2.84,1.817,0.105,14,reviewed,us,us
2026-09-03T22:00:48.657Z,52.495,-166.772,9.6,2.6,ml,11,314,1.1,0.3,ak,aka2026rmfkld,2026-09-04T02:02:58.629Z,"149 km ESE of Nikolski, Alaska",earthquake,13.6,13.2063,0.1,9,reviewed,ak,ak
2026-09-03T21:58:46.393Z,36.4762,70.2578,215.223,4.3,mb,44,82,2.161,0.93,us,us7000te5t,2026-09-22T00:08:35.040Z,"37 km ESE of Farkhār, Afghanistan",earthquake,6.51,7.868,0.094,32,reviewed,us,us
2026-09-03T21:21:33.570Z,18.198666666667,-67.0575,126.27,3.19,md,11,72,0.03528,0.19,pr,pr71530758,2026-09-03T21:38:03.150Z,"8 km WNW of Maricao, Puerto Rico",earthquake,1.95,1.06,0.033559082714367,2,reviewed,pr,pr
2026-09-03T21:18:21.480Z,-31.8758,-71.242,84.366,4.8,mww,67,70,0.282,0.91,us,us7000te5e,2026-09-22T00:01:33.064Z,"27 km SSW of Illapel, Chile",earthquake,4.59,4.49,0.086,13,reviewed,us,us
2026-09-03T21:07:04.320Z,18.0925,-64.9845,14.14,3,md,9,118,0.2599,0.27,pr,pr71530753,2026-09-03T22:28:54.230Z,"28 km SSW of Charlotte Amalie, U.S. Virgin Islands",earthquake,0.71,1.7,0.10492529497336,4,reviewed,pr,pr
2026-09-03T21:05:16.621Z,0.4891,122.1133,124.038,4.9,mb,90,96,5.954,0.86,us,us7000te55,2026-09-21T23:32:31.040Z,"105 km W of Gorontalo, Indonesia",earthquake,9.87,7.111,0.063,81,reviewed,us,us
2026-09-03T21:00:10.139Z,-8.3359,121.6392,10,4.8,mb,34,126,3.795,0.8,us,us7000te51,2026-09-21T23:23:23.040Z,"56 km N of Ende, Indonesia",earthquake,13.23,1.904,0.103,32,reviewed,us,us
2026-09-03T20:56:51.770Z,52.252,-169.207,11.8,2.8,ml,20,279,0.6,0.5,ak,aka2026rmdhbb,2026-09-03T22:27:17.074Z,"79 km SSW of Nikolski, Alaska",earthquake,18.8,7.7229,0.1,15,reviewed,ak,ak
2026-09-03T20:53:19.162Z,52.2395,-169.2035,15.104,2.6,ml,15,228,0.633,1.12,us,us7000te65,2026-09-14T16:38:47.040Z,"81 km SSW of Nikolski, Alaska",earthquake,2.32,8.269,0.128,8,reviewed,us,us
2026-09-03T20:40:03.782Z,52.1609,-169.3437,10,4.4,mb,96,141,0.668,0.93,us,us7000te4t,2026-09-14T16:35:44.040Z,"92 km SSW of Nikolski, Alaska",earthquake,5.48,1.013,0.055,94,reviewed,us,us
2026-09-03T20:31:34.810Z,52.3436,-169.3457,38.198,3.8,mb,32,217,0.5,0.91,us,us7000te4p,2026-09-14T16:25:29.040Z,"73 km SSW of Nikolski, Alaska",earthquake,5.09,13.425,0.179,8,reviewed,us,us
2026-09-03T20:22:25.961Z,52.4375,-169.3032,33.198,5,mb,60,176,0.601,0.85,us,us7000tgcm,2026-09-22T20:32:28.354Z,"63 km SSW of Nikolski, Alaska",earthquake,8.46,3.511,0.091,39,reviewed,us,us
2026-09-03T20:21:14.883Z,52.015,-169.1941,10,5.4,mww,173,97,0.838,0.66,us,us7000te4b,2026-09-22T20:31:24.752Z,"105 km SSW of Nikolski, Alaska",earthquake,4.88,1.766,0.05,39,reviewed,us,us
2026-09-03T20:14:56.253Z,52.2159,-169.3595,25.399,3.7,mb,62,182,0.613,1.26,us,us7000te64,2026-09-14T14:57:12.040Z,"87 km SSW of Nikolski, Alaska",earthquake,5.33,6.35,0.089,32,reviewed,us,us
2026-09-03T20:08:39.966Z,52.2458,-169.3044,35,3,ml,17,224,0.599,0.78,us,us7000te62,2026-09-14T14:49:11.040Z,"82 km SSW of Nikolski, Alaska",earthquake,5.25,2.02,0.105,12,reviewed,us,us
2026-09-03T20:02:38.652Z,46.1932,151.5914,80.479,4.4,mb,38,84,6.136,0.77,us,us7000tgcd,2026-09-14T14:34:23.040Z,"Kuril Islands",earthquake,11.96,6.893,0.117,21,reviewed,us,us
2026-09-03T19:27:43.020Z,52.4092,-169.3281,37.358,4,mb,69,91,0.448,0.66,us,us7000te5z,2026-09-13T21:35:11.040Z,"66 km SSW of Nikolski, Alaska",earthquake,5.53,3.837,0.085,37,reviewed,us,us
2026-09-03T19:25:21.248Z,51.9219,-169.1633,10.319,2.6,ml,11,295,0.932,0.59,us,us7000te5u,2026-09-13T20:58:31.040Z,"115 km S of Nikolski, Alaska",earthquake,3.47,8.868,0.128,8,reviewed,us,us
2026-09-03T19:22:51.461Z,51.9781,-169.3551,26.52,2.5,ml,13,297,0.841,0.47,us,us7000te5a,2026-09-13T20:56:51.040Z,"112 km SSW of Nikolski, Alaska",earthquake,7.85,29.971,0.128,8,reviewed,us,us
2026-09-03T19:16:36.520Z,52.0522,-169.1236,10,3,ml,14,236,0.822,0.35,us,us7000te58,2026-09-13T20:45:48.040Z,"100 km S of Nikolski, Alaska",earthquake,2.74,1.977,0.115,10,reviewed,us,us
2026-09-03T19:06:53.002Z,52.142,-169.052,7.4,2.7,ml,13,294,0.8,0.4,ak,aka2026rlzprc,2026-09-03T21:12:48.248Z,"89 km S of Nikolski, Alaska",earthquake,25.2,10.3587,0.1,10,reviewed,ak,ak
2026-09-03T18:57:06.768Z,52.1318,-169.1045,10,3.4,ml,22,225,0.757,0.61,us,us7000te56,2026-09-13T20:11:48.040Z,"91 km S of Nikolski, Alaska",earthquake,2.1,1.977,0.091,16,reviewed,us,us
2026-09-03T18:53:13.967Z,52.4004,-169.1233,23.865,2.6,ml,20,264,0.532,0.51,us,us7000te4x,2026-09-13T19:24:52.040Z,"62 km SSW of Nikolski, Alaska",earthquake,6.02,12.822,0.115,10,reviewed,us,us
2026-09-03T18:50:07.519Z,-7.0842,-12.5657,10,4.7,mb,27,76,1.969,0.62,us,us7000tgcb,2026-09-13T19:17:03.040Z,"224 km ENE of Georgetown, Saint Helena",earthquake,6.44,1.884,0.13,18,reviewed,us,us
2026-09-03T18:49:09.000Z,52.4426,-169.3996,35,3.4,ml,21,215,0.397,0.79,us,us7000te4q,2026-09-13T18:27:29.040Z,"66 km SSW of Nikolski, Alaska",earthquake,4.82,2.018,0.085,18,reviewed,us,us
2026-09-03T18:48:31.356Z,28.893,-98.093,8.854,2.6,ml,35,69,0.1,0.2,tx,tx2026rjeibs,2026-09-13T18:21:06.040Z,"12 km SW of Falls City, Texas",earthquake,0.51468197357957,0.75138013463723,0.1,14,reviewed,tx,tx
2026-09-03T18:45:39.056Z,52.0027,-169.3329,10,5.3,mww,124,126,0.821,1.08,us,us7000te2m,2026-09-14T19:25:45.345Z,"108 km SSW of Nikolski, Alaska",earthquake,4.75,1.799,0.066,22,reviewed,us,us
2026-09-03T18:42:40.091Z,52.106,-169.155,7.1,2.8,ml,10,296,0.8,0.6,ak,aka2026rlyuvd,2026-09-03T20:23:19.991Z,"94 km SSW of Nikolski, Alaska",earthquake,10.8,6.3161,0.1,7,reviewed,ak,ak
2026-09-03T18:42:06.146Z,-19.0372,-177.8882,608.784,4.1,mb,20,226,3.647,0.44,us,us7000tgcc,2026-09-10T21:32:48.040Z,"Fiji region",earthquake,12.2,20.947,0.145,15,reviewed,us,us
2026-09-03T18:39:47.221Z,52.277,-169.0975,10,2.6,ml,18,272,0.638,0.38,us,us7000te48,2026-09-10T21:12:16.040Z,"75 km SSW of Nikolski, Alaska",earthquake,3.78,1.964,0.115,10,reviewed,us,us
2026-09-03T18:33:56.154Z,52.1519,-169.3208,24.487,3.7,mb,32,193,0.682,0.79,us,us7000te2u,2026-09-10T21:08:38.040Z,"92 km SSW of Nikolski, Alaska",earthquake,5.85,9.33,0.191,7,reviewed,us,us
2026-09-03T18:31:05.204Z,-18.6586,-177.537,616.12,4.9,mb,40,68,3.661,0.69,us,us7000te2i,2026-09-10T21:05:10.040Z,"Fiji region",earthquake,13.43,9.944,0.081,48,reviewed,us,us
2026-09-03T18:09:50.594Z,53.4331,-164.6247,3.64,2.7,ml,17,235,0.93,1.3,us,us7000te47,2026-09-10T20:50:44.040Z,"108 km SE of Akutan, Alaska",earthquake,1.21,7.577,0.105,12,reviewed,us,us
2026-09-03T18:08:26.075Z,53.5932,-164.8195,29.234,2.5,ml,13,222,0.734,0.56,us,us7000tfxe,2026-09-10T20:47:00.040Z,"87 km SE of Akutan, Alaska",earthquake,7.06,16.005,0.128,8,reviewed,us,us
2026-09-03T18:07:47.021Z,62.585,-148.138,47,2.7,ml,119,28,0.3,1,ak,aka2026rlxqkb,2026-09-10T20:43:24.040Z,"87 km NW of Eureka Roadhouse, Alaska",earthquake,1.7,3.7525,0.2,85,reviewed,ak,ak
2026-09-03T18:07:08.670Z,38.524833333333,-112.89816666667,1.36,2.52,ml,25,53,0.01461,0.14,uu,uu80153911,2026-09-15T17:33:04.990Z,"17 km NE of Milford, Utah",earthquake,0.26,0.79,0.26542754482939,21,reviewed,uu,uu
2026-09-03T17:59:58.444Z,52.155,-169.218,10.8,2.8,ml,15,294,0.7,0.4,ak,aka2026rlxjqf,2026-09-03T20:16:18.951Z,"90 km SSW of Nikolski, Alaska",earthquake,15.5,8.138,0.1,13,reviewed,ak,ak
2026-09-03T17:40:53.346Z,52.1233,-169.1739,10,3.1,ml,11,282,0.745,0.84,us,us7000te45,2026-09-10T20:05:56.040Z,"93 km SSW of Nikolski, Alaska",earthquake,4.21,1.985,0.115,10,reviewed,us,us
2026-09-03T17:40:05.299Z,52.0706,176.3625,8.447,4.1,mb,60,162,1.334,0.61,us,us7000te2d,2026-09-10T20:00:03.040Z,"232 km ESE of Attu Station, Alaska",earthquake,8.96,5.338,0.081,42,reviewed,us,us
2026-09-03T17:33:27.320Z,38.501,-122.715,8.84,3.34,mw,149,17,0.06079,0.13,nc,nc75429272,2026-09-10T19:53:23.040Z,"3 km ESE of Larkfield-Wikiup, CA",earthquake,0.1,0.31,,8,reviewed,nc,nc
2026-09-03T17:23:17.154Z,-16.7329,-174.517,257.692,4.3,mb,13,131,3.853,0.7,us,us7000tgc9,2026-09-10T19:50:25.040Z,"115 km SW of Hihifo, Tonga",earthquake,12.92,14.99,0.237,5,reviewed,us,us
2026-09-03T17:19:27.246Z,51.999,-169.261,23.3,2.8,ml,11,303,0.8,0.3,ak,aka2026rlwaom,2026-09-03T20:13:30.832Z,"108 km SSW of Nikolski, Alaska",earthquake,15.4,10.4633,0.1,7,reviewed,ak,ak
2026-09-03T17:11:07.846Z,40.262,33.5467,10,4.1,mb,15,61,0.541,1.1,us,us7000tgc8,2026-09-10T19:28:56.040Z,"18 km NW of Sulakyurt, Turkey",earthquake,4.32,1.95,0.303,3,reviewed,us,us
2026-09-03T17:04:40.655Z,37.7769,95.4643,10,5.1,mww,98,39,6.844,0.61,us,us7000te21,2026-09-10T16:23:04.040Z,"273 km SSE of Dunhuang, China",earthquake,7.72,1.785,0.066,22,reviewed,us,us
2026-09-03T16:58:47.267Z,6.8319,-73.0592,151.609,4.5,mb,51,87,0.934,0.83,us,us7000te20,2026-09-12T16:24:37.040Z,"11 km NNE of Jordán, Colombia",earthquake,8.4,8.575,0.053,103,reviewed,us,us
2026-09-03T16:54:30.630Z,40.217166666667,-124.17483333333,11.64,2.65,md,52,118,0.03028,0.24,nc,nc75429247,2026-09-12T16:19:59.040Z,"15 km SE of Petrolia, CA",earthquake,0.24,0.34,0.172,44,reviewed,nc,nc
2026-09-03T16:54:00.033Z,52.1124,-169.2474,10,2.8,ml,16,288,0.735,0.36,us,us7000te43,2026-09-04T21:39:19.040Z,"95 km SSW of Nikolski, Alaska",earthquake,3.14,1.985,0.128,8,reviewed,us,us
2026-09-03T16:52:15.356Z,52.0512,-169.2796,10,3,ml,14,234,0.785,0.43,us,us7000te41,2026-09-04T21:37:55.040Z,"102 km SSW of Nikolski, Alaska",earthquake,4.85,1.991,0.115,10,reviewed,us,us
2026-09-03T16:46:26.873Z,52.103,-169.257,10,2.7,ml,14,234,0.742,0.65,us,us7000te40,2026-09-04T21:34:50.040Z,"96 km SSW of Nikolski, Alaska",earthquake,1.81,1.965,0.115,10,reviewed,us,us
2026-09-03T16:31:22.070Z,54.759,-160.002,18.7,2.6,ml,13,239,1.1,0.6,ak,aka2026rlukus,2026-09-03T20:08:20.311Z,"71 km SSE of Sand Point, Alaska",earthquake,34.1,23.9574,0.2,10,reviewed,ak,ak
2026-09-03T16:30:30.298Z,52.5045,-169.5156,52.603,4.3,mb,31,141,0.617,0.65,us,us7000te1q,2026-09-04T02:25:33.861Z,"65 km SW of Nikolski, Alaska",earthquake,8.46,7.08,0.095,32,reviewed,us,us
2026-09-03T16:28:53.225Z,51.979,-168.907,6.5,3.6,ml,10,300,1,0.3,ak,aka2026rluipx,2026-09-03T20:07:52.650Z,"106 km S of Nikolski, Alaska",earthquake,12.5,6.5686,0.6,8,reviewed,ak,ak
2026-09-03T16:15:47.180Z,52.0324,-169.2352,10,2.7,ml,12,237,0.812,0.65,us,us7000te3w,2026-09-04T21:26:50.040Z,"104 km SSW of Nikolski, Alaska",earthquake,3.95,1.977,0.128,8,reviewed,us,us
2026-09-03T16:11:25.672Z,52.2887,-169.4187,35,4.8,mb,72,101,0.766,0.75,us,us7000te09,2026-09-03T17:29:18.572Z,"81 km SSW of Nikolski, Alaska",earthquake,8.01,1.91,0.041,184,reviewed,us,us
2026-09-03T16:08:29.531Z,52.3201,-169.1417,10,2.6,ml,13,276,0.587,0.96,us,us7000te3s,2026-09-04T21:14:24.040Z,"71 km SSW of Nikolski, Alaska",earthquake,2.35,1.978,0.148,6,reviewed,us,us
2026-09-03T16:07:26.865Z,51.958,-169.089,19.5,2.9,ml,13,289,1,1,ak,aka2026rltqbh,2026-09-08T21:34:26.032Z,"110 km S of Nikolski, Alaska",earthquake,20.1,15.2709,0.2,11,reviewed,ak,ak
2026-09-03T16:04:51.677Z,52.255,-169.357,16.5,2.7,ml,12,293,0.6,0.4,ak,aka2026rltnuv,2026-09-03T19:46:29.130Z,"83 km SSW of Nikolski, Alaska",earthquake,11.3,7.4075,0.1,10,reviewed,ak,ak
2026-09-03T16:04:36.057Z,-7.7789,120.737,10,4.3,mb,12,138,2.916,0.27,us,us7000tgc5,2026-09-12T15:56:07.040Z,"96 km NNE of Ruteng, Indonesia",earthquake,12.66,1.45,0.177,9,reviewed,us,us
2026-09-03T15:52:37.418Z,52.0671,-169.0266,10,2.5,ml,12,289,0.837,0.35,us,us7000te3p,2026-09-04T21:10:30.040Z,"97 km S of Nikolski, Alaska",earthquake,1.61,1.979,0.148,6,reviewed,us,us
2026-09-03T15:42:01.226Z,52.2839,-169.2869,35,4.5,mb,70,178,0.57,0.74,us,us7000te02,2026-09-03T17:29:55.040Z,"78 km SSW of Nikolski, Alaska",earthquake,5.02,1.939,0.056,94,reviewed,us,us
2026-09-03T15:24:10.106Z,52.1309,-169.1087,10,2.5,ml,13,285,0.757,0.21,us,us7000te3n,2026-09-04T21:03:34.040Z,"91 km S of Nikolski, Alaska",earthquake,6.43,2.006,0.128,8,reviewed,us,us
2026-09-03T15:02:08.099Z,51.405,-175.953,26.6,2.6,ml,15,231,0.5,0.7,ak,aka2026rlrllp,2026-09-08T21:21:31.110Z,"70 km SE of Adak, Alaska",earthquake,12.1,6.1985,0.1,12,reviewed,ak,ak
2026-09-03T14:56:26.816Z,52.1283,-169.2081,10,2.7,ml,15,230,0.731,0.26,us,us7000te3l,2026-09-04T21:01:31.040Z,"93 km SSW of Nikolski, Alaska",earthquake,2.29,1.946,0.105,12,reviewed,us,us
2026-09-03T14:39:36.999Z,52.3837,-169.4746,35,4.2,mb,48,177,0.7,0.68,us,us7000tdzu,2026-09-03T17:24:41.677Z,"74 km SSW of Nikolski, Alaska",earthquake,7.33,1.947,0.067,66,reviewed,us,us
2026-09-03T14:36:24.669Z,51.7805,-169.4137,10,2.7,ml,10,312,1.025,0.44,us,us7000te3k,2026-09-04T20:57:54.040Z,"134 km SSW of Nikolski, Alaska",earthquake,6.34,1.993,0.148,6,reviewed,us,us
2026-09-03T14:27:36.265Z,52.3,-169.488,35,4.1,mb,24,178,0.776,0.64,us,us7000tdzr,2026-09-03T17:22:26.098Z,"82 km SSW of Nikolski, Alaska",earthquake,7.83,1.959,0.097,29,reviewed,us,us
2026-09-03T14:17:44.699Z,52.1134,-169.3274,10,3.2,ml,23,225,0.716,0.68,us,us7000te3h,2026-09-04T20:55:53.040Z,"97 km SSW of Nikolski, Alaska",earthquake,2.33,1.962,0.091,16,reviewed,us,us
2026-09-03T14:15:55.333Z,2.5494,128.509,215.716,4.4,mb,28,138,4.373,0.45,us,us7000tdzn,2026-09-12T15:16:24.040Z,"106 km NNE of Tobelo, Indonesia",earthquake,12.41,9.15,0.115,23,reviewed,us,us
2026-09-03T14:15:42.938Z,52.224,-169.219,7.3,3,ml,18,281,0.6,0.6,ak,aka2026rlpxhx,2026-09-03T19:37:31.534Z,"83 km SSW of Nikolski, Alaska",earthquake,9.1,5.7389,0.1,13,reviewed,ak,ak
2026-09-03T14:11:31.516Z,14.4957,56.4142,10,5,mb,60,104,10.397,1,us,us7000tdzk,2026-09-12T14:53:29.040Z,"Owen Fracture Zone region",earthquake,10.53,1.869,0.079,51,reviewed,us,us
2026-09-03T14:09:00.862Z,52.279,-169.085,16.6,2.8,ml,15,277,0.6,0.7,ak,aka2026rlprmy,2026-09-03T19:36:18.397Z,"74 km SSW of Nikolski, Alaska",earthquake,13.5,8.1924,0.1,13,reviewed,ak,ak
2026-09-03T14:06:50.247Z,52.176,-169.1356,10,3,ml,15,228,0.709,0.55,us,us7000te3e,2026-09-04T20:45:38.040Z,"86 km SSW of Nikolski, Alaska",earthquake,2.75,1.767,0.115,10,reviewed,us,us
2026-09-03T14:05:36.504Z,5.4838,126.9428,103.552,4.2,mb,22,127,18.677,0.6,us,us7000tgc2,2026-09-12T14:20:59.040Z,"128 km SE of Pondaguitan, Philippines",earthquake,13.45,8.594,0.137,17,reviewed,us,us
2026-09-03T14:02:35.492Z,52.1803,-169.2432,10,2.6,ml,17,231,0.674,0.54,us,us7000te3d,2026-09-04T20:41:02.040Z,"88 km SSW of Nikolski, Alaska",earthquake,3.63,1.976,0.115,10,reviewed,us,us
2026-09-03T13:56:41.810Z,52.2321,-169.0518,10,2.6,ml,14,232,0.69,0.39,us,us7000te3c,2026-09-04T20:38:13.040Z,"79 km S of Nikolski, Alaska",earthquake,3.9,1.98,0.115,10,reviewed,us,us
2026-09-03T13:47:10.063Z,-20.0988,169.3031,113.727,4.8,mb,49,86,3.042,1.07,us,us7000tdz8,2026-09-11T21:30:49.040Z,"61 km S of Isangel, Vanuatu",earthquake,8.75,6.992,0.066,79,reviewed,us,us
2026-09-03T13:40:52.882Z,52.1248,-169.1272,10,3.4,ml,15,233,0.757,0.56,us,us7000tdzf,2026-09-03T15:10:05.040Z,"92 km S of Nikolski, Alaska",earthquake,3.64,1.982,0.115,10,reviewed,us,us
2026-09-03T13:34:37.179Z,52.2501,-169.1422,10,2.5,ml,18,279,0.644,0.67,us,us7000te3b,2026-09-04T20:34:48.040Z,"78 km SSW of Nikolski, Alaska",earthquake,4.19,1.985,0.128,8,reviewed,us,us
2026-09-03T13:32:08.720Z,19.0685,-155.353,31.91,2.61,ml,47,208,0.1346,0.13,hv,hv75028682,2026-09-11T21:06:04.040Z,"19 km SE of Pāhala, Hawaii",earthquake,0.53,0.69,0.17174411404372,28,reviewed,hv,hv
2026-09-03T13:27:17.340Z,52.0887,-169.2616,10,3.9,mb,23,181,0.754,0.67,us,us7000tdzd,2026-09-03T15:04:53.040Z,"98 km SSW of Nikolski, Alaska",earthquake,1.87,1.948,0.21,6,reviewed,us,us
2026-09-03T13:20:25.974Z,52.1435,-169.3422,10,3.6,ml,20,224,0.685,0.48,us,us7000tdzc,2026-09-03T14:54:17.040Z,"94 km SSW of Nikolski, Alaska",earthquake,3.07,1.884,0.085,18,reviewed,us,us
2026-09-03T13:03:18.659Z,52.0562,-169.1988,10,5.2,mb,98,138,0.799,1.46,us,us7000tdys,2026-09-03T13:25:57.040Z,"100 km SSW of Nikolski, Alaska",earthquake,3.8,1.808,0.029,397,reviewed,us,us
2026-09-03T13:01:45.115Z,51.883,-169.5489,10,3,ml,19,304,0.911,0.54,us,us7000te3a,2026-09-04T20:29:24.040Z,"126 km SSW of Nikolski, Alaska",earthquake,5.83,1.953,0.128,8,reviewed,us,us
2026-09-03T12:58:25.333Z,52.203,-169.275,9.7,3.1,ml,22,224,0.6,0.6,ak,aka2026rlnihs,2026-09-03T19:25:40.780Z,"86 km SSW of Nikolski, Alaska",earthquake,10.3,4.9527,0.1,18,reviewed,ak,ak
2026-09-03T12:48:22.222Z,52.221,-169.18,11.9,3,ml,19,278,0.7,0.9,ak,aka2026rlmzmf,2026-09-03T19:24:41.921Z,"82 km SSW of Nikolski, Alaska",earthquake,8.9,5.225,0.1,15,reviewed,ak,ak
2026-09-03T12:39:34.756Z,52.253,-169.579,44.444,4.9,mb,103,132,0.542,1.15,us,us7000tdyi,2026-09-03T13:44:02.758Z,"90 km SSW of Nikolski, Alaska",earthquake,4.9,6.125,0.038,222,reviewed,us,us
2026-09-03T12:24:52.815Z,52.231,-169.242,10.6,2.9,ml,17,279,0.6,0.8,ak,aka2026rlmfcq,2026-09-03T19:23:29.909Z,"82 km SSW of Nikolski, Alaska",earthquake,10.7,5.0696,0.1,12,reviewed,ak,ak
2026-09-03T12:15:38.492Z,52.072,-169.338,23.3,3.1,ml,17,293,0.8,0.5,ak,aka2026rllxdm,2026-09-03T19:22:25.814Z,"101 km SSW of Nikolski, Alaska",earthquake,13.3,8.0917,0.1,13,reviewed,ak,ak
2026-09-03T12:07:03.482Z,52.181,-169.124,10.2,2.8,ml,13,284,0.7,0.8,ak,aka2026rllpqw,2026-09-03T19:21:16.882Z,"86 km SSW of Nikolski, Alaska",earthquake,11.5,5.7267,0.1,11,reviewed,ak,ak
2026-09-03T11:53:09.097Z,52.186,-169.25,11.1,3.6,ml,23,224,0.7,0.5,ak,aka2026rlldph,2026-09-03T12:27:39.429Z,"87 km SSW of Nikolski, Alaska",earthquake,8.9,4.6532,0.1,19,reviewed,ak,ak
2026-09-03T11:39:41.981Z,31.8458,104.5066,10,5.4,mb,89,26,4.155,0.81,us,us7000tdw6,2026-09-04T11:46:32.144Z,"21 km WNW of Jiangyou, China",earthquake,9,1.857,0.057,103,reviewed,us,us
2026-09-03T11:39:41.682Z,52.3458,-169.5607,35,4.9,mb,63,177,0.761,1.01,us,us7000tdw5,2026-09-03T12:25:35.871Z,"81 km SW of Nikolski, Alaska",earthquake,6.87,1.911,0.045,157,reviewed,us,us
2026-09-03T11:38:53.495Z,52.156,-169.168,4,3.4,ml,20,284,0.7,0.4,ak,aka2026rlkrhx,2026-09-03T12:22:47.439Z,"89 km SSW of Nikolski, Alaska",earthquake,12.2,6.5075,0.1,16,reviewed,ak,ak
2026-09-03T11:38:02.067Z,62.772,-149.485,71.4,3.3,ml,174,20,0.3,1.1,ak,aka2026rlkqil,2026-09-25T12:50:02.040Z,"47 km NE of Chase, Alaska",earthquake,1.7,2.499,0.2,93,reviewed,ak,ak
2026-09-03T11:37:57.195Z,52.099,-169.27,12.8,3.1,ml,15,290,0.7,0.3,ak,aka2026rlkqmx,2026-09-03T19:19:44.978Z,"97 km SSW of Nikolski, Alaska",earthquake,12.8,5.9985,0.1,13,reviewed,ak,ak
2026-09-03T11:33:52.747Z,17.6542,-94.6336,158.984,4.8,mb,60,122,2.752,1.34,us,us7000tdw2,2026-09-04T15:23:45.015Z,"12 km E of Venustiano Carranza (Peña Blanca), Mexico",earthquake,9.05,9.412,0.033,287,reviewed,us,us
2026-09-03T11:33:22.281Z,52.1477,-169.1984,10,3.5,ml,32,190,0.716,0.94,us,us7000tdya,2026-09-25T13:25:26.040Z,"90 km SSW of Nikolski, Alaska",earthquake,3.67,1.929,0.091,16,reviewed,us,us
2026-09-03T11:29:44.354Z,52.049,-169.27,13.1,3.4,ml,14,292,0.8,0.6,ak,aka2026rlkjhn,2026-09-03T19:15:38.473Z,"102 km SSW of Nikolski, Alaska",earthquake,12.5,6.2804,0.1,8,reviewed,ak,ak
2026-09-03T11:28:42.898Z,52.028,-169.243,19.8,3.4,ml,10,303,0.8,0.4,ak,aka2026rlkijp,2026-09-03T19:13:08.486Z,"104 km SSW of Nikolski, Alaska",earthquake,16.8,11.1637,0.1,7,reviewed,ak,ak
2026-09-03T11:24:55.479Z,52.1321,-169.4182,45.17,5.2,mb,60,111,0.682,1.17,us,us7000tdy7,2026-09-03T12:24:16.040Z,"97 km SSW of Nikolski, Alaska",earthquake,6.58,7.516,0.101,32,reviewed,us,us
2026-09-03T11:22:44.654Z,52.25,-169.355,17.4,4.2,ml,36,221,0.6,0.7,ak,aka2026rlkdfo,2026-09-03T12:07:42.130Z,"83 km SSW of Nikolski, Alaska",earthquake,6,3.3165,0.1,18,reviewed,ak,ak
2026-09-03T11:17:24.056Z,52.2579,-169.4088,35,6.3,mww,136,59,0.563,1.28,us,us7000tdvt,2026-09-25T11:27:36.382Z,"84 km SSW of Nikolski, Alaska",earthquake,4.37,1.87,0.031,102,reviewed,us,us
2026-09-03T10:34:13.647Z,60.124,-152.274,90.6,2.6,ml,112,44,0.4,0.7,ak,aka2026rlindp,2026-09-25T12:01:54.040Z,"34 km WNW of Ninilchik, Alaska",earthquake,2.3,1.5916,0.2,81,reviewed,ak,ak
2026-09-03T09:14:10.983Z,52.6442,-168.1217,35,2.5,ml,11,308,0.714,0.44,us,us7000te2v,2026-09-10T09:07:49.040Z,"59 km ESE of Nikolski, Alaska",earthquake,7.44,2.027,0.148,6,reviewed,us,us
2026-09-03T08:16:36.404Z,31.3933,80.3486,10,5.1,mb,70,97,6.389,0.53,us,us7000tdv4,2026-09-13T08:29:59.040Z,"119 km NE of Joshīmath, India",earthquake,10.27,1.868,0.045,162,reviewed,us,us
2026-09-03T07:46:18.300Z,-20.8259,-176.3348,205.443,4.6,mb,49,105,5.939,0.89,us,us7000tdv1,2026-09-13T08:06:12.040Z,"113 km WNW of Houma, Tonga",earthquake,12.05,7.482,0.061,80,reviewed,us,us
2026-09-03T07:45:17.461Z,14.6867,56.3022,10,4.5,mb,20,121,10.206,1.18,us,us7000tgbt,2026-09-13T08:01:45.040Z,"Owen Fracture Zone region",earthquake,13.55,1.953,0.145,14,reviewed,us,us
2026-09-03T07:35:21.056Z,54.5388,-160.0182,8.231,3,ml,28,213,1.231,0.64,us,us7000tecz,2026-09-13T07:22:36.040Z,"93 km SSE of Sand Point, Alaska",earthquake,7.51,13.166,0.091,16,reviewed,us,us
2026-09-03T06:42:57.030Z,19.186333333333,-155.49883333333,30.7,2.78,ml,54,87,0.04638,0.13,hv,hv75028562,2026-09-13T07:17:56.040Z,"2 km SW of Pāhala, Hawaii",earthquake,0.4,0.43,0.15514454515853,41,reviewed,hv,hv
2026-09-03T06:22:57.980Z,19.199166666667,-155.49633333333,30.12,2.98,ml,55,74,0.04902,0.13,hv,hv75028557,2026-09-13T07:16:35.040Z,"1 km WSW of Pāhala, Hawaii",earthquake,0.46,0.51,0.17246971969403,42,reviewed,hv,hv
2026-09-03T06:18:43.382Z,43.6984,87.1312,10,4.4,mb,19,112,4.086,0.54,us,us7000tduj,2026-09-13T07:14:29.040Z,"37 km SSW of Changji, China",earthquake,11.77,1.924,0.149,13,reviewed,us,us
2026-09-03T06:10:10.265Z,-18.3371,-178.1433,492.936,4.1,mb,30,83,3.009,0.58,us,us7000tgbr,2026-09-13T06:47:06.040Z,"270 km E of Levuka, Fiji",earthquake,8.33,8.906,0.099,28,reviewed,us,us
2026-09-03T06:04:03.130Z,-29.7624,-71.5077,59.445,5.1,mww,74,135,0.281,0.77,us,us7000tduc,2026-09-13T06:43:33.305Z,"26 km NW of Coquimbo, Chile",earthquake,5.78,6.064,0.068,21,reviewed,us,us
2026-09-03T05:52:16.344Z,-23.0827,-68.3114,139.413,4.4,mb,22,86,0.178,0.71,us,us7000tdua,2026-09-13T06:23:32.040Z,"22 km SSW of San Pedro de Atacama, Chile",earthquake,7.45,4.293,0.143,14,reviewed,us,us
2026-09-03T05:17:15.307Z,4.3985,-76.7157,71.437,4.5,mb,50,97,2.137,0.86,us,us7000tdu1,2026-09-13T06:15:17.325Z,"29 km SSW of Sipí, Colombia",earthquake,7.6,7.882,0.066,67,reviewed,us,us
2026-09-03T05:10:19.410Z,-55.8597,-26.1421,10,4.5,mb,26,193,6.15,0.96,us,us7000tgbq,2026-09-13T06:10:23.040Z,"South Sandwich Islands region",earthquake,15.43,1.974,0.106,26,reviewed,us,us
2026-09-03T04:43:43.775Z,-55.973,-26.166,14.454,4.5,mb,29,71,6.158,0.65,us,us7000tgbp,2026-09-25T03:52:15.040Z,"South Sandwich Islands region",earthquake,12.99,3.958,0.115,22,reviewed,us,us
2026-09-03T04:32:33.110Z,41.561666666667,-109.8715,-2.22,3,ml,30,113,0.1114,0.18,uu,uu80153696,2026-09-25T03:34:08.040Z,"2 km NNW of Little America, Wyoming",earthquake,0.45,0.9,0.29523105358538,19,reviewed,uu,uu
2026-09-03T04:13:57.119Z,43.0912,-126.8687,10,3.3,ml,30,258,1.77,1.02,us,us7000tdtt,2026-09-25T03:12:46.040Z,"197 km W of Port Orford, Oregon",earthquake,9.57,2.02,0.041,80,reviewed,us,us
2026-09-03T03:34:23.293Z,52.2503,-169.411,35,3.7,mb,20,179,0.799,1.24,us,us7000tgbm,2026-09-25T02:18:32.040Z,"85 km SSW of Nikolski, Alaska",earthquake,3.74,1.957,0.135,14,reviewed,us,us
2026-09-03T02:45:44.400Z,40.2461,84.4557,10,4.1,mb,17,138,4.825,0.57,us,us7000tdte,2026-09-24T04:31:38.040Z,"207 km SE of Kuqa, China",earthquake,12.06,1.969,0.157,11,reviewed,us,us
2026-09-03T02:44:59.217Z,69.424,-143.37,10,2.5,ml,19,174,0.2,1.3,ak,aka2026rkswhn,2026-09-08T23:13:14.981Z,"79 km S of Kaktovik, Alaska",earthquake,6.7,0,0.2,13,reviewed,ak,ak
2026-09-03T02:37:33.500Z,14.5039,56.0984,10,4.5,mb,20,191,13.44,0.84,us,us7000tgbh,2026-09-24T04:18:43.040Z,"Owen Fracture Zone region",earthquake,15.98,1.973,0.156,12,reviewed,us,us
2026-09-03T00:09:28.892Z,-17.4745,-178.0581,581.432,4.6,mb,18,119,2.653,0.57,us,us7000tdt3,2026-09-03T04:21:18.040Z,"285 km ENE of Levuka, Fiji",earthquake,19.4,13.227,0.151,13,reviewed,us,us
2026-09-02T23:46:56.213Z,-56.0727,-27.8507,111,6.2,mww,72,46,5.264,1.26,us,us7000tdrv,2026-09-18T04:34:00.228Z,"South Sandwich Islands region",earthquake,9.72,1.928,0.065,23,reviewed,us,us
2026-09-02T23:24:08.120Z,17.0572,121.5553,10,4.4,mb,23,129,5.748,1.23,us,us7000tg3q,2026-09-18T01:53:13.040Z,"5 km WNW of Eden, Philippines",earthquake,13.57,1.93,0.161,11,reviewed,us,us
2026-09-02T22:53:08.175Z,54.874,-156.979,0.9,3,ml,23,235,1.2,0.9,ak,aka2026rkldvn,2026-09-23T23:02:06.040Z,"179 km SE of Perryville, Alaska",earthquake,13.7,5.1567,0.1,18,reviewed,ak,ak
2026-09-02T22:40:17.350Z,19.139333333333,-64.729,27.58,3.21,md,10,266,0.716,0.26,pr,pr71530678,2026-09-02T22:58:37.160Z,"89 km N of Cruz Bay, U.S. Virgin Islands",earthquake,2.85,21.2,0.064091857593601,6,reviewed,pr,pr
2026-09-02T21:24:59.878Z,-15.75,-73.827,57.582,4.3,mb,26,126,4.55,0.58,us,us7000tdr2,2026-09-24T01:57:04.040Z,"14 km SSW of Quicacha, Peru",earthquake,9.5,11.437,0.153,12,reviewed,us,us
2026-09-02T21:22:07.155Z,-20.2349,169.4185,79.021,5.4,mww,111,22,2.996,0.86,us,us7000tdr1,2026-09-24T02:06:29.309Z,"78 km S of Isangel, Vanuatu",earthquake,9.15,4.446,0.071,19,reviewed,us,us
2026-09-02T21:19:30.358Z,-25.1604,-177.7475,204.145,4.1,mb,18,208,8.35,0.35,us,us7000tg3n,2026-09-24T01:46:22.040Z,"south of the Fiji Islands",earthquake,10.63,18.395,0.144,13,reviewed,us,us
2026-09-02T21:00:20.633Z,6.6337,126.5571,72.156,4.5,mb,23,118,1.063,0.51,us,us7000tg3m,2026-09-24T01:22:31.040Z,"36 km SE of Bobon, Philippines",earthquake,11.81,9.926,0.131,17,reviewed,us,us
2026-09-02T20:06:26.040Z,14.9275,-92.1699,99.566,4.2,mb,102,171,1.347,0.71,us,us7000tdqd,2026-09-03T16:38:51.040Z,"0 km N of 1ra. Sección de Izapa, Mexico",earthquake,8.73,11.889,0.057,87,reviewed,us,us
2026-09-02T20:04:32.508Z,-7.1321,146.175,57.516,5.4,mww,143,22,2.459,0.64,us,us7000tdqc,2026-09-04T15:04:42.892Z,"51 km W of Bulolo, Papua New Guinea",earthquake,18.32,11.082,0.086,13,reviewed,us,us
2026-09-02T19:35:51.368Z,52.0486,-169.2491,10,3.3,ml,41,217,0.794,1.02,us,us7000tdrb,2026-09-03T16:01:11.040Z,"102 km SSW of Nikolski, Alaska",earthquake,4.11,1.982,0.085,18,reviewed,us,us
2026-09-02T19:13:54.520Z,56.835,-155.577,55.6,3,ml,61,72,0.8,0.7,ak,aka2026rkdvdo,2026-09-03T22:05:58.914Z,"86 km W of Akhiok, Alaska",earthquake,3.1,5.3352,0.2,47,reviewed,ak,ak
2026-09-02T19:00:20.094Z,52.1534,-169.455,34.546,2.7,ml,19,223,0.655,0.55,us,us7000te57,2026-09-04T13:45:48.040Z,"96 km SSW of Nikolski, Alaska",earthquake,7,13.694,0.105,12,reviewed,us,us
2026-09-02T18:58:39.057Z,12.6204,142.5801,156.648,4,mb,17,126,2.428,0.42,us,us7000tg3g,2026-09-25T14:40:27.040Z,"237 km WSW of Merizo Village, Guam",earthquake,12.63,9.835,0.173,10,reviewed,us,us
2026-09-02T18:43:34.804Z,52.1279,-169.2628,10,3.2,ml,32,224,0.717,0.56,us,us7000te52,2026-09-04T13:55:01.040Z,"94 km SSW of Nikolski, Alaska",earthquake,3.5,1.87,0.091,16,reviewed,us,us
2026-09-02T17:32:45.584Z,21.4744,121.3328,35,4.4,mb,70,98,1.357,0.76,us,us7000tdpf,2026-09-25T14:28:38.040Z,"84 km SE of Hengchun, Taiwan",earthquake,5.3,1.915,0.071,61,reviewed,us,us
2026-09-02T17:23:22.588Z,-13.5004,66.4969,10,4.5,mb,39,60,13.011,0.75,us,us7000tg3f,2026-09-25T14:25:45.040Z,"Mid-Indian Ridge",earthquake,12.98,1.882,0.1,32,reviewed,us,us
2026-09-02T17:08:52.668Z,40.617,143.7304,27.724,4.3,mb,33,136,1.462,0.57,us,us7000tg3e,2026-09-25T14:11:18.040Z,"172 km ENE of Noda, Japan",earthquake,5.02,6.308,0.129,20,reviewed,us,us
2026-09-02T17:06:57.409Z,56.434,-156.344,26.9,2.8,ml,47,103,0.7,0.6,ak,aka2026rjzpcc,2026-09-03T13:33:15.040Z,"128 km E of Chignik, Alaska",earthquake,5.2,6.3389,0.2,37,reviewed,ak,ak
2026-09-02T16:59:09.183Z,53.4699,-163.6797,6.069,2.5,ml,14,247,1.138,0.39,us,us7000te67,2026-09-10T15:45:13.040Z,"155 km S of False Pass, Alaska",earthquake,4.85,9.61,0.148,6,reviewed,us,us
2026-09-02T16:04:23.185Z,53.484,-164.9503,29.736,2.6,ml,17,213,0.768,0.64,us,us7000te5r,2026-09-10T15:41:11.040Z,"90 km SE of Akutan, Alaska",earthquake,4.04,15.24,0.115,10,reviewed,us,us
2026-09-02T15:54:26.124Z,53.48,-164.831,15.1,2.5,ml,22,226,0.8,0.5,ak,aka2026rjxdmm,2026-09-03T21:47:57.051Z,"95 km SE of Akutan, Alaska",earthquake,5.6,4.8132,0.1,18,reviewed,ak,ak
2026-09-02T15:13:32.605Z,54.276,-161.487,6.2,2.6,ml,15,275,0.9,0.4,ak,aka2026rjvuuo,2026-09-03T22:29:32.828Z,"102 km SSE of King Cove, Alaska",earthquake,11.3,6.89,0.3,11,reviewed,ak,ak
2026-09-02T13:53:02.682Z,22.9106,144.0445,39.416,4.9,mb,122,63,4.495,0.61,us,us7000tdn6,2026-09-10T15:27:17.040Z,"Volcano Islands, Japan region",earthquake,6.95,5.934,0.045,151,reviewed,us,us
2026-09-02T13:43:18.103Z,14.3268,-93.277,32.472,4.3,mb,60,186,2.233,0.56,us,us7000tdn2,2026-09-10T15:08:57.467Z,"101 km WSW of Puerto Madero, Mexico",earthquake,6.29,8.287,0.075,50,reviewed,us,us
2026-09-02T12:57:53.490Z,-34.9337,-109.0449,10,4.5,mb,22,172,30.771,0.53,us,us7000tg38,2026-09-25T13:39:55.040Z,"southern East Pacific Rise",earthquake,12.44,1.931,0.124,19,reviewed,us,us
2026-09-02T12:51:14.508Z,19.6529,145.3483,172.58,4.3,mb,74,119,4.415,0.43,us,us7000tg37,2026-09-24T11:10:13.040Z,"Maug Islands region, Northern Mariana Islands",earthquake,12.21,8.4,0.069,60,reviewed,us,us
2026-09-02T12:37:12.690Z,34.0145,-117.58916666667,6.14,3.2,ml,147,15,0.02397,0.21,ci,ci41540608,2026-09-24T06:21:17.040Z,"6 km SE of Ontario, CA",earthquake,0.11,0.32,0.16596668636568,247,reviewed,ci,ci
2026-09-02T12:35:56.633Z,-34.8796,-109.0117,10,5.9,mww,178,82,7.703,0.36,us,us7000tdms,2026-09-24T16:04:43.223Z,"southern East Pacific Rise",earthquake,10.98,1.851,0.071,19,reviewed,us,us
2026-09-02T12:32:00.899Z,52.2033,-169.3552,35,5.2,mb,300,123,0.626,0.56,us,us7000tdmm,2026-09-24T07:22:54.266Z,"88 km SSW of Nikolski, Alaska",earthquake,3.95,1.834,0.029,378,reviewed,us,us
2026-09-02T12:31:17.969Z,51.5907,-176.3959,74.86,2.9,ml,25,202,0.272,0.4,us,us7000te4n,2026-09-24T12:13:06.040Z,"35 km SSE of Adak, Alaska",earthquake,6.89,7.49,0.081,20,reviewed,us,us
2026-09-02T12:28:30.827Z,14.3228,-93.0157,11,5.6,mww,208,88,2.124,0.72,us,us7000tdmp,2026-09-24T17:46:24.004Z,"77 km SW of Puerto Madero, Mexico",earthquake,10.63,1.836,0.04,60,reviewed,us,us
2026-09-02T12:27:09.724Z,57.161,-155.233,56.5,2.7,ml,49,57,0.6,0.5,ak,aka2026rjqgna,2026-09-23T10:41:57.040Z,"65 km SW of Karluk, Alaska",earthquake,3.1,4.3973,0.2,37,reviewed,ak,ak
2026-09-02T11:49:23.368Z,51.9977,-169.4051,35,2.6,ml,19,293,0.814,0.34,us,us7000te42,2026-09-24T12:48:52.040Z,"111 km SSW of Nikolski, Alaska",earthquake,6,2.027,0.115,10,reviewed,us,us
2026-09-02T11:40:52.492Z,52.1485,-169.224,9.792,2.8,ml,19,282,0.708,0.64,us,us7000te3z,2026-09-24T13:03:35.040Z,"91 km SSW of Nikolski, Alaska",earthquake,4.56,9.511,0.115,10,reviewed,us,us
2026-09-02T11:22:55.846Z,-5.5443,150.9596,73.995,4.3,mb,26,138,1.802,0.57,us,us7000tg36,2026-09-25T13:28:30.040Z,"91 km E of Kimbe, Papua New Guinea",earthquake,9.65,8.695,0.119,20,reviewed,us,us
2026-09-02T10:54:04.332Z,-56.422,-26.8576,99.037,5.3,mb,156,51,5.896,0.39,us,us7000tdkr,2026-09-24T14:12:34.040Z,"South Sandwich Islands region",earthquake,10.85,5.13,0.054,116,reviewed,us,us
2026-09-02T10:45:51.375Z,-1.8016,139.1986,10,4.4,mb,20,141,1.662,0.45,us,us7000tg35,2026-09-25T12:49:49.040Z,"182 km WNW of Abepura, Indonesia",earthquake,6.22,1.9,0.134,16,reviewed,us,us
2026-09-02T10:03:24.736Z,52.1171,-169.4212,10,2.9,ml,19,289,0.696,0.39,us,us7000te3t,2026-09-24T13:12:54.040Z,"99 km SSW of Nikolski, Alaska",earthquake,3.19,1.991,0.115,10,reviewed,us,us
2026-09-02T09:59:28.693Z,51.995,-169.1733,6.906,3.7,mb,49,182,0.861,0.56,us,us7000tdpm,2026-09-24T17:57:02.040Z,"107 km SSW of Nikolski, Alaska",earthquake,4.4,5.752,0.14,13,reviewed,us,us
2026-09-02T09:22:16.055Z,52.0042,-169.4626,10,2.8,ml,17,235,0.8,0.42,us,us7000te3r,2026-09-24T13:21:30.040Z,"111 km SSW of Nikolski, Alaska",earthquake,3.44,1.948,0.115,10,reviewed,us,us
2026-09-02T09:20:28.496Z,52.0286,-169.1844,10,4,mb,93,139,0.828,0.66,us,us7000tdpi,2026-09-24T18:53:59.040Z,"103 km SSW of Nikolski, Alaska",earthquake,5.15,1.873,0.066,62,reviewed,us,us
2026-09-02T09:04:03.966Z,52.2384,-169.1385,10,2.7,ml,21,274,0.655,0.51,us,us7000te1s,2026-09-24T12:41:22.040Z,"80 km SSW of Nikolski, Alaska",earthquake,3.45,1.807,0.115,10,reviewed,us,us
2026-09-02T08:55:50.468Z,52.0576,-169.1326,10,3.6,mb,56,181,0.815,1.14,us,us7000tdph,2026-09-23T09:05:31.040Z,"99 km S of Nikolski, Alaska",earthquake,4.97,1.921,0.102,24,reviewed,us,us
2026-09-02T08:42:33.249Z,52.2128,-169.1895,10,2.6,ml,15,224,0.661,0.69,us,us7000te1p,2026-09-23T08:03:37.040Z,"83 km SSW of Nikolski, Alaska",earthquake,3.64,1.983,0.105,12,reviewed,us,us
2026-09-02T08:35:37.806Z,52.2099,-169.1519,10.646,3.3,ml,26,222,0.675,0.66,us,us7000tdpg,2026-09-23T07:53:39.040Z,"83 km SSW of Nikolski, Alaska",earthquake,3.98,7.879,0.091,16,reviewed,us,us
2026-09-02T08:33:00.660Z,17.4213,-63.7791,135,3.79,md,9,172,1.2376,0.27,pr,pr2026245000,2026-09-23T07:44:48.040Z,"60 km WSW of The Bottom, Bonaire, Saint Eustatius and Saba ",earthquake,2,2.92,0.3,5,reviewed,pr,pr
2026-09-02T08:25:09.375Z,51.3945,-176.1732,37.718,3,ml,15,235,0.49,0.31,us,us7000tdtn,2026-09-23T07:29:14.040Z,"62 km SSE of Adak, Alaska",earthquake,5.65,10.85,0.115,10,reviewed,us,us
2026-09-02T08:18:27.440Z,39.741833333333,-122.07766666667,25.92,2.72,md,33,57,0.1374,0.2,nc,nc75428637,2026-09-23T07:23:07.040Z,"5 km W of Hamilton City, CA",earthquake,0.43,0.72,0.242,70,reviewed,nc,nc
2026-09-02T08:16:10.433Z,52.194,-169.122,5,2.7,ml,22,277,0.7,0.5,ak,aka2026rjhwxd,2026-09-03T03:19:28.295Z,"84 km SSW of Nikolski, Alaska",earthquake,6.5,0,0.1,17,reviewed,ak,ak
2026-09-02T08:12:07.444Z,52.1925,-169.1519,10,2.5,ml,14,277,0.69,0.65,us,us7000tdtl,2026-09-23T07:05:45.040Z,"85 km SSW of Nikolski, Alaska",earthquake,3.73,1.985,0.115,10,reviewed,us,us
2026-09-02T08:07:14.391Z,2.6317,127.5296,107.324,4.3,mb,21,111,5.103,0.95,us,us7000tdk7,2026-09-24T14:09:38.040Z,"113 km NNW of Tobelo, Indonesia",earthquake,8.66,10.042,0.132,16,reviewed,us,us
2026-09-02T07:55:32.450Z,52.064,-169.145,10.3,2.7,ml,15,288,0.8,0.5,ak,aka2026rjhfbl,2026-09-03T03:05:47.280Z,"99 km S of Nikolski, Alaska",earthquake,10,5.0092,0.1,13,reviewed,ak,ak
2026-09-02T07:39:04.870Z,-44.3431,168.3315,10,4.4,mb,24,110,0.424,0.88,us,us7000tdjy,2026-09-24T12:22:32.040Z,"75 km NNW of Arthurs Point, New Zealand",earthquake,4.23,1.933,0.202,7,reviewed,us,us
2026-09-02T07:15:05.276Z,52.0767,-169.255,10,3.7,ml,23,217,0.767,1,us,us7000tdk6,2026-09-23T06:35:05.040Z,"99 km SSW of Nikolski, Alaska",earthquake,3.34,1.958,0.097,14,reviewed,us,us
2026-09-02T07:12:43.294Z,-44.4332,168.3688,10,4.3,mb,28,92,0.397,1.23,us,us7000tdjn,2026-09-24T12:13:56.040Z,"65 km NNW of Arthurs Point, New Zealand",earthquake,4.23,1.668,0.218,7,reviewed,us,us
2026-09-02T07:12:39.055Z,52.0552,-169.2915,10,4.2,mb,55,181,0.779,1.24,us,us7000tdk5,2026-09-23T06:27:21.040Z,"102 km SSW of Nikolski, Alaska",earthquake,4.75,1.762,0.096,30,reviewed,us,us
2026-09-02T07:09:30.027Z,51.776,178.914,19.9,2.5,ml,12,156,0.3,0.3,ak,aka2026rjfrcp,2026-09-03T02:21:37.688Z,"Rat Islands, Aleutian Islands, Alaska",earthquake,6.1,2.5292,0.3,10,reviewed,ak,ak
2026-09-02T07:03:53.750Z,51.8426,-173.8014,66.44,3.1,ml,18,286,0.435,0.64,us,us7000tdta,2026-09-23T06:22:51.040Z,"47 km SE of Atka, Alaska",earthquake,13.16,13.982,0.115,10,reviewed,us,us
2026-09-02T06:57:12.284Z,-44.4297,168.2643,10,5.2,mww,66,43,0.343,0.87,us,us7000tdjg,2026-09-24T17:25:29.334Z,"69 km NNW of Arthurs Point, New Zealand",earthquake,2.18,1.719,0.05,38,reviewed,us,us
2026-09-02T06:52:04.140Z,52.1648,-169.2397,13.02,3.5,ml,25,180,0.842,1.41,us,us7000tg30,2026-09-23T05:50:56.040Z,"89 km SSW of Nikolski, Alaska",earthquake,6.86,6.664,0.105,12,reviewed,us,us
2026-09-02T06:42:28.075Z,15.6084,146.6896,65.819,4.5,mb,23,166,0.943,0.51,us,us7000tg2z,2026-09-24T13:11:49.040Z,"109 km ENE of Saipan, Northern Mariana Islands",earthquake,10.08,5.246,0.156,16,reviewed,us,us
2026-09-02T06:42:15.976Z,52.0793,-169.2515,10,4,mb,75,177,0.765,1.29,us,us7000tdje,2026-09-23T05:20:52.040Z,"99 km SSW of Nikolski, Alaska",earthquake,5.22,1.863,0.077,49,reviewed,us,us
2026-09-02T06:41:19.523Z,53.4197,-164.7565,33.87,2.5,ml,15,220,0.889,0.53,us,us7000tdjm,2026-09-23T05:38:40.040Z,"104 km SE of Akutan, Alaska",earthquake,7.07,16.402,0.128,10,reviewed,us,us
2026-09-02T06:37:03.737Z,52.0226,-169.162,10,2.6,ml,14,286,0.839,0.66,us,us7000tdt9,2026-09-23T05:30:32.040Z,"103 km S of Nikolski, Alaska",earthquake,2.4,1.984,0.115,10,reviewed,us,us
2026-09-02T06:25:23.664Z,51.9724,-169.4563,10,2.8,ml,20,222,0.832,0.54,us,us7000tdt8,2026-09-09T08:52:31.040Z,"114 km SSW of Nikolski, Alaska",earthquake,5.7,2.002,0.097,14,reviewed,us,us
2026-09-02T06:20:47.160Z,51.0508,-178.4795,10,3.3,ml,20,232,0.545,0.55,us,us7000tdjl,2026-09-09T08:40:06.040Z,"157 km SW of Adak, Alaska",earthquake,1.55,1.996,0.091,16,reviewed,us,us
2026-09-02T06:20:19.901Z,52.052,-169.09,1.9,2.7,ml,18,288,0.8,0.4,ak,aka2026rjeamk,2026-09-02T23:21:32.914Z,"99 km S of Nikolski, Alaska",earthquake,9.4,5.8857,0.1,15,reviewed,ak,ak
2026-09-02T06:14:56.624Z,53.5508,-158.7092,18.333,3.2,ml,34,226,2.445,0.88,us,us7000tdrq,2026-09-09T08:33:28.040Z,"230 km SSE of Sand Point, Alaska",earthquake,8.42,8.639,0.085,18,reviewed,us,us
2026-09-02T06:13:33.590Z,-44.438,168.2788,10,5.1,mwr,56,41,0.345,1.12,us,us7000tdj8,2026-09-24T12:08:55.468Z,"67 km NNW of Arthurs Point, New Zealand",earthquake,1.54,1.82,0.05,39,reviewed,us,us
2026-09-02T06:06:40.997Z,-8.2187,120.6215,10,4.7,mb,35,118,3.299,0.79,us,us7000tdj7,2026-09-24T11:48:04.040Z,"46 km NNE of Ruteng, Indonesia",earthquake,9.13,1.89,0.112,24,reviewed,us,us
2026-09-02T06:06:31.580Z,14.343,-92.7087,35.199,4.1,mb,58,159,2.005,0.58,us,us7000tdj6,2026-09-24T11:44:50.040Z,"52 km SW of Puerto Madero, Mexico",earthquake,5.4,10.343,0.056,87,reviewed,us,us
2026-09-02T05:54:56.997Z,52.1241,-169.1432,10,3.9,mb,72,187,0.752,0.95,us,us7000tdj5,2026-09-09T08:23:00.040Z,"92 km SSW of Nikolski, Alaska",earthquake,5.07,1.926,0.088,34,reviewed,us,us
2026-09-02T05:49:30.339Z,53.011,159.9395,69.887,4.3,mb,37,110,0.779,0.61,us,us7000tdj4,2026-09-24T12:49:19.040Z,"88 km E of Petropavlovsk-Kamchatsky, Russia",earthquake,12.07,6.481,0.101,30,reviewed,us,us
2026-09-02T05:47:15.686Z,52.278,-169.233,26.3,2.7,ml,12,278,0.6,0.6,ak,aka2026rjcxtw,2026-09-02T23:08:19.709Z,"77 km SSW of Nikolski, Alaska",earthquake,10.6,6.0139,0.1,15,reviewed,ak,ak
2026-09-02T05:46:34.435Z,52.195,-169.172,8.7,2.7,ml,19,279,0.7,0.5,ak,aka2026rjcxcn,2026-09-02T23:08:31.062Z,"85 km SSW of Nikolski, Alaska",earthquake,9.4,5.8844,0.1,14,reviewed,ak,ak
2026-09-02T05:44:51.714Z,52.087,-169.32,18.2,2.7,ml,18,289,0.7,0.5,ak,aka2026rjcvsb,2026-09-02T23:04:52.594Z,"99 km SSW of Nikolski, Alaska",earthquake,22.6,14.2733,0.1,13,reviewed,ak,ak
2026-09-02T05:40:54.490Z,52.1511,-169.2852,33.318,4.6,mb,71,141,0.691,0.81,us,us7000tdj0,2026-09-24T10:05:21.040Z,"92 km SSW of Nikolski, Alaska",earthquake,5.84,5.864,0.079,47,reviewed,us,us
2026-09-02T05:40:40.688Z,69.421,-143.684,4.3,3.4,ml,64,105,0.2,0.9,ak,aka2026rjcsqh,2026-09-02T08:30:16.040Z,"79 km S of Kaktovik, Alaska",earthquake,7.1,5.2762,0.1,42,reviewed,ak,ak
2026-09-02T05:29:37.421Z,52.2401,-169.4001,10,3.4,ml,22,179,0.805,0.56,us,us7000tg2y,2026-09-24T14:51:02.040Z,"85 km SSW of Nikolski, Alaska",earthquake,9.26,1.967,0.097,14,reviewed,us,us
2026-09-02T05:18:15.110Z,52.054,-169.196,12,3.9,ml,17,290,0.8,0.6,ak,aka2026rjbyps,2026-09-02T05:54:47.541Z,"101 km SSW of Nikolski, Alaska",earthquake,10.5,5.6623,0.1,9,reviewed,ak,ak
2026-09-02T05:16:04.244Z,52.1188,-169.1373,15.313,4.6,mb,83,140,0.831,1.43,us,us7000tdis,2026-09-24T09:56:11.040Z,"93 km SSW of Nikolski, Alaska",earthquake,6.5,5.675,0.078,49,reviewed,us,us
2026-09-02T05:14:00.728Z,52.2356,-169.2979,35,5.2,mb,127,126,0.61,1.12,us,us7000tdin,2026-09-24T09:47:22.040Z,"83 km SSW of Nikolski, Alaska",earthquake,5.05,1.885,0.028,420,reviewed,us,us
2026-09-02T05:10:26.528Z,52.1309,-169.4152,35,4.6,mwr,118,138,0.683,0.86,us,us7000tdim,2026-09-24T07:52:07.040Z,"97 km SSW of Nikolski, Alaska",earthquake,5.3,1.913,0.083,14,reviewed,us,us
2026-09-02T05:08:37.036Z,47.8545,152.5752,141.053,4.5,mb,41,134,6.192,0.75,us,us7000tdk1,2026-09-24T07:39:45.040Z,"Kuril Islands",earthquake,12.42,7.872,0.086,40,reviewed,us,us
2026-09-02T05:07:21.034Z,51.0484,-178.4788,10,3.3,ml,20,219,0.548,0.42,us,us7000tdiw,2026-09-09T07:01:38.040Z,"157 km SW of Adak, Alaska",earthquake,3.34,1.975,0.081,20,reviewed,us,us
2026-09-02T04:42:46.470Z,17.985666666667,-66.817666666667,12.56,2.89,md,14,169,0.05956,0.19,pr,pr71530593,2026-09-02T05:37:21.780Z,"0 km S of Indios, Puerto Rico",earthquake,0.53,0.37,0.22094278557302,11,reviewed,pr,pr
2026-09-02T04:26:14.074Z,-7.0855,-12.6721,10,4.6,mb,19,91,1.873,1.18,us,us7000tdjv,2026-09-18T04:01:11.040Z,"213 km ENE of Georgetown, Saint Helena",earthquake,10.42,1.907,0.158,12,reviewed,us,us
2026-09-02T04:06:38.893Z,51.3029,-176.202,17.85,3.8,mb,45,190,0.574,0.86,us,us7000tdrg,2026-09-18T04:09:18.040Z,"70 km SSE of Adak, Alaska",earthquake,4.32,6.605,0.117,20,reviewed,us,us
2026-09-02T03:08:11.957Z,52.107,-169.182,9.8,2.7,ml,16,289,0.8,0.4,ak,aka2026rixpzf,2026-09-02T21:50:26.349Z,"95 km SSW of Nikolski, Alaska",earthquake,10.1,5.4604,0.1,12,reviewed,ak,ak
2026-09-02T03:01:25.923Z,-20.9066,-69.1289,109.711,4.1,mb,17,63,0.826,0.99,us,us7000tdia,2026-09-18T03:55:49.040Z,"83 km SE of La Tirana, Chile",earthquake,5.48,9.386,0.213,6,reviewed,us,us
2026-09-02T01:58:48.342Z,52.0352,-169.3499,10,2.8,ml,14,231,0.787,0.5,us,us7000tdr7,2026-09-18T04:04:04.040Z,"105 km SSW of Nikolski, Alaska",earthquake,3.77,1.993,0.115,10,reviewed,us,us
2026-09-02T01:47:21.062Z,34.2571,69.4432,10,4.1,mb,28,178,0.362,0.81,us,us7000tdi2,2026-09-18T03:53:42.040Z,"20 km WNW of Ḩukūmatī Azrah, Afghanistan",earthquake,6.52,1.964,0.127,17,reviewed,us,us
2026-09-02T01:16:09.359Z,69.469,-143.499,4.9,3,ml,53,128,0.2,0.8,ak,aka2026ritxhj,2026-09-18T03:48:28.040Z,"74 km S of Kaktovik, Alaska",earthquake,4.5,2.8022,0.2,37,reviewed,ak,ak
2026-09-02T00:05:18.524Z,69.436,-143.633,1.1,3.6,ml,83,111,0.2,1,ak,aka2026rirnde,2026-09-23T22:57:04.040Z,"77 km S of Kaktovik, Alaska",earthquake,4.6,3.6047,0.1,49,reviewed,ak,ak
2026-09-02T00:04:54.803Z,-3.2669,139.321,66.016,5.7,mb,113,21,1.569,0.45,us,us7000tdhl,2026-09-24T01:31:01.193Z,"163 km WSW of Abepura, Indonesia",earthquake,6.79,4.16,0.037,260,reviewed,us,us
2026-09-01T23:46:31.673Z,-25.2674,-179.6367,534.033,4.6,mb,26,73,7.788,0.51,us,us7000tfwm,2026-09-24T01:06:25.040Z,"south of the Fiji Islands",earthquake,8.99,8.531,0.125,19,reviewed,us,us
2026-09-01T23:45:23.304Z,-13.1764,66.654,10,4.7,mb,41,57,7.26,0.53,us,us7000tdhg,2026-09-24T01:00:23.040Z,"Mid-Indian Ridge",earthquake,10.79,1.864,0.097,32,reviewed,us,us
2026-09-01T23:39:01.070Z,40.786,48.6287,10,4,mb,20,69,1.517,0.78,us,us7000tdhf,2026-09-24T00:57:09.040Z,"17 km N of Shamakhi, Azerbaijan",earthquake,6.37,1.725,0.143,13,reviewed,us,us
2026-09-01T23:24:38.936Z,31.8902,131.6582,56.116,4.2,mb,24,126,1.095,0.33,us,us7000tdhc,2026-09-24T00:49:17.040Z,"23 km E of Miyazaki, Japan",earthquake,6.85,8.577,0.167,10,reviewed,us,us
2026-09-01T23:13:01.152Z,51.3926,-178.2034,51.638,2.5,ml,13,252,0.41,0.73,us,us7000tdpl,2026-09-02T23:12:30.040Z,"121 km WSW of Adak, Alaska",earthquake,7.04,27.379,0.128,8,reviewed,us,us
2026-09-01T22:42:09.570Z,-13.099,66.5601,10,4.6,mb,32,43,7.292,0.4,us,us7000tdh4,2026-09-24T00:46:17.040Z,"Mid-Indian Ridge",earthquake,10.55,1.861,0.105,27,reviewed,us,us
2026-09-01T22:37:43.197Z,-13.1688,66.4831,10,4.7,mb,31,79,7.198,0.45,us,us7000tdh3,2026-09-24T00:39:58.040Z,"Mid-Indian Ridge",earthquake,8.88,1.884,0.112,24,reviewed,us,us
2026-09-01T22:33:13.073Z,52.0628,-169.3474,10,3.5,ml,23,289,0.761,0.71,us,us7000tdi6,2026-09-02T23:04:28.040Z,"102 km SSW of Nikolski, Alaska",earthquake,3.8,1.995,0.115,10,reviewed,us,us
2026-09-01T22:16:40.298Z,52.3987,-169.3762,35,3.6,mb,40,177,0.656,0.98,us,us7000tfwl,2026-09-23T22:49:44.040Z,"69 km SSW of Nikolski, Alaska",earthquake,7.24,1.972,0.104,23,reviewed,us,us
2026-09-01T22:04:07.663Z,51.98,-169.2,13.8,2.8,ml,13,295,0.9,0.4,ak,aka2026riniof,2026-09-02T16:11:07.800Z,"109 km SSW of Nikolski, Alaska",earthquake,11.9,6.4516,0.1,11,reviewed,ak,ak
2026-09-01T20:47:10.896Z,52.0422,-169.2866,10,4.4,mb,112,103,0.792,0.92,us,us7000tdg6,2026-09-10T14:52:33.586Z,"103 km SSW of Nikolski, Alaska",earthquake,4.72,1.824,0.058,87,reviewed,us,us
2026-09-01T20:24:28.599Z,60.9881,-140.1452,5,2.6,ml,40,40,0.451,0.9,us,us7000tdfs,2026-09-09T21:45:51.040Z,"157 km ESE of McCarthy, Alaska",earthquake,1.36,2.001,0.042,73,reviewed,us,us
2026-09-01T20:19:31.765Z,56.606,-156.354,56.4,2.9,ml,58,101,0.9,0.8,ak,aka2026rijzmt,2026-09-09T21:41:13.040Z,"119 km SSE of Ugashik, Alaska",earthquake,3.2,5.7564,0.2,43,reviewed,ak,ak
2026-09-01T20:12:40.930Z,52.0421,-173.4079,11.642,2.8,ml,12,317,0.485,0.39,us,us7000tdnq,2026-09-09T21:33:10.040Z,"56 km ESE of Atka, Alaska",earthquake,9.61,9.089,0.128,8,reviewed,us,us
2026-09-01T20:05:12.791Z,52.0393,-167.0276,10,2.6,ml,14,266,1.456,0.74,us,us7000tdnp,2026-09-09T21:31:09.040Z,"159 km SE of Nikolski, Alaska",earthquake,4.76,2.02,0.115,10,reviewed,us,us
2026-09-01T19:23:08.707Z,28.891,-98.093,7.4913,2.8,ml,37,69,0.1,0.3,tx,tx2026rfoaez,2026-09-09T21:17:28.040Z,"12 km SW of Falls City, Texas",earthquake,0.60008047748142,0.81032858599399,0.2,28,reviewed,tx,tx
2026-09-01T19:21:21.987Z,41.5941,142.0312,61.978,4.6,mb,85,115,0.941,0.55,us,us7000tdfa,2026-09-09T21:16:14.040Z,"75 km ENE of Mutsu, Japan",earthquake,5.51,6.912,0.06,84,reviewed,us,us
2026-09-01T19:04:05.910Z,51.9574,160.1263,43.089,4.1,mb,12,223,1.398,0.97,us,us7000tfwf,2026-09-09T19:58:06.040Z,"159 km SE of Vilyuchinsk, Russia",earthquake,11.78,7.247,0.184,8,reviewed,us,us
2026-09-01T18:58:23.610Z,14.303,-92.9172,35,4.2,mb,77,185,2.106,0.53,us,us7000tfwe,2026-09-09T15:26:59.040Z,"70 km SW of Puerto Madero, Mexico",earthquake,9.67,1.953,0.068,60,reviewed,us,us
2026-09-01T18:51:07.025Z,36.5168,70.2239,212.943,4.4,mb,72,45,2.186,0.77,us,us7000tdf1,2026-09-09T17:27:37.040Z,"33 km E of Farkhār, Afghanistan",earthquake,4.78,5.209,0.077,48,reviewed,us,us
2026-09-01T18:42:53.783Z,52.4116,-169.1513,10,3,ml,16,261,0.512,0.93,us,us7000tdif,2026-09-09T17:18:13.040Z,"61 km SSW of Nikolski, Alaska",earthquake,7.67,2.026,0.091,16,reviewed,us,us
2026-09-01T18:37:28.667Z,-20.4489,169.7122,122.685,5,mb,104,29,3.014,0.9,us,us7000tdey,2026-09-09T17:01:25.040Z,"110 km SSE of Isangel, Vanuatu",earthquake,8.95,4.879,0.045,160,reviewed,us,us
2026-09-01T18:34:25.907Z,58.63,-155.146,139.3,2.6,ml,67,84,0.1,0.6,ak,aka2026rigmiv,2026-09-09T16:13:18.040Z,"88 km E of King Salmon, Alaska",earthquake,4.8,2.0193,0.4,47,reviewed,ak,ak
2026-09-01T18:11:46.374Z,-8.1981,120.6653,10,4.9,mb,56,123,3.291,0.91,us,us7000tder,2026-09-09T15:41:26.040Z,"50 km NNE of Ruteng, Indonesia",earthquake,8.6,1.858,0.092,37,reviewed,us,us
2026-09-01T17:50:01.547Z,42.0319,142.3327,65.908,4.3,mb,39,88,0.615,0.56,us,us7000tdem,2026-09-09T14:58:28.040Z,"33 km S of Shizunai-furukawachō, Japan",earthquake,5.89,7.42,0.119,20,reviewed,us,us
2026-09-01T17:29:27.770Z,19.197333333333,-155.49866666667,32.34,2.61,ml,47,77,0.05078,0.12,hv,hv75027827,2026-09-08T20:02:37.040Z,"2 km WSW of Pāhala, Hawaii",earthquake,0.46,0.55,0.14961698294595,37,reviewed,hv,hv
2026-09-01T17:05:06.078Z,7.718,-74.4786,83.04,4.2,mb,45,69,2.282,0.76,us,us7000tfwa,2026-09-09T14:55:58.040Z,"33 km ESE of San Carlos, Colombia",earthquake,5.41,6.989,0.108,24,reviewed,us,us
2026-09-01T16:51:00.752Z,52.067,-169.2568,11.344,3.1,ml,22,181,0.775,0.57,us,us7000tdid,2026-09-24T20:54:31.040Z,"100 km SSW of Nikolski, Alaska",earthquake,7.02,5.774,0.097,14,reviewed,us,us
2026-09-01T15:31:54.640Z,18.859166666667,-66.627833333333,15.84,2.79,md,11,283,0.5236,0.11,pr,pr71530533,2026-09-01T16:45:08.220Z,"43 km NNE of Arecibo, Puerto Rico",earthquake,0.59,1,0.053673245387439,4,reviewed,pr,pr
2026-09-01T15:15:01.920Z,17.968833333333,-68.515833333333,60.32,3.44,md,12,226,0.5576,0.33,pr,pr71530558,2026-09-24T20:53:36.040Z,"46 km SSE of Boca de Yuma, Dominican Republic",earthquake,3.82,4.84,0.015752030789931,6,reviewed,pr,pr
2026-09-01T15:10:27.742Z,52.1167,-169.2499,21.562,3.3,ml,22,222,0.731,0.84,us,us7000tdha,2026-09-24T20:43:34.040Z,"95 km SSW of Nikolski, Alaska",earthquake,5.45,13.668,0.091,16,reviewed,us,us
2026-09-01T14:41:12.134Z,-6.6534,127.5456,408.187,4.2,mb,52,26,5.216,0.61,us,us7000tdcb,2026-09-24T20:41:04.040Z,"215 km NNE of Lospalos, Timor Leste",earthquake,9.9,7.917,0.092,36,reviewed,us,us
2026-09-01T14:26:42.369Z,28.897,-98.102,8.6209,3.6,ml,26,71,0.1,0.2,tx,tx2026rfeetf,2026-09-24T20:37:34.040Z,"12 km SW of Falls City, Texas",earthquake,0.59147478094414,1.1475994720576,0.2,20,reviewed,tx,tx
2026-09-01T14:06:47.558Z,-7.922,120.5552,10,4.5,mb,20,120,2.997,1.39,us,us7000tfw7,2026-09-24T20:28:54.040Z,"76 km N of Ruteng, Indonesia",earthquake,8.1,1.843,0.14,15,reviewed,us,us
2026-09-01T13:47:19.538Z,52.2796,-169.3912,35,4.6,mb,169,98,0.767,0.79,us,us7000tdbt,2026-09-24T20:15:11.040Z,"81 km SSW of Nikolski, Alaska",earthquake,5.37,1.884,0.036,224,reviewed,us,us
2026-09-01T13:22:29.069Z,5.1091,125.6579,110.403,5.2,mww,235,18,1.949,0.71,us,us7000tdbr,2026-09-24T19:57:18.040Z,"39 km SSE of Sarangani, Philippines",earthquake,7.75,3.747,0.073,18,reviewed,us,us
2026-09-01T13:19:50.295Z,61.568,-146.456,21.2,2.5,ml,72,29,0.3,0.9,ak,aka2026rhvzpk,2026-09-01T23:11:49.375Z,"49 km N of Valdez, Alaska",earthquake,2.1,1.9631,0.1,45,reviewed,ak,ak
2026-09-01T12:29:20.420Z,54.9207,-159.633,35,3,ml,44,193,1.124,0.74,us,us7000tdh6,2026-09-24T12:29:35.040Z,"72 km SE of Sand Point, Alaska",earthquake,2.49,1.994,0.069,28,reviewed,us,us
2026-09-01T12:23:12.950Z,-4.5887,103.2386,86.053,4.5,mb,25,145,4.887,0.65,us,us7000tfw4,2026-09-25T12:32:14.040Z,"62 km S of Pagar Alam, Indonesia",earthquake,13.44,7.742,0.121,20,reviewed,us,us
2026-09-01T12:15:50.103Z,-29.3396,-71.9017,10,4.6,mb,33,148,0.816,0.55,us,us7000tdbi,2026-09-24T10:12:57.040Z,"87 km NW of Coquimbo, Chile",earthquake,4.94,1.852,0.182,9,reviewed,us,us
2026-09-01T11:44:56.470Z,19.2065,-64.770166666667,61.52,3.25,md,4,304,0.7931,0.15,pr,pr71530518,2026-09-01T12:26:25.370Z,"96 km N of Cruz Bay, U.S. Virgin Islands",earthquake,1.58,31.61,0.14669693755341,3,reviewed,pr,pr
2026-09-01T10:53:11.923Z,-7.0959,107.2011,10,4.3,mb,14,135,0.492,0.76,us,us7000tfw3,2026-09-25T12:18:49.788Z,"27 km WNW of Banjar, Indonesia",earthquake,5.52,1.937,0.188,9,reviewed,us,us
2026-09-01T10:34:44.597Z,-19.5015,-175.3713,159.256,5,mb,122,66,5.838,0.67,us,us7000tdbc,2026-09-24T14:47:37.040Z,"112 km WNW of Pangai, Tonga",earthquake,12.25,6.509,0.026,466,reviewed,us,us
2026-09-01T10:25:22.667Z,52.1131,-169.1528,10,3.9,mb,51,181,0.759,1.09,us,us7000tdgt,2026-09-24T18:09:48.040Z,"94 km SSW of Nikolski, Alaska",earthquake,4.95,1.918,0.102,25,reviewed,us,us
2026-09-01T10:13:22.057Z,63.178,-150.462,113.4,2.5,ml,80,23,0.4,0.8,ak,aka2026rhptyb,2026-09-01T22:12:09.105Z,"74 km ESE of Denali National Park, Alaska",earthquake,2.3,2.1906,0.3,54,reviewed,ak,ak
2026-09-01T09:49:00.645Z,52.0997,-169.1945,10,3.2,ml,22,217,0.76,0.51,us,us7000tdgr,2026-09-24T19:16:31.040Z,"96 km SSW of Nikolski, Alaska",earthquake,3.83,1.986,0.091,16,reviewed,us,us
2026-09-01T09:33:57.956Z,51.1927,-178.7758,35,2.6,ml,20,210,0.362,0.38,us,us7000tdgp,2026-09-24T11:58:40.040Z,"166 km WSW of Adak, Alaska",earthquake,2.54,1.954,0.097,14,reviewed,us,us
2026-09-01T09:02:38.212Z,52.0487,-169.1856,10,3.9,mb,50,181,0.809,0.65,us,us7000tdgi,2026-09-24T19:06:34.040Z,"101 km SSW of Nikolski, Alaska",earthquake,3.44,1.787,0.121,18,reviewed,us,us
2026-09-01T08:39:12.307Z,52.1191,-169.2592,10,2.8,ml,15,229,0.726,0.56,us,us7000tdg4,2026-09-22T13:01:56.040Z,"95 km SSW of Nikolski, Alaska",earthquake,3.81,1.982,0.115,10,reviewed,us,us
2026-09-01T08:35:05.707Z,52.1263,-169.2558,10,3.3,ml,25,181,0.8,0.42,us,us7000tded,2026-09-22T12:49:32.040Z,"94 km SSW of Nikolski, Alaska",earthquake,5.83,1.935,0.097,14,reviewed,us,us
2026-09-01T08:22:20.365Z,0.1192,128.9395,10,5.4,mww,105,29,2.525,0.98,us,us7000tdav,2026-09-24T07:44:50.907Z,"96 km SE of Maba, Indonesia",earthquake,6.99,1.725,0.066,22,reviewed,us,us
2026-09-01T08:18:46.254Z,52.1355,-169.2934,13.481,3.9,ml,27,217,0.703,0.84,us,us7000tdec,2026-09-22T08:49:28.040Z,"94 km SSW of Nikolski, Alaska",earthquake,5.42,9.216,0.097,14,reviewed,us,us
2026-09-01T08:11:03.573Z,52.6877,-169.3702,40.486,3.4,ml,33,173,0.423,1.18,us,us7000tfw0,2026-09-24T15:09:43.040Z,"44 km SW of Nikolski, Alaska",earthquake,10.12,9.978,0.097,14,reviewed,us,us
2026-09-01T08:06:45.423Z,52.0495,-169.2993,10,3.9,mb,38,180,0.783,1.19,us,us7000tdfw,2026-09-22T07:36:42.040Z,"103 km SSW of Nikolski, Alaska",earthquake,2.62,1.875,0.125,17,reviewed,us,us
2026-09-01T07:59:58.663Z,-25.2754,-179.9614,494.166,4.2,mb,27,97,4.348,0.72,us,us7000tfvz,2026-09-24T14:25:25.040Z,"south of the Fiji Islands",earthquake,14.63,14.426,0.131,17,reviewed,us,us
2026-09-01T07:56:52.171Z,51.4795,-176.8722,28.527,3.5,ml,16,208,0.362,0.42,us,us7000tdfn,2026-09-22T07:06:48.040Z,"46 km SSW of Adak, Alaska",earthquake,4.96,11.169,0.097,14,reviewed,us,us
2026-09-01T07:53:39.039Z,51.3644,-176.0631,35,2.6,ml,12,238,0.542,0.45,us,us7000tdfm,2026-09-22T06:54:09.040Z,"69 km SE of Adak, Alaska",earthquake,3.55,2.015,0.128,8,reviewed,us,us
2026-09-01T07:46:17.871Z,52.2937,-169.6447,44.967,4.6,mb,55,178,0.833,1.33,us,us7000tfwq,2026-09-22T06:29:28.040Z,"89 km SW of Nikolski, Alaska",earthquake,8.21,4.871,0.098,39,reviewed,us,us
2026-09-01T07:45:34.250Z,52.0494,-169.2192,10,4.5,mb,107,179,0.8,1.31,us,us7000tdal,2026-09-22T06:01:50.040Z,"101 km SSW of Nikolski, Alaska",earthquake,5.71,1.877,0.053,107,reviewed,us,us
2026-09-01T07:39:34.430Z,52.0777,-169.1967,10,2.9,ml,17,227,0.78,0.82,us,us7000tdfl,2026-09-22T05:46:14.040Z,"98 km SSW of Nikolski, Alaska",earthquake,3.73,1.972,0.105,12,reviewed,us,us
2026-09-01T07:34:54.951Z,52.0912,-169.1956,7.009,2.7,ml,17,227,0.768,0.49,us,us7000tdfk,2026-09-22T05:34:35.040Z,"97 km SSW of Nikolski, Alaska",earthquake,2.07,8.763,0.105,12,reviewed,us,us
2026-09-01T07:30:13.450Z,52.0226,-169.2933,10,3.6,mb,48,192,0.809,1.48,us,us7000tdak,2026-09-08T12:51:19.818Z,"106 km SSW of Nikolski, Alaska",earthquake,4.58,1.926,0.151,11,reviewed,us,us
2026-09-01T07:26:50.333Z,52.1727,-169.2786,10,3.4,ml,18,224,0.672,0.39,us,us7000tdfj,2026-09-08T12:27:33.040Z,"89 km SSW of Nikolski, Alaska",earthquake,1.36,1.976,0.097,14,reviewed,us,us
2026-09-01T07:19:34.442Z,52.1239,-169.2449,10,3.4,ml,21,223,0.725,0.67,us,us7000tdfh,2026-09-08T12:19:33.040Z,"94 km SSW of Nikolski, Alaska",earthquake,5.27,1.988,0.091,16,reviewed,us,us
2026-09-01T07:12:40.552Z,52.217,-169.2599,10,3.6,ml,30,214,0.637,1.06,us,us7000tdfg,2026-09-08T06:46:02.040Z,"84 km SSW of Nikolski, Alaska",earthquake,2.22,1.974,0.085,18,reviewed,us,us
2026-09-01T07:05:53.570Z,51.9969,-169.2243,10,4.5,mb,95,179,0.848,1.37,us,us7000tdag,2026-09-24T07:03:53.040Z,"107 km SSW of Nikolski, Alaska",earthquake,1.58,1.836,0.05,120,reviewed,us,us
2026-09-01T06:56:33.061Z,52.1597,-169.2589,13.093,3.1,ml,20,224,0.689,0.66,us,us7000tdeu,2026-09-22T16:16:54.040Z,"90 km SSW of Nikolski, Alaska",earthquake,3.83,4.67,0.105,12,reviewed,us,us
2026-09-01T06:52:15.561Z,52.166,-169.2923,34.036,3.8,mb,37,180,0.675,1.06,us,us7000tdae,2026-09-22T19:35:28.040Z,"90 km SSW of Nikolski, Alaska",earthquake,6.03,7.621,0.127,16,reviewed,us,us
2026-09-01T06:44:37.965Z,52.2047,-169.4301,33.789,5.3,mww,132,104,0.61,0.82,us,us7000tdab,2026-09-22T19:34:15.458Z,"90 km SSW of Nikolski, Alaska",earthquake,4.32,3.898,0.062,25,reviewed,us,us
2026-09-01T06:36:52.747Z,30.6527,51.436,10,4.3,mb,31,87,6.514,0.88,us,us7000tfvy,2026-09-22T17:56:23.040Z,"14 km W of Yasuj, Iran",earthquake,8.32,1.7,0.122,19,reviewed,us,us
2026-09-01T06:33:24.091Z,-38.0509,-16.3005,10,4.7,mb,46,63,3.291,0.66,us,us7000tfvm,2026-09-22T17:39:47.040Z,"southern Mid-Atlantic Ridge",earthquake,11.22,1.888,0.086,41,reviewed,us,us
2026-09-01T06:15:13.683Z,30.7676,51.5713,10,4.5,mb,56,62,6.535,0.87,us,us7000tda7,2026-09-22T19:31:05.891Z,"11 km N of Yasuj, Iran",earthquake,8.63,1.893,0.082,43,reviewed,us,us
2026-09-01T05:06:31.275Z,-4.0548,131.0553,35,4.6,mb,31,102,8.733,0.9,us,us7000td9v,2026-09-22T19:27:43.040Z,"186 km SW of Fakfak, Indonesia",earthquake,11.08,1.847,0.103,28,reviewed,us,us
2026-09-01T05:02:24.336Z,4.9669,127.5756,149.123,4.1,mb,35,121,2.882,0.54,us,us7000tfvw,2026-09-22T17:48:02.040Z,"218 km SE of Pondaguitan, Philippines",earthquake,13.8,6.505,0.097,29,reviewed,us,us
2026-09-01T04:53:25.800Z,17.978666666667,-66.758166666667,11.99,2.46,md,13,202,0.05194,0.09,pr,pr71530503,2026-09-01T09:47:52.940Z,"4 km SSE of Magas Arriba, Puerto Rico",earthquake,0.39,0.51,0.19472170551499,7,reviewed,pr,pr
2026-09-01T04:50:45.457Z,8.6353,-82.4204,10,3.6,ml,6,225,1.026,0.38,us,us7000tdbz,2026-09-01T20:23:31.864Z,"4 km WSW of Caldera, Panama",earthquake,5.05,1.992,0.105,12,reviewed,us,us
2026-09-01T04:13:32.397Z,-23.6648,-179.9914,554.394,4.1,mb,16,122,10.428,1.1,us,us7000td9j,2026-09-23T23:18:15.040Z,"south of the Fiji Islands",earthquake,18.59,12.786,0.157,11,reviewed,us,us
2026-09-01T03:46:38.489Z,-54.5157,-131.9804,10,4.5,mb,15,118,32.41,0.58,us,us7000tfvt,2026-09-23T23:08:05.040Z,"Pacific-Antarctic Ridge",earthquake,18.23,1.9,0.157,12,reviewed,us,us
2026-09-01T03:04:24.212Z,51.3776,-176.9751,35,2.9,ml,18,216,0.417,0.36,us,us7000tdcx,2026-09-23T22:37:22.040Z,"60 km SSW of Adak, Alaska",earthquake,3.13,2.001,0.105,12,reviewed,us,us
2026-09-01T03:03:51.600Z,18.4445,-68.2475,93.89,3.42,md,13,176,0.1445,0.41,pr,pr71530493,2026-09-23T04:38:25.040Z,"22 km SE of Punta Cana, Dominican Republic",earthquake,4.17,2.14,0.032801805471066,7,reviewed,pr,pr
2026-09-01T02:52:01.893Z,9.8558,126.3717,35,4.5,mb,31,133,2.877,1.05,us,us7000tfvr,2026-09-23T04:24:43.040Z,"29 km E of Pilar, Philippines",earthquake,11.89,1.92,0.104,27,reviewed,us,us
2026-09-01T02:33:26.563Z,-13.9582,165.4063,10,4.7,mb,20,148,6.642,0.47,us,us7000tfvp,2026-09-23T04:04:08.040Z,"215 km NW of Port-Olry, Vanuatu",earthquake,13.66,1.921,0.147,14,reviewed,us,us
2026-09-01T02:22:49.340Z,55.9928,-161.1902,184.977,3.3,ml,28,115,0.574,0.54,us,us7000td94,2026-09-23T03:53:16.040Z,"1 km SE of Nelson Lagoon, Alaska",earthquake,7.56,6.925,0.056,42,reviewed,us,us
2026-09-01T01:29:11.420Z,-20.4855,-178.1203,536.094,5,mb,175,34,4.53,0.63,us,us7000td8u,2026-09-23T03:35:23.040Z,"Fiji region",earthquake,10.33,5.417,0.05,130,reviewed,us,us
2026-08-31T23:16:53.715Z,55.1061,-164.8417,177.541,4.1,mb,59,48,0.519,0.79,us,us7000td88,2026-09-23T22:44:01.040Z,"95 km WNW of False Pass, Alaska",earthquake,7.09,4.82,0.09,35,reviewed,us,us
2026-08-31T23:05:19.554Z,54.0875,168.7269,10,4.3,mb,21,134,3.491,0.77,us,us7000texr,2026-09-24T00:31:59.040Z,"Komandorskiye Ostrova, Russia region",earthquake,10.89,1.915,0.138,15,reviewed,us,us
2026-08-31T22:01:39.126Z,34.6296,70.5836,49.258,4.4,mb,27,152,1.201,0.66,us,us7000td7u,2026-09-24T00:25:20.040Z,"25 km NNE of Jalālābād, Afghanistan",earthquake,7.32,9.892,0.148,13,reviewed,us,us
2026-08-31T21:45:56.991Z,-55.9666,-27.5978,90.63,4.5,mb,19,115,5.373,0.63,us,us7000td7p,2026-09-24T00:18:32.040Z,"South Sandwich Islands region",earthquake,6.43,9.332,0.128,18,reviewed,us,us
2026-08-31T21:38:46.281Z,40.6825,-127.0213,16.306,2.9,ml,27,282,2.277,0.68,us,us7000td7l,2026-08-31T23:04:03.040Z,"233 km W of Ferndale, California",earthquake,11.29,9.718,0.041,80,reviewed,us,us
2026-08-31T21:32:14.503Z,6.9336,94.3904,10,4.3,mb,18,71,5.422,0.47,us,us7000texq,2026-09-24T00:14:57.040Z,"154 km NW of Sabang, Indonesia",earthquake,9.94,1.894,0.154,12,reviewed,us,us
2026-08-31T21:30:16.491Z,-25.7514,-70.8391,28.585,4.3,mb,26,143,0.45,0.69,us,us7000td7k,2026-09-24T00:09:20.040Z,"52 km SW of Taltal, Chile",earthquake,6.4,6.38,0.217,6,reviewed,us,us
2026-08-31T20:37:30.430Z,18.177833333333,-67.504333333333,8.11,3.05,md,19,251,0.2069,0.17,pr,pr71530473,2026-09-11T16:40:28.040Z,"31 km WSW of Stella, Puerto Rico",earthquake,0.47,0.52,0.014930396274977,3,reviewed,pr,pr
2026-08-31T20:00:29.117Z,-9.0429,158.161,10,4.8,mb,35,75,1.807,0.73,us,us7000td6k,2026-09-11T16:39:15.040Z,"178 km SE of Gizo, Solomon Islands",earthquake,11.51,1.884,0.093,36,reviewed,us,us
2026-08-31T19:36:56.097Z,36.5523,71.1942,101.686,4.2,mb,33,93,2.036,0.62,us,us7000td68,2026-09-11T16:37:25.040Z,"33 km WSW of Ashkāsham, Afghanistan",earthquake,7.16,10.32,0.128,17,reviewed,us,us
2026-08-31T18:56:28.565Z,12.2028,-88.4481,35,4.6,mb,46,156,1.264,0.54,us,us7000td5l,2026-09-11T16:35:22.040Z,"117 km SSW of Chirilagua, El Salvador",earthquake,7.49,1.954,0.061,81,reviewed,us,us
2026-08-31T18:05:27.397Z,-36.8787,-95.8638,10,4.4,mb,34,155,14.287,0.79,us,us7000tdar,2026-09-11T15:23:33.040Z,"West Chile Rise",earthquake,15.14,1.919,0.095,32,reviewed,us,us
2026-08-31T18:00:41.760Z,40.449666666667,-125.46733333333,10,2.57,md,55,278,0.8624,0.39,nc,nc75427807,2026-09-11T15:41:38.040Z,"101 km W of Petrolia, CA",earthquake,1.94,31.61,0.344,34,reviewed,nc,nc
2026-08-31T17:15:43.924Z,10.0098,-103.9231,10,4.4,mb,42,184,9.928,0.7,us,us7000tdyr,2026-09-11T16:43:35.040Z,"northern East Pacific Rise",earthquake,10.81,1.83,0.082,43,reviewed,us,us
2026-08-31T15:21:59.688Z,30.714,51.4419,10,4.3,mb,30,87,6.512,0.71,us,us7000td4r,2026-09-11T19:41:13.040Z,"14 km WNW of Yasuj, Iran",earthquake,8.01,1.916,0.142,15,reviewed,us,us
2026-08-31T14:25:51.277Z,-8.3284,119.614,187.821,4.2,mb,23,163,3.295,0.93,us,us7000td4c,2026-09-08T19:59:51.040Z,"31 km NNE of Komodo, Indonesia",earthquake,12.33,12.784,0.141,14,reviewed,us,us
2026-08-31T14:07:43.745Z,-15.9699,-72.8022,110.855,4.1,mb,24,139,3.351,0.78,us,us7000td49,2026-09-08T19:38:13.040Z,"20 km SSE of Andaray, Peru",earthquake,10.28,19.273,0.151,12,reviewed,us,us
2026-08-31T12:01:17.242Z,-8.4859,121.6055,185.117,4.3,mb,23,112,2.654,1.04,us,us7000texi,2026-09-22T13:50:49.040Z,"40 km N of Ende, Indonesia",earthquake,9.88,11.101,0.154,12,reviewed,us,us
2026-08-31T12:01:06.720Z,18.246,-67.1645,15.73,2.45,md,9,140,0.244,0.22,pr,pr71530458,2026-08-31T12:26:02.820Z,"4 km SSW of Añasco, Puerto Rico",earthquake,0.57,1.28,0.052031132057698,4,reviewed,pr,pr
2026-08-31T11:53:26.350Z,-12.188,-75.4045,10,4.7,mb,47,107,1.42,0.9,us,us7000td3y,2026-09-22T19:24:23.297Z,"2 km NW of Yanacancha, Peru",earthquake,8.27,1.864,0.065,72,reviewed,us,us
2026-08-31T11:04:24.100Z,33.484,-116.40116666667,9.89,2.91,ml,108,20,0.1594,0.18,ci,ci41539640,2026-09-22T19:21:17.040Z,"22 km SSW of La Quinta, CA",earthquake,0.1,0.31,0.16449761016677,189,reviewed,ci,ci
2026-08-31T10:05:06.691Z,5.6279,126.1753,10.234,4.3,mb,16,135,1.55,0.81,us,us7000td3j,2026-09-24T14:02:26.040Z,"67 km ESE of Caburan, Philippines",earthquake,10.7,5.14,0.187,13,reviewed,us,us
2026-08-31T09:19:56.791Z,45.0743,148.2076,140.601,4.6,mb,76,134,4.122,0.94,us,us7000td3c,2026-09-24T05:51:26.040Z,"30 km ESE of Kuril’sk, Russia",earthquake,9.4,6.229,0.046,142,reviewed,us,us
2026-08-31T09:16:09.138Z,31.736,-104.112,7.9327,3.2,ml,54,48,0,0.2,tx,tx2026rcyegf,2026-09-21T09:09:37.040Z,"48 km W of Mentone, Texas",earthquake,0.46620433778809,0.51910037855676,0.1,32,reviewed,tx,tx
2026-08-31T08:59:55.738Z,43.521,-126.6839,10,2.7,ml,46,253,1.352,1.13,us,us7000td37,2026-09-23T10:51:28.040Z,"189 km WNW of Bandon, Oregon",earthquake,7.58,2.012,0.039,88,reviewed,us,us
2026-08-31T08:51:52.562Z,23.904,123.3508,28.476,4.5,mb,26,91,0.641,0.76,us,us7000texc,2026-09-25T12:59:10.040Z,"71 km SSE of Yonakuni, Japan",earthquake,2.24,6.305,0.15,13,reviewed,us,us
2026-08-31T08:36:43.908Z,40.5992,-126.9633,10,4.4,mb,128,164,1.988,0.55,us,us7000td35,2026-09-25T08:46:59.140Z,"228 km W of Ferndale, California",earthquake,7.84,1.9,0.054,101,reviewed,us,us
2026-08-31T08:28:38.906Z,31.737,-104.112,8.1378,3,ml,53,48,0,0.2,tx,tx2026rcwphu,2026-09-23T11:41:45.040Z,"48 km W of Mentone, Texas",earthquake,0.44274705081311,0.35061633720396,0.1,31,reviewed,tx,tx
2026-08-31T08:28:33.891Z,-8.4314,119.7333,10,4.3,mb,11,183,3.395,0.42,us,us7000texb,2026-09-25T13:46:10.040Z,"18 km WNW of Labuan Bajo, Indonesia",earthquake,13.25,1.967,0.217,6,reviewed,us,us
2026-08-31T08:03:27.890Z,-8.2583,120.5729,10,5.4,mb,111,46,3.324,0.57,us,us7000td2z,2026-09-24T13:58:20.941Z,"40 km NNE of Ruteng, Indonesia",earthquake,7.12,1.807,0.057,104,reviewed,us,us
2026-08-31T06:53:28.480Z,18.360166666667,-65.8015,128.42,3.12,md,17,168,0.1983,0.21,pr,pr71530423,2026-08-31T10:47:55.690Z,"2 km SW of Hato Candal, Puerto Rico",earthquake,2,0.83,0.07269144891686,12,reviewed,pr,pr
2026-08-31T05:18:44.075Z,52.906,-165.374,20,2.6,ml,12,323,1.2,0.4,ak,aka2026rfjxvx,2026-09-02T20:24:54.126Z,"132 km SE of Unalaska, Alaska",earthquake,10.2,0,0.1,10,reviewed,ak,ak
2026-08-31T04:38:22.910Z,-25.1317,179.8099,513.513,4.5,mb,78,76,4.565,0.78,us,us7000td2f,2026-09-23T02:49:22.040Z,"south of the Fiji Islands",earthquake,12.59,2.123,0.072,56,reviewed,us,us
2026-08-31T04:04:42.226Z,53.8044,-165.7988,67.157,2.6,ml,17,204,0.304,0.23,us,us7000tdqj,2026-09-23T00:56:36.040Z,"36 km S of Akutan, Alaska",earthquake,12.79,23.407,0.115,10,reviewed,us,us
2026-08-31T04:04:31.496Z,9.6989,126.2252,62.677,4.9,mb,119,57,2.689,0.75,us,us7000td2c,2026-09-23T00:53:13.711Z,"14 km ESE of Union, Philippines",earthquake,8.22,5.642,0.055,106,reviewed,us,us
2026-08-31T03:59:33.572Z,52.8414,-166.3378,35,2.7,ml,16,233,1,0.36,us,us7000td8d,2026-09-23T00:35:45.040Z,"115 km S of Unalaska, Alaska",earthquake,5.24,2.017,0.105,12,reviewed,us,us
2026-08-31T03:40:39.509Z,54.778,-156.819,4.9,3.1,ml,21,235,1.3,0.9,ak,aka2026rfgrdq,2026-09-23T00:18:48.040Z,"194 km SE of Perryville, Alaska",earthquake,10.7,5.63,0.2,17,reviewed,ak,ak
2026-08-31T03:39:35.110Z,18.549,-66.445333333333,95.86,2.84,md,7,248,0.242,0.3,pr,pr71530413,2026-08-31T10:18:54.860Z,"10 km NNE of Tierras Nuevas Poniente, Puerto Rico",earthquake,3.88,1.69,0.017158604004554,3,reviewed,pr,pr
2026-08-31T03:21:31.935Z,3.5484,122.4993,557.731,4.2,mb,17,97,10.328,0.82,us,us7000tex1,2026-09-23T00:14:54.040Z,"280 km SE of Latung, Philippines",earthquake,14.85,12.847,0.153,12,reviewed,us,us
2026-08-31T02:49:39.015Z,51.2971,-176.1914,35,2.9,ml,16,226,0.581,0.64,us,us7000td89,2026-09-14T04:09:37.040Z,"71 km SSE of Adak, Alaska",earthquake,2.49,2.016,0.097,14,reviewed,us,us
2026-08-31T02:48:41.292Z,-8.0998,120.5941,10,4.4,mb,14,169,3.177,1.15,us,us7000tewy,2026-09-19T00:04:46.040Z,"58 km NNE of Ruteng, Indonesia",earthquake,9.07,1.949,0.169,10,reviewed,us,us
2026-08-31T02:16:31.340Z,32.3705,-115.20816666667,17.7,2.65,ml,26,55,0.09538,0.27,ci,ci41539488,2026-09-20T23:04:30.040Z,"2 km NW of Delta, B.C., MX",earthquake,0.36,0.85,0.20723673741922,18,reviewed,ci,ci
2026-08-31T01:08:05.309Z,-9.6631,-79.0413,57.138,4.5,mb,38,137,3.163,0.87,us,us7000td1g,2026-09-15T03:49:39.040Z,"75 km WSW of Puerto Casma, Peru",earthquake,13.55,9.819,0.077,49,reviewed,us,us
2026-08-31T00:42:36.498Z,-8.4413,120.1653,10,4.2,mb,23,140,3.429,0.3,us,us7000tewx,2026-09-24T00:06:01.040Z,"31 km ENE of Labuan Bajo, Indonesia",earthquake,7.75,1.908,0.146,13,reviewed,us,us
2026-08-31T00:42:28.180Z,18.013333333333,-66.809166666667,16.66,2.88,md,25,126,0.01804,0.12,pr,pr71530403,2026-08-31T01:57:55.040Z,"1 km WSW of Guayanilla, Puerto Rico",earthquake,0.22,0.34,0.03426974072695,6,reviewed,pr,pr
2026-08-30T23:40:12.845Z,-57.9415,-23.2843,10,4.5,mb,16,201,8.236,0.24,us,us7000tec5,2026-09-23T23:41:55.040Z,"South Sandwich Islands region",earthquake,10.37,1.967,0.144,15,reviewed,us,us
2026-08-30T23:38:11.337Z,-10.9133,166.2507,153.706,4.4,mb,26,144,6.375,0.58,us,us7000tec4,2026-09-23T23:37:10.040Z,"53 km ESE of Lata, Solomon Islands",earthquake,9.26,8.662,0.117,21,reviewed,us,us
2026-08-30T22:51:05.194Z,-21.3238,-177.7544,390.773,4.3,mb,48,105,5.32,0.54,us,us7000td13,2026-09-23T23:28:55.040Z,"255 km W of Houma, Tonga",earthquake,12.8,6.732,0.102,27,reviewed,us,us
2026-08-30T22:27:18.596Z,59.922,-140.621,3,2.9,ml,63,127,0.3,1.1,ak,aka2026rewfee,2026-09-06T22:23:39.040Z,"65 km NW of Yakutat, Alaska",earthquake,4.4,2.7596,0.1,44,reviewed,ak,ak
2026-08-30T22:24:16.869Z,53.576,-164.8485,23.184,3.9,mb,62,163,0.735,0.75,us,us7000td7v,2026-09-23T22:34:45.040Z,"87 km SE of Akutan, Alaska",earthquake,4.6,9.13,0.21,6,reviewed,us,us
2026-08-30T22:08:03.592Z,-36.9153,177.4696,181.019,4.5,mb,19,196,0.929,0.75,us,us7000td0v,2026-09-23T23:25:37.040Z,"105 km NW of Hicks Bay, New Zealand",earthquake,9.39,8.973,0.156,12,reviewed,us,us
2026-08-30T22:07:26.295Z,-3.9184,141.3311,55.512,4.4,mb,27,113,1.529,0.45,us,us7000td0w,2026-09-23T23:20:52.040Z,"136 km S of Vanimo, Papua New Guinea",earthquake,9.95,7.934,0.131,17,reviewed,us,us
2026-08-30T21:46:56.198Z,52.096,-170.932,19.8,2.7,ml,14,220,0.9,0.7,ak,aka2026reuvne,2026-08-31T22:06:28.693Z,"168 km SW of Nikolski, Alaska",earthquake,17,8.22,0.1,12,reviewed,ak,ak
2026-08-30T21:18:37.340Z,19.0655,-155.3585,31.77,2.78,ml,51,208,0.1327,0.12,hv,hv75026967,2026-09-06T20:41:09.040Z,"19 km SE of Pāhala, Hawaii",earthquake,0.47,0.59,0.17276093760185,38,reviewed,hv,hv
2026-08-30T21:16:39.517Z,-12.4023,166.6369,10,4.8,mb,45,157,7.199,0.93,us,us7000tdxc,2026-09-23T23:12:06.040Z,"190 km NNW of Sola, Vanuatu",earthquake,4.24,1.903,0.095,34,reviewed,us,us
2026-08-30T19:57:01.574Z,-2.5928,138.7299,35.17,4.3,mb,21,107,1.973,0.84,us,us7000tec2,2026-09-05T16:27:24.040Z,"211 km W of Abepura, Indonesia",earthquake,13.29,7.913,0.133,16,reviewed,us,us
2026-08-30T18:41:19.620Z,19.178,-155.4905,30.99,2.63,ml,49,91,0.035,0.11,hv,hv75026922,2026-09-11T16:32:01.040Z,"3 km SSW of Pāhala, Hawaii",earthquake,0.44,0.47,0.14398240250167,39,reviewed,hv,hv
2026-08-30T18:25:38.194Z,61.752,-150.712,63.1,2.5,ml,43,44,0.3,0.9,ak,aka2026reoczv,2026-09-11T16:19:21.040Z,"25 km NNW of Susitna, Alaska",earthquake,2.9,3.3447,0.2,31,reviewed,ak,ak
2026-08-30T18:18:49.971Z,-3.869,141.799,47.786,4.5,mb,47,69,1.734,0.86,us,us7000tczy,2026-09-05T12:26:07.040Z,"101 km SW of Aitape, Papua New Guinea",earthquake,8.71,6.134,0.089,37,reviewed,us,us
2026-08-30T17:38:21.644Z,51.3473,-178.0407,35,3,ml,21,218,0.418,0.51,us,us7000td7n,2026-09-04T18:25:18.040Z,"113 km WSW of Adak, Alaska",earthquake,2.93,1.998,0.085,18,reviewed,us,us
2026-08-30T17:22:56.762Z,51.586,-179.486,12.314,2.9,ml,20,160,0.421,0.55,us,us7000td7m,2026-09-04T17:29:05.040Z,"199 km W of Adak, Alaska",earthquake,1.8,7.091,0.081,20,reviewed,us,us
2026-08-30T16:04:08.735Z,-18.2063,-69.6534,113.061,4.7,mb,61,65,0.189,0.88,us,us7000tczt,2026-09-11T19:23:31.784Z,"57 km SE of Palca, Peru",earthquake,6.71,4.187,0.041,183,reviewed,us,us
2026-08-30T15:33:01.080Z,18.822166666667,-65.0275,54.32,3.32,md,12,224,0.4721,0.41,pr,pr71530363,2026-09-11T19:12:59.040Z,"54 km N of Charlotte Amalie, U.S. Virgin Islands",earthquake,4.85,6.15,0.12658205535294,11,reviewed,pr,pr
2026-08-30T14:50:31.895Z,42.3002,80.6146,10,4.5,mb,44,75,1.321,0.97,us,us7000tczi,2026-09-11T19:03:19.040Z,"127 km NNE of Aksu, China",earthquake,7.53,1.899,0.115,23,reviewed,us,us
2026-08-30T14:27:57.254Z,31.659,-104.26,7.6508,2.7,ml,57,65,0,0.2,tx,tx2026rbmtxj,2026-09-11T18:58:09.040Z,"58 km S of Whites City, New Mexico",earthquake,0.43771214642011,1.0048266520026,0.1,33,reviewed,tx,tx
2026-08-30T13:55:55.055Z,52.2676,-162.4135,10,2.9,ml,13,280,2.623,0.99,us,us7000tczx,2026-09-20T13:23:42.040Z,"295 km SSE of False Pass, Alaska",earthquake,9.52,2.025,0.115,10,reviewed,us,us
2026-08-30T13:36:38.300Z,51.3565,-179.8438,35,2.9,ml,20,198,0.536,0.49,us,us7000td6h,2026-09-20T13:22:35.040Z,"229 km WSW of Adak, Alaska",earthquake,3.43,1.996,0.085,18,reviewed,us,us
2026-08-30T12:49:12.649Z,51.7841,-176.6378,97.675,2.6,ml,15,187,0.102,0.42,us,us7000td6d,2026-09-22T12:25:48.040Z,"10 km S of Adak, Alaska",earthquake,10.39,7.264,0.105,12,reviewed,us,us
2026-08-30T12:08:27.816Z,5.7536,125.2719,91.264,4.4,mb,60,82,1.343,0.75,us,us7000tebt,2026-09-22T17:22:50.040Z,"4 km ENE of Baliton, Philippines",earthquake,8.13,7.483,0.076,49,reviewed,us,us
2026-08-30T11:34:03.659Z,60.822,-151.385,75.1,2.5,ml,87,37,0.1,0.7,ak,aka2026reaktv,2026-09-22T19:15:47.040Z,"15 km NNW of Nikiski, Alaska",earthquake,2,1.9381,0.2,59,reviewed,ak,ak
2026-08-30T11:21:26.796Z,14.1739,-92.9057,10,4.3,mb,50,186,1.235,0.72,us,us7000tcyl,2026-09-22T19:13:42.040Z,"79 km SW of Puerto Madero, Mexico",earthquake,5.2,1.962,0.07,57,reviewed,us,us
2026-08-30T11:15:45.065Z,51.7143,-174.8665,35,2.8,ml,19,199,0.64,0.6,us,us7000td65,2026-09-22T14:13:43.040Z,"70 km SW of Atka, Alaska",earthquake,3.97,2.02,0.091,16,reviewed,us,us
2026-08-30T11:13:59.596Z,63.074,-149.288,76.2,2.6,ml,89,19,0.3,0.8,ak,aka2026rdztjd,2026-09-22T19:03:45.040Z,"39 km SSW of Cantwell, Alaska",earthquake,2.1,2.5425,0.2,63,reviewed,ak,ak
2026-08-30T11:03:03.401Z,-8.1587,120.5454,10,4.5,mb,27,83,3.222,0.88,us,us7000tcyr,2026-09-22T19:18:05.040Z,"50 km N of Ruteng, Indonesia",earthquake,10.95,1.902,0.121,20,reviewed,us,us
2026-08-30T10:54:23.726Z,-12.1673,166.8719,222.207,4,mb,40,130,8.697,0.75,us,us7000tebq,2026-09-22T13:28:58.040Z,"198 km SE of Lata, Solomon Islands",earthquake,15.95,8.714,0.093,31,reviewed,us,us
2026-08-30T10:17:48.478Z,-30.1635,-177.891,35,4.4,mb,20,109,0.916,0.86,us,us7000tebn,2026-09-22T17:00:26.040Z,"Kermadec Islands, New Zealand",earthquake,6.76,1.947,0.126,18,reviewed,us,us
2026-08-30T10:13:07.644Z,-29.9319,-177.9274,60.603,4.2,mb,20,180,0.684,0.41,us,us7000tebp,2026-09-22T17:16:13.040Z,"Kermadec Islands, New Zealand",earthquake,15.48,13.212,0.132,16,reviewed,us,us
2026-08-30T09:47:04.572Z,54.4495,-159.7146,33.012,2.9,ml,21,216,1.429,0.33,us,us7000td5z,2026-09-22T14:07:58.040Z,"110 km SSE of Sand Point, Alaska",earthquake,7.87,12.185,0.081,20,reviewed,us,us
2026-08-30T09:17:01.768Z,42.8368,-111.2827,10.863,2.9,ml,49,61,0.144,0.66,us,us7000tcy1,2026-09-22T19:01:40.848Z,"23 km WNW of Auburn, Wyoming",earthquake,1.75,7.117,0.032,126,reviewed,us,us
2026-08-30T09:13:56.316Z,-23.4523,179.9726,540.498,4.5,mb,72,60,5.956,0.66,us,us7000tcy0,2026-09-22T18:59:21.040Z,"south of the Fiji Islands",earthquake,10.8,6.118,0.048,127,reviewed,us,us
2026-08-30T09:02:08.070Z,-30.1683,-177.8842,29,5.5,mww,114,50,0.921,1.08,us,us7000tcxn,2026-09-22T19:01:39.032Z,"Kermadec Islands, New Zealand",earthquake,8.04,1.761,0.068,21,reviewed,us,us
2026-08-30T08:50:47.757Z,-8.4388,120.2231,10,4.3,mb,14,171,3.434,0.6,us,us7000tebm,2026-09-24T06:07:38.040Z,"32 km NW of Ruteng, Indonesia",earthquake,15.64,1.968,0.148,13,reviewed,us,us
2026-08-30T08:09:43.757Z,51.6592,159.2914,50.336,4.5,mb,43,137,1.422,0.65,us,us7000tcxi,2026-09-12T12:42:24.040Z,"153 km SSE of Vilyuchinsk, Russia",earthquake,11.54,7.605,0.085,41,reviewed,us,us
2026-08-30T08:08:05.440Z,52.629,-164.0118,10,2.6,ml,18,261,1.795,0.35,us,us7000td5u,2026-09-12T12:39:14.040Z,"204 km SE of Akutan, Alaska",earthquake,4.41,2.019,0.105,12,reviewed,us,us
2026-08-30T07:37:53.242Z,-3.3399,101.6275,78.374,4.9,mb,46,65,5.559,0.7,us,us7000tcxc,2026-09-12T12:35:56.178Z,"87 km NW of Bengkulu, Indonesia",earthquake,11.58,7.104,0.09,39,reviewed,us,us
2026-08-30T07:24:17.320Z,18.888,-64.3826,19,3.77,md,22,286,0.398,0.29,pr,pr2026242000,2026-09-12T12:29:52.040Z,"75 km NE of Cruz Bay, U.S. Virgin Islands",earthquake,3.67,7.21,0.22,15,reviewed,pr,pr
2026-08-30T07:10:39.182Z,-7.93,120.6672,15.155,4.5,mb,18,120,3.036,0.6,us,us7000tdw9,2026-09-12T12:26:08.040Z,"78 km NNE of Ruteng, Indonesia",earthquake,12.83,4.619,0.132,17,reviewed,us,us
2026-08-30T05:47:03.570Z,18.9116,-67.2885,53,3.96,md,29,175,0.4782,0.61,pr,pr2026242001,2026-09-12T11:10:59.040Z,"50 km NNW of San Antonio, Puerto Rico",earthquake,2.97,6.15,0.09,24,reviewed,pr,pr
2026-08-30T05:40:14.224Z,-60.2509,-47.226,10,4.6,mb,23,80,8.337,1.28,us,us7000tebi,2026-09-12T10:54:10.040Z,"Scotia Sea",earthquake,10.62,1.912,0.119,21,reviewed,us,us
2026-08-30T05:35:30.191Z,52.315,-165.207,3.8,2.6,ml,19,310,1.8,0.4,ak,aka2026rdolyr,2026-08-31T18:58:00.351Z,"194 km SSE of Unalaska, Alaska",earthquake,47.3,31.0164,0.1,13,reviewed,ak,ak
2026-08-30T05:24:33.567Z,52.6673,-166.6416,10,3,ml,18,243,1.069,0.36,us,us7000td5i,2026-09-12T10:49:08.040Z,"134 km S of Unalaska, Alaska",earthquake,2.07,1.952,0.115,10,reviewed,us,us
2026-08-30T05:19:50.926Z,-22.1949,-70.4379,50.054,4.7,mb,55,138,0.651,1.02,us,us7000tcwp,2026-09-12T10:47:16.965Z,"27 km WSW of Tocopilla, Chile",earthquake,4.67,6.62,0.043,163,reviewed,us,us
2026-08-30T05:17:03.964Z,2.2902,128.493,242.271,4.4,mb,21,120,4.187,0.68,us,us7000tcwq,2026-09-12T10:28:50.040Z,"82 km NE of Tobelo, Indonesia",earthquake,7.36,9.467,0.126,18,reviewed,us,us
2026-08-30T04:37:56.698Z,2.4078,-76.1637,10,4.5,mb,46,61,2.336,1.31,us,us7000tcwh,2026-09-18T03:22:02.023Z,"19 km SSW of Inzá, Colombia",earthquake,6.76,1.892,0.094,33,reviewed,us,us
2026-08-30T04:29:14.479Z,1.3943,126.3533,35.404,4.7,mb,45,111,5.402,0.94,us,us7000tcwg,2026-09-18T03:04:17.040Z,"132 km WNW of Ternate, Indonesia",earthquake,10.71,6.663,0.096,33,reviewed,us,us
2026-08-30T04:11:14.903Z,52.4124,-34.5625,10,4.3,mb,29,153,10.582,1.37,us,us7000tebf,2026-09-17T05:51:27.040Z,"Reykjanes Ridge",earthquake,11.55,1.944,0.122,19,reviewed,us,us
2026-08-30T04:06:58.273Z,36.3258,71.4476,112.849,4.2,mb,34,86,2.149,0.93,us,us7000tcwe,2026-09-18T02:49:50.040Z,"40 km S of Ashkāsham, Afghanistan",earthquake,6.84,8.434,0.115,22,reviewed,us,us
2026-08-30T03:55:29.362Z,-56.4812,-27.0785,141.951,5,mb,51,67,5.798,0.98,us,us7000tcwd,2026-09-18T02:47:58.040Z,"South Sandwich Islands region",earthquake,11.42,6.786,0.082,47,reviewed,us,us
2026-08-30T03:42:24.878Z,5.511,125.9649,10,4.3,mb,17,165,1.595,0.91,us,us7000tebd,2026-09-17T05:44:55.040Z,"56 km ESE of Kalbay, Philippines",earthquake,15.66,1.915,0.143,14,reviewed,us,us
2026-08-30T03:35:14.772Z,60.991,-152.46,128.3,2.8,ml,134,41,0.2,0.8,ak,aka2026rdklpn,2026-08-31T18:18:30.230Z,"71 km WNW of Nikiski, Alaska",earthquake,2.3,1.3995,0.2,91,reviewed,ak,ak
2026-08-30T03:24:43.900Z,52.6966,-166.5488,12.254,2.8,ml,20,236,1.09,0.66,us,us7000td59,2026-09-17T04:24:12.040Z,"131 km S of Unalaska, Alaska",earthquake,6.43,12.234,0.105,12,reviewed,us,us
2026-08-30T02:46:11.852Z,31.1712,140.3285,105.818,4.4,mb,22,122,4.373,0.84,us,us7000tebc,2026-09-17T05:17:54.040Z,"Izu Islands, Japan region",earthquake,7.86,8.74,0.143,14,reviewed,us,us
2026-08-30T01:57:43.546Z,3.6708,126.7076,35,4.4,mb,14,130,3.558,0.52,us,us7000tebb,2026-09-17T05:05:04.040Z,"236 km SE of Sarangani, Philippines",earthquake,10.56,1.963,0.149,13,reviewed,us,us
2026-08-30T01:50:22.410Z,18.558166666667,-67.561833333333,119.49,3.34,md,7,320,0.697,0.15,pr,pr71530298,2026-08-30T10:27:08.520Z,"40 km NW of Rincón, Puerto Rico",earthquake,3.4,2.47,0.028325542978304,4,reviewed,pr,pr
2026-08-30T01:24:33.726Z,51.2873,-176.3691,35,2.5,ml,16,225,0.576,0.6,us,us7000td55,2026-09-17T04:07:30.040Z,"67 km SSE of Adak, Alaska",earthquake,5.04,2.019,0.097,14,reviewed,us,us
2026-08-30T00:14:19.969Z,42.0491,142.6363,63.607,4.5,mb,44,118,0.39,0.76,us,us7000tcvt,2026-09-15T03:40:42.040Z,"16 km SW of Urakawa, Japan",earthquake,6.8,8.008,0.091,36,reviewed,us,us
2026-08-29T23:32:12.840Z,52.0333,176.283,10,2.9,ml,14,190,1.38,0.72,us,us7000td9m,2026-09-14T04:32:53.040Z,"229 km ESE of Attu Station, Alaska",earthquake,7.98,1.989,0.097,14,reviewed,us,us
2026-08-29T23:26:17.492Z,-22.6741,-67.5833,160.118,4.5,mb,40,71,0.615,0.93,us,us7000tcvp,2026-09-15T03:34:20.040Z,"68 km ENE of San Pedro de Atacama, Chile",earthquake,7.35,5.164,0.112,23,reviewed,us,us
2026-08-29T23:11:08.200Z,18.2475,-67.587,112.13,3.35,md,30,172,0.1704,0.17,pr,pr71530283,2026-09-15T03:29:13.040Z,"36 km WSW of Stella, Puerto Rico",earthquake,1.14,0.59,0.060023235922129,6,reviewed,pr,pr
2026-08-29T22:49:29.198Z,54.8751,-162.0148,92.28,2.8,ml,20,199,0.278,0.37,us,us7000td9i,2026-09-14T04:36:05.040Z,"28 km SE of King Cove, Alaska",earthquake,5.36,5.128,0.097,14,reviewed,us,us
2026-08-29T22:46:11.068Z,51.495,-173.395,5,2.8,ml,12,219,0.9,0.8,ak,aka2026rdauzk,2026-09-01T03:52:04.594Z,"95 km SE of Atka, Alaska",earthquake,9.3,0,0.3,11,reviewed,ak,ak
2026-08-29T22:38:50.993Z,55.122,-157.737,117.5,3.9,ml,90,204,1.3,2.8,ak,aka2026rdaolu,2026-09-15T03:24:31.040Z,"125 km SE of Perryville, Alaska",earthquake,8.9,3.8571,0.1,54,reviewed,ak,ak
2026-08-29T22:35:22.085Z,40.136,19.8358,10,4.8,mb,80,44,1.051,1.09,us,us7000tcvf,2026-09-15T03:08:27.498Z,"8 km ENE of Himarë, Albania",earthquake,3.7,1.863,0.066,71,reviewed,us,us
2026-08-29T22:03:48.480Z,52.2743,-174.4074,169.928,2.6,ml,15,217,0.148,0.29,us,us7000td9d,2026-09-14T04:45:30.040Z,"16 km WNW of Atka, Alaska",earthquake,20.88,10.404,0.097,14,reviewed,us,us
2026-08-29T21:37:56.339Z,53.1164,-168.3438,95.898,2.7,ml,15,189,0.264,0.41,us,us7000td9c,2026-09-14T04:56:00.040Z,"39 km ENE of Nikolski, Alaska",earthquake,8.03,6.376,0.105,12,reviewed,us,us
2026-08-29T21:30:30.058Z,51.5715,-175.7341,35,2.7,ml,17,212,0.432,0.5,us,us7000td9b,2026-09-14T05:00:01.040Z,"70 km ESE of Adak, Alaska",earthquake,2.66,1.87,0.091,16,reviewed,us,us
2026-08-29T21:00:19.521Z,29.9687,131.0276,35,4.8,mb,49,129,1.613,0.77,us,us7000tcv5,2026-09-15T02:57:51.040Z,"55 km ESE of Koshima, Japan",earthquake,4.19,1.93,0.077,54,reviewed,us,us
2026-08-29T20:53:49.245Z,34.85,-108.5536,3.245,2.8,ml,22,55,1.007,0.76,us,us7000tcv4,2026-09-04T16:52:40.040Z,"21 km SW of Pinehill, New Mexico",earthquake,2.8,5.575,0.049,54,reviewed,us,us
2026-08-29T20:18:52.887Z,53.8699,158.0592,192.731,4.2,mb,47,91,0.793,0.65,us,us7000tcuz,2026-09-04T17:20:14.040Z,"78 km NNW of Yelizovo, Russia",earthquake,13.32,7.746,0.084,40,reviewed,us,us
2026-08-29T19:53:41.223Z,36.4796,70.2474,201.316,4.3,mb,40,67,2.16,0.67,us,us7000tcus,2026-09-11T16:12:05.040Z,"36 km ESE of Farkhār, Afghanistan",earthquake,6.89,7.761,0.104,26,reviewed,us,us
2026-08-29T19:36:05.484Z,14.3969,51.4231,10,4.5,mb,36,95,6.817,0.62,us,us7000tcyu,2026-09-11T16:16:22.040Z,"216 km SSW of Al Ghayz̧ah, Yemen",earthquake,10.14,1.924,0.104,27,reviewed,us,us
2026-08-29T18:16:50.751Z,-22.7453,170.3733,10,4.2,mb,13,123,2.706,0.95,us,us7000teax,2026-09-05T16:04:31.040Z,"289 km ESE of Tadine, New Caledonia",earthquake,9.15,1.892,0.187,8,reviewed,us,us
2026-08-29T17:50:25.790Z,53.81,-163.799,11.4,2.5,ml,23,231,0.8,0.7,ak,aka2026rcqyks,2026-09-01T00:14:35.132Z,"118 km SSW of False Pass, Alaska",earthquake,7.7,3.5256,0.1,17,reviewed,ak,ak
2026-08-29T17:36:19.245Z,18.4946,-69.0395,104.472,3.9,ml,24,98,0.436,0.5,us,us7000tcue,2026-09-11T16:07:39.040Z,"10 km NW of La Romana, Dominican Republic",earthquake,6.21,5.604,0.065,31,reviewed,us,us
2026-08-29T17:12:29.870Z,40.422166666667,-125.26133333333,10,2.69,md,67,245,0.7022,0.32,nc,nc75426827,2026-09-09T02:12:24.629Z,"83 km W of Petrolia, CA",earthquake,1.51,31.61,0.232,43,reviewed,nc,nc
2026-08-29T17:10:19.291Z,54.922,-159.943,8.2,2.5,ml,17,240,1.1,0.5,ak,aka2026rcpptn,2026-09-01T00:11:23.299Z,"58 km SE of Sand Point, Alaska",earthquake,9.5,4.0944,0.1,13,reviewed,ak,ak
2026-08-29T16:52:39.546Z,-31.5282,-178.2606,28.719,4.7,mb,21,144,2.294,0.75,us,us7000teav,2026-09-24T19:47:03.040Z,"Kermadec Islands region",earthquake,10.47,7.306,0.115,23,reviewed,us,us
2026-08-29T16:42:43.206Z,1.8368,126.4968,53.532,4.3,mb,32,79,5.474,0.54,us,us7000tcu7,2026-09-24T19:35:13.040Z,"152 km NW of Ternate, Indonesia",earthquake,7.36,7.047,0.103,31,reviewed,us,us
2026-08-29T15:46:12.655Z,-23.662,-179.8872,502.345,4.3,mb,15,142,6.195,0.4,us,us7000teb2,2026-09-24T16:53:22.040Z,"south of the Fiji Islands",earthquake,16.12,11.843,0.133,16,reviewed,us,us
2026-08-29T15:26:32.408Z,51.045,-179.818,13.6,2.8,ml,19,236,0.6,0.4,ak,aka2026rcmdug,2026-08-31T23:59:47.586Z,"239 km WSW of Adak, Alaska",earthquake,7.3,3.0408,0.1,11,reviewed,ak,ak
2026-08-29T15:24:48.559Z,51.6637,-173.3859,56.964,3.7,ml,46,183,0.737,0.75,us,us7000tcuf,2026-09-24T16:40:14.040Z,"81 km SE of Atka, Alaska",earthquake,5.61,4.787,0.071,26,reviewed,us,us
2026-08-29T15:17:05.882Z,35.7616,140.9108,34.649,4.7,mww,138,92,0.665,0.57,us,us7000tcu2,2026-09-24T16:27:34.400Z,"7 km ENE of Hasaki, Japan",earthquake,8.28,4.101,0.089,12,reviewed,us,us
2026-08-29T15:16:55.105Z,54.821,-156.951,5,4.8,ml,300,150,1.7,1.1,ak,aka2026rcluqc,2026-09-24T16:16:28.040Z,"184 km SE of Perryville, Alaska",earthquake,3.1,0,0.1,111,reviewed,ak,ak
2026-08-29T14:20:51.359Z,-11.9594,166.3449,185.581,4.3,mb,23,93,8.768,0.61,us,us7000teau,2026-09-24T15:59:36.040Z,"149 km SSE of Lata, Solomon Islands",earthquake,32.83,20.279,0.125,20,reviewed,us,us
2026-08-29T13:48:18.280Z,54.679,-160.1678,35,3.3,ml,42,208,1.087,1.02,us,us7000td6n,2026-09-23T22:06:09.040Z,"76 km SSE of Sand Point, Alaska",earthquake,5.61,2.014,0.071,26,reviewed,us,us
2026-08-29T13:46:15.329Z,-8.0944,120.2446,10,4.3,mb,21,121,3.099,0.9,us,us7000teas,2026-09-23T21:56:05.040Z,"59 km NE of Labuan Bajo, Indonesia",earthquake,9.53,1.695,0.133,19,reviewed,us,us
2026-08-29T13:25:14.726Z,43.8806,138.2606,259.067,4,mb,47,74,3.135,0.64,us,us7000tctu,2026-09-23T21:45:01.040Z,"185 km SE of Terney, Russia",earthquake,5.63,8.728,0.095,30,reviewed,us,us
2026-08-29T13:01:53.436Z,-7.4342,129.0984,120.915,4.3,mb,15,97,5.736,0.67,us,us7000tear,2026-09-23T21:40:57.040Z,"260 km ENE of Lospalos, Timor Leste",earthquake,7.31,9.51,0.161,11,reviewed,us,us
2026-08-29T12:32:52.646Z,36.2205,27.5586,14.362,4.5,mb,43,55,0.455,0.55,us,us7000tctp,2026-09-12T10:17:54.040Z,"26 km W of Émponas, Greece",earthquake,2.26,4.4,0.081,44,reviewed,us,us
2026-08-29T12:02:11.982Z,59.919,-152.197,89.6,3.9,ml,268,56,0.4,0.9,ak,aka2026rcfhvc,2026-09-12T09:59:04.040Z,"25 km NW of Anchor Point, Alaska",earthquake,1.7,1.1414,0.2,155,reviewed,ak,ak
2026-08-29T12:01:01.465Z,53.513,-164.644,22.7,2.5,ml,14,271,0.9,0.5,ak,aka2026rcfhsp,2026-08-31T19:37:28.353Z,"101 km SE of Akutan, Alaska",earthquake,12,6.0855,0.1,9,reviewed,ak,ak
2026-08-29T11:47:56.753Z,21.6817,142.8625,334.771,4.2,mb,39,135,5.425,0.32,us,us7000tctm,2026-09-12T09:45:51.040Z,"Mariana Islands region",earthquake,12.58,9.609,0.088,36,reviewed,us,us
2026-08-29T11:10:07.629Z,59,-137.139,5,3.3,ml,48,120,0.6,0.8,ak,aka2026rcdpmb,2026-09-12T09:30:11.040Z,"78 km SW of Covenant Life, Alaska",earthquake,4,0,0.1,36,reviewed,ak,ak
2026-08-29T11:06:06.290Z,32.13,-102.22,7.5928,2.6,ml,57,47,0,0.1,tx,tx2026qzkjfo,2026-09-12T09:27:50.040Z,"19 km NE of Gardendale, Texas",earthquake,0.75187038670662,1.5668160854808,0.2,33,reviewed,tx,tx
2026-08-29T10:50:23.751Z,4.5132,-76.7395,60.635,4.5,mb,42,99,2.057,0.79,us,us7000tcth,2026-09-12T09:23:30.281Z,"18 km SW of Sipí, Colombia",earthquake,8.08,5.61,0.064,71,reviewed,us,us
2026-08-29T10:38:59.941Z,36.5634,70.8802,210.646,4.1,mb,31,107,2.491,0.59,us,us7000tctg,2026-09-12T09:16:29.040Z,"33 km S of Jurm, Afghanistan",earthquake,9.38,9.262,0.135,15,reviewed,us,us
2026-08-29T10:33:52.502Z,51.0931,-179.2028,21.743,2.6,ml,19,219,0.521,0.81,us,us7000td64,2026-09-12T09:14:19.040Z,"198 km WSW of Adak, Alaska",earthquake,2.44,10.084,0.081,20,reviewed,us,us
2026-08-29T09:18:36.145Z,40.559,-127.6597,10,2.7,ml,20,291,2.772,0.94,us,us7000tct5,2026-09-06T12:58:12.040Z,"287 km W of Ferndale, California",earthquake,13.35,2.026,0.05,52,reviewed,us,us
2026-08-29T09:15:46.837Z,-8.5879,127.2876,10,4.6,mb,37,96,5.671,0.8,us,us7000tct6,2026-09-06T12:51:55.040Z,"32 km ESE of Lospalos, Timor Leste",earthquake,9.91,1.872,0.091,36,reviewed,us,us
2026-08-29T09:06:25.296Z,5.9268,125.9755,155.228,4.2,mb,19,138,1.202,0.38,us,us7000teal,2026-09-06T12:49:12.040Z,"33 km ESE of Mangili, Philippines",earthquake,14.1,8.279,0.14,14,reviewed,us,us
2026-08-29T09:01:27.630Z,61.583,-151.752,96.4,2.8,ml,105,46,0.1,0.8,ak,aka2026rbziag,2026-09-06T12:33:56.040Z,"49 km SSW of Skwentna, Alaska",earthquake,2.1,1.8355,0.2,73,reviewed,ak,ak
2026-08-29T08:37:54.678Z,-8.3672,120.0082,10,4.3,mb,16,147,3.341,0.99,us,us7000teaj,2026-09-22T16:53:24.040Z,"19 km NE of Labuan Bajo, Indonesia",earthquake,9.17,1.927,0.153,12,reviewed,us,us
2026-08-29T08:35:44.876Z,39.8156,143.293,35.229,4.2,mb,21,136,1.962,0.48,us,us7000teak,2026-09-22T18:02:47.040Z,"117 km E of Miyako, Japan",earthquake,8.72,9.756,0.187,8,reviewed,us,us
2026-08-29T08:23:22.533Z,-22.2662,-179.7278,601.322,4.2,mb,26,93,4.958,0.46,us,us7000tcsv,2026-09-22T18:42:50.040Z,"south of the Fiji Islands",earthquake,14.56,10.047,0.107,24,reviewed,us,us
2026-08-29T08:08:46.229Z,-0.6905,126.8773,46.206,5,mb,88,48,4.392,0.62,us,us7000tcsu,2026-09-22T18:39:13.040Z,"67 km W of Labuha, Indonesia",earthquake,7.47,5.814,0.064,79,reviewed,us,us
2026-08-29T08:06:01.939Z,51.7997,179.7413,117.142,2.8,ml,20,108,0.148,0.39,us,us7000td5f,2026-09-22T14:04:59.040Z,"249 km W of Adak, Alaska",earthquake,7.29,2.796,0.081,20,reviewed,us,us
2026-08-29T07:49:18.663Z,40.727,-127.2934,10,2.9,ml,45,265,2.264,1.3,us,us7000tcss,2026-09-22T18:35:14.040Z,"256 km W of Ferndale, California",earthquake,8.86,2.02,0.038,92,reviewed,us,us
2026-08-29T07:48:39.176Z,40.7813,-126.7929,10,2.8,ml,38,265,2.098,1.12,us,us7000tcsr,2026-09-22T18:31:19.040Z,"215 km W of Ferndale, California",earthquake,7.92,2.02,0.043,72,reviewed,us,us
2026-08-29T07:46:42.759Z,54.465,-159.8957,35,3,ml,15,251,1.33,0.48,us,us7000td5e,2026-09-22T14:01:42.040Z,"104 km SSE of Sand Point, Alaska",earthquake,4.36,2.023,0.097,14,reviewed,us,us
2026-08-29T07:15:02.251Z,34.4025,45.4481,10,4.2,mb,42,232,0.253,0.67,us,us7000teag,2026-09-22T16:39:16.040Z,"38 km W of Sarpol-e Z̄ahāb, Iran",earthquake,5.66,1.908,0.101,27,reviewed,us,us
2026-08-29T07:10:55.088Z,-57.4376,-25.7938,99.757,5,mb,63,68,6.797,0.74,us,us7000tcsm,2026-09-22T18:29:04.040Z,"South Sandwich Islands region",earthquake,11.52,7.424,0.071,64,reviewed,us,us
2026-08-29T06:32:53.265Z,9.9126,126.1403,51.096,4.9,mb,90,96,2.879,0.87,us,us7000tcsc,2026-09-22T18:24:57.568Z,"6 km NE of Pilar, Philippines",earthquake,9.36,5.776,0.051,121,reviewed,us,us
2026-08-29T05:46:59.156Z,44.0131,-128.7988,10,3.5,mb,56,212,2.488,1.04,us,us7000tcs8,2026-09-22T18:16:30.183Z,"off the coast of Oregon",earthquake,10.61,2.008,0.201,6,reviewed,us,us
2026-08-29T05:40:06.270Z,-31.8263,56.9726,10,5.1,mb,84,49,10.669,0.58,us,us7000tcs7,2026-09-22T18:11:11.040Z,"Southwest Indian Ridge",earthquake,10.01,1.852,0.061,88,reviewed,us,us
2026-08-29T05:39:30.409Z,59.168,-151.769,52.6,2.5,ml,62,135,0.4,0.5,ak,aka2026rbsotr,2026-08-31T16:15:05.600Z,"20 km S of Port Graham, Alaska",earthquake,3.2,3.7357,0.1,47,reviewed,ak,ak
2026-08-29T05:25:43.112Z,53.695,-164.298,14.5,2.6,ml,17,236,0.8,0.4,ak,aka2026rbsdac,2026-08-31T16:06:48.659Z,"108 km ESE of Akutan, Alaska",earthquake,8.1,3.6417,0.1,13,reviewed,ak,ak
2026-08-29T04:48:40.579Z,44.7206,150.1001,35,4.7,mb,59,172,5.411,0.92,us,us7000tcrx,2026-09-18T02:42:51.040Z,"184 km ESE of Kuril’sk, Russia",earthquake,10.59,1.961,0.089,38,reviewed,us,us
2026-08-29T04:15:52.017Z,51.5462,-175.2725,35,3.1,ml,25,224,0.599,0.55,us,us7000td4q,2026-09-17T03:54:50.040Z,"100 km ESE of Adak, Alaska",earthquake,4.09,2.006,0.085,18,reviewed,us,us
2026-08-29T03:40:34.452Z,61.336,-150.661,56.7,2.5,ml,60,35,0.5,0.8,ak,aka2026rbopqh,2026-08-31T15:56:36.455Z,"24 km SSW of Susitna, Alaska",earthquake,2.5,3.4207,0.1,44,reviewed,ak,ak
2026-08-29T03:37:11.513Z,34.8578,-108.5513,11.359,3.4,ml,24,61,1.007,0.91,us,us7000tcrl,2026-09-18T02:23:39.764Z,"20 km SW of Pinehill, New Mexico",earthquake,2.3,8.577,0.045,65,reviewed,us,us
2026-08-29T03:34:16.209Z,52.5702,-165.0386,10,2.6,ml,13,249,1.593,0.54,us,us7000td4n,2026-09-16T05:15:56.040Z,"176 km SE of Unalaska, Alaska",earthquake,7.46,2.019,0.115,10,reviewed,us,us
2026-08-29T02:58:44.458Z,52.6317,-165.0849,10,2.6,ml,15,273,1.526,0.42,us,us7000td4m,2026-09-16T05:02:24.040Z,"168 km SE of Unalaska, Alaska",earthquake,7.26,2.02,0.115,10,reviewed,us,us
2026-08-29T02:41:11.610Z,40.45,-125.27233333333,10,4.74,mw,149,239,0.7061,0.28,nc,nc75426637,2026-09-23T02:51:18.314Z,"85 km W of Petrolia, CA",earthquake,0.67,31.61,,33,reviewed,nc,nc
2026-08-29T01:52:19.173Z,-7.1062,155.5558,10,4.4,mb,20,96,4.447,0.76,us,us7000tea9,2026-09-17T04:49:46.040Z,"87 km S of Panguna, Papua New Guinea",earthquake,8.25,1.902,0.155,12,reviewed,us,us
2026-08-29T01:46:05.549Z,46.5995,147.1833,309.028,4.1,mb,54,128,3.06,0.59,us,us7000tcr6,2026-09-18T02:01:55.040Z,"161 km NNW of Kuril’sk, Russia",earthquake,11.94,8.047,0.083,40,reviewed,us,us
2026-08-29T01:40:21.331Z,52.3638,-168.9763,35,2.7,ml,17,221,0.614,1.02,us,us7000td4l,2026-09-16T03:24:15.040Z,"64 km S of Nikolski, Alaska",earthquake,4.59,2.02,0.115,10,reviewed,us,us
2026-08-29T00:34:59.980Z,55.951,-159.693,11,2.5,ml,12,172,0.1,0.7,ak,aka2026rbikti,2026-08-30T20:43:16.140Z,"14 km WNW of Ivanof Bay, Alaska",earthquake,11.1,3.22,0.2,9,reviewed,ak,ak
2026-08-29T00:19:38.478Z,25.6765,-109.9009,10,4.2,mb,32,131,2.549,1.17,us,us7000tcqv,2026-09-15T02:44:05.353Z,"59 km W of Campo Pesquero el Colorado, Mexico",earthquake,6.49,1.733,0.064,69,reviewed,us,us
2026-08-29T00:17:48.320Z,18.819333333333,-67.384,7.76,3.06,md,16,219,0.4352,0.13,pr,pr71530223,2026-08-29T00:59:58.040Z,"47 km NW of San Antonio, Puerto Rico",earthquake,0.45,0.75,0.083617277179759,12,reviewed,pr,pr
2026-08-29T00:09:58.866Z,-16.6615,-175.589,330.295,4.3,mb,25,111,4.581,0.86,us,us7000tcqt,2026-09-15T02:31:11.040Z,"206 km WSW of Hihifo, Tonga",earthquake,13.26,7.96,0.126,18,reviewed,us,us
2026-08-28T23:55:58.731Z,37.4064,22.7467,85.804,4.5,mb,47,48,0.693,0.76,us,us7000tcqr,2026-09-15T02:28:19.680Z,"2 km E of Ástros, Greece",earthquake,5.91,7.151,0.075,53,reviewed,us,us
2026-08-28T23:48:03.716Z,-23.9509,-69.3914,78.724,4.3,mb,19,87,1.151,1.01,us,us7000tcqp,2026-09-15T02:05:53.040Z,"107 km ESE of Antofagasta, Chile",earthquake,2.95,10.018,0.217,6,reviewed,us,us
2026-08-28T23:43:24.903Z,52.5253,158.759,78.192,4.3,mb,11,164,0.503,0.6,us,us7000te1j,2026-09-18T23:23:31.040Z,"51 km SSE of Vilyuchinsk, Russia",earthquake,8.9,7.225,0.265,5,reviewed,us,us
2026-08-28T23:28:35.387Z,53.1432,-162.0484,10,3.5,mb,34,231,1.808,0.55,us,us7000tcqn,2026-09-15T02:03:14.040Z,"210 km SSE of False Pass, Alaska",earthquake,6.86,2.01,0.35,2,reviewed,us,us
2026-08-28T23:10:35.660Z,39.6595,143.2392,29.23,4.8,mww,67,134,2.011,0.6,us,us7000tcqg,2026-09-15T01:11:08.040Z,"111 km E of Miyako, Japan",earthquake,7.26,5.566,0.098,10,reviewed,us,us
2026-08-28T22:30:30.170Z,15.0062,-93.1064,77.978,4.1,mb,33,147,1.575,1.39,us,us7000tcqc,2026-09-15T01:05:45.040Z,"47 km WSW of El Arenal, Mexico",earthquake,8.4,9.501,0.076,51,reviewed,us,us
2026-08-28T22:07:32.900Z,42.2447,80.5748,10,4.9,mb,68,98,1.347,0.83,us,us7000tcq8,2026-09-15T00:53:39.040Z,"120 km NNE of Aksu, China",earthquake,7.18,1.898,0.058,95,reviewed,us,us
2026-08-28T21:44:07.028Z,53.7231,-164.2897,35,2.9,ml,19,212,0.771,0.54,us,us7000tcqi,2026-09-14T05:10:30.040Z,"107 km ESE of Akutan, Alaska",earthquake,3.17,2.014,0.105,12,reviewed,us,us
2026-08-28T21:24:34.860Z,40.3345,-124.95183333333,24.73,2.8,md,83,246,0.4681,0.25,nc,nc75426512,2026-09-15T04:32:33.040Z,"57 km W of Petrolia, CA",earthquake,0.93,10.65,0.289,56,reviewed,nc,nc
2026-08-28T21:21:51.616Z,51.3339,-179.0677,53.351,2.6,ml,18,201,0.271,0.39,us,us7000tcqh,2026-09-14T05:08:19.040Z,"178 km WSW of Adak, Alaska",earthquake,6.53,11.259,0.085,18,reviewed,us,us
2026-08-28T21:18:08.710Z,40.3455,-124.9405,19.73,2.72,md,41,252,0.4607,0.28,nc,nc75426507,2026-09-20T22:36:16.040Z,"56 km W of Petrolia, CA",earthquake,1.75,3.6,0.356,28,reviewed,nc,nc
2026-08-28T21:11:29.327Z,-39.2347,177.0176,17.225,4.5,mb,32,103,0.619,0.99,us,us7000te1d,2026-09-20T22:42:19.040Z,"24 km NNE of Bay View, New Zealand",earthquake,3.19,5.571,0.242,5,reviewed,us,us
2026-08-28T21:01:02.610Z,36.7567,-116.7984,1.5425,2.59,ml,46,63,0.12,0.1531,nn,nn00923949,2026-09-15T00:30:09.040Z,"17 km SSW of Beatty, Nevada",earthquake,,2.6591,0.35,11,reviewed,nn,nn
2026-08-28T20:44:36.572Z,-18.8742,-69.9753,84.768,4.4,mb,86,71,0.61,0.92,us,us7000tcpf,2026-09-23T19:14:41.040Z,"38 km NE of Cuya, Chile",earthquake,4.58,5.204,0.069,66,reviewed,us,us
2026-08-28T20:31:30.362Z,32.123,-102.22,7.6416,2.6,ml,42,46,0,0.1,tx,tx2026qyhjok,2026-09-23T18:54:55.024Z,"18 km NE of Gardendale, Texas",earthquake,0.38226421954888,0.97741700471707,0.2,25,reviewed,tx,tx
2026-08-28T20:28:27.902Z,-7.6133,126.3698,261.655,4.4,mb,10,181,3.713,0.74,us,us7000te1c,2026-09-23T18:50:42.040Z,"95 km N of Baukau, Timor Leste",earthquake,13.68,17.525,0.309,3,reviewed,us,us
2026-08-28T20:19:38.561Z,-6.2123,151.6757,10,5,mb,67,65,2.066,0.64,us,us7000tcp5,2026-09-23T17:42:36.040Z,"185 km ESE of Kimbe, Papua New Guinea",earthquake,4.33,1.749,0.066,73,reviewed,us,us
2026-08-28T20:07:43.061Z,-7.8601,120.6395,10,4.6,mb,40,109,2.962,0.52,us,us7000te1a,2026-09-23T17:19:28.040Z,"85 km NNE of Ruteng, Indonesia",earthquake,5.63,1.867,0.105,32,reviewed,us,us
2026-08-28T20:06:23.796Z,-6.0207,150.1793,50.872,4.4,mb,13,132,2.685,0.74,us,us7000te1b,2026-09-23T16:33:13.040Z,"52 km S of Kimbe, Papua New Guinea",earthquake,6.07,9.619,0.154,12,reviewed,us,us
2026-08-28T19:12:55.411Z,-28.2505,62.4051,10,4.9,mb,82,44,8.502,0.97,us,us7000tcnj,2026-09-23T16:07:27.040Z,"Southwest Indian Ridge",earthquake,9.8,1.853,0.064,76,reviewed,us,us
2026-08-28T19:09:30.809Z,-12.357,-14.7573,10,4.9,mb,51,52,4.414,0.73,us,us7000te19,2026-09-23T16:01:05.040Z,"southern Mid-Atlantic Ridge",earthquake,11.34,1.867,0.081,52,reviewed,us,us
2026-08-28T18:59:09.970Z,51.4225,-178.8643,32.94,3.1,ml,17,195,0.135,0.45,us,us7000tcqa,2026-08-29T12:41:24.040Z,"162 km WSW of Adak, Alaska",earthquake,4.87,4.781,0.081,20,reviewed,us,us
2026-08-28T17:54:37.094Z,52.4931,-173.8504,181.813,2.9,ml,18,137,0.193,0.41,us,us7000tcq4,2026-08-29T12:38:19.040Z,"40 km NE of Atka, Alaska",earthquake,11.51,9.27,0.105,12,reviewed,us,us
2026-08-28T17:41:51.041Z,6.462,126.6558,121.996,4.4,mb,44,133,1.228,0.71,us,us7000tcn8,2026-09-11T15:48:07.040Z,"54 km ENE of Pondaguitan, Philippines",earthquake,11.5,6.916,0.087,38,reviewed,us,us
2026-08-28T17:37:07.317Z,55.296,-134.986,22.7,2.7,ml,20,188,1.1,0.6,ak,aka2026raumta,2026-08-29T12:33:47.040Z,"108 km SSW of Port Alexander, Alaska",earthquake,6.7,8.9394,0.1,16,reviewed,ak,ak
2026-08-28T17:27:58.676Z,54.2405,-162.9439,35,3.3,ml,30,204,0.618,0.76,us,us7000tcq0,2026-09-11T15:53:02.040Z,"74 km SSE of False Pass, Alaska",earthquake,4.27,2.013,0.085,18,reviewed,us,us
2026-08-28T16:46:52.225Z,51.018,-178.849,28.7,2.7,ml,22,227,0.5,0.5,ak,aka2026rasuvt,2026-08-28T21:24:26.792Z,"181 km WSW of Adak, Alaska",earthquake,9.6,4.6858,0.1,14,reviewed,ak,ak
2026-08-28T16:15:27.579Z,-21.9272,-179.6,618.448,4,mb,23,190,4.711,0.5,us,us7000tckp,2026-09-06T16:30:31.040Z,"Fiji region",earthquake,8.52,11.008,0.149,15,reviewed,us,us
2026-08-28T15:33:22.896Z,-24.8004,-175.1044,10,4.4,mb,16,101,9.483,0.89,us,us7000tcke,2026-09-06T16:29:02.040Z,"south of Tonga",earthquake,10.63,1.925,0.19,13,reviewed,us,us
2026-08-28T15:24:45.552Z,-8.2156,120.4136,10,4.4,mb,19,138,3.248,1.14,us,us7000te12,2026-09-06T16:19:15.040Z,"44 km N of Ruteng, Indonesia",earthquake,9.56,1.922,0.19,8,reviewed,us,us
2026-08-28T15:04:11.878Z,51.2229,-178.2609,35,3.5,ml,19,209,0.479,0.47,us,us7000tcpm,2026-09-20T13:21:26.040Z,"134 km WSW of Adak, Alaska",earthquake,4.28,2.009,0.085,18,reviewed,us,us
2026-08-28T14:51:34.290Z,37.582333333333,-119.43,3.89,2.54,md,38,47,0.1095,0.22,nc,nc75426327,2026-09-08T20:42:24.583Z,"22 km SE of Yosemite Valley, CA",earthquake,0.25,1.49,0.208,33,reviewed,nc,nc
2026-08-28T14:31:46.109Z,40.2247,142.1817,71.22,4.4,mb,27,125,1.022,1.3,us,us7000tck0,2026-09-06T16:06:47.040Z,"33 km ENE of Noda, Japan",earthquake,8.9,2.72,0.154,12,reviewed,us,us
2026-08-28T14:26:08.370Z,18.401333333333,-64.864166666667,55.32,2.91,md,6,171,0.1003,0.09,pr,pr71530188,2026-08-28T15:14:28.620Z,"9 km NE of Charlotte Amalie, U.S. Virgin Islands",earthquake,6.9,0.93,0.28537150407859,3,reviewed,pr,pr
2026-08-28T14:11:54.174Z,-21.1859,-68.4374,121.512,4.5,mb,40,47,0.965,1.09,us,us7000tcjv,2026-09-06T16:03:26.040Z,"19 km WNW of Ollagüe, Chile",earthquake,6.19,6.544,0.105,27,reviewed,us,us
2026-08-28T13:37:21.891Z,51.009,-178.761,20.1,2.7,ml,20,228,0.5,0.5,ak,aka2026rammoh,2026-08-28T20:37:58.004Z,"176 km SW of Adak, Alaska",earthquake,7.7,3.9094,0.1,15,reviewed,ak,ak
2026-08-28T13:29:07.415Z,51.7505,-179.8689,113.896,2.5,ml,14,138,0.319,0.24,us,us7000tcpa,2026-09-20T13:19:32.040Z,"223 km W of Adak, Alaska",earthquake,4.65,6.914,0.105,12,reviewed,us,us
2026-08-28T13:13:45.357Z,51.092,-178.844,34.4,2.6,ml,15,222,0.5,0.8,ak,aka2026ralsaz,2026-08-28T20:29:25.800Z,"176 km WSW of Adak, Alaska",earthquake,11,8.4037,0.2,7,reviewed,ak,ak
2026-08-28T13:09:06.225Z,51.7696,-175.3945,67.267,2.6,ml,15,211,0.394,0.3,us,us7000tcp4,2026-09-20T13:18:39.040Z,"86 km E of Adak, Alaska",earthquake,8.76,9.005,0.115,10,reviewed,us,us
2026-08-28T12:32:38.279Z,51.0911,-178.7807,33.063,2.6,ml,18,217,0.463,0.57,us,us7000tcp0,2026-09-22T13:58:47.040Z,"172 km WSW of Adak, Alaska",earthquake,5.2,11.966,0.085,18,reviewed,us,us
2026-08-28T12:31:50.581Z,51.6392,-173.447,35,3,ml,15,302,0.73,0.7,us,us7000tcnz,2026-09-22T13:54:53.040Z,"80 km SE of Atka, Alaska",earthquake,7.45,2.027,0.115,10,reviewed,us,us
2026-08-28T12:27:05.375Z,-34.935,-178.4318,10,4.4,mb,24,194,3.718,0.75,us,us7000te0y,2026-09-22T12:52:44.040Z,"south of the Kermadec Islands",earthquake,13.07,1.977,0.135,16,reviewed,us,us
2026-08-28T12:21:36.606Z,-3.6611,141.2845,10,4.6,mb,29,71,1.278,0.68,us,us7000tcjf,2026-09-22T18:05:23.040Z,"108 km S of Vanimo, Papua New Guinea",earthquake,8.04,1.885,0.119,21,reviewed,us,us
2026-08-28T12:05:43.117Z,-17.846,-179.4854,630.387,4.2,mb,30,116,1.746,0.64,us,us7000te0x,2026-09-22T16:25:19.040Z,"129 km E of Levuka, Fiji",earthquake,12.75,7.635,0.11,23,reviewed,us,us
2026-08-28T11:53:18.849Z,51.037,-178.668,35.4,2.7,ml,15,227,0.5,0.4,ak,aka2026rajaku,2026-08-28T19:58:27.140Z,"169 km SW of Adak, Alaska",earthquake,11.4,14.0455,0.1,9,reviewed,ak,ak
2026-08-28T10:38:47.684Z,14.8531,108.2164,10,4.2,mb,12,118,4.149,0.23,us,us7000te0v,2026-09-25T07:45:33.040Z,"53 km S of Trà My, Vietnam",earthquake,10.7,1.93,0.236,5,reviewed,us,us
2026-08-28T10:38:33.420Z,-21.2263,-178.6083,531.6,4.2,mb,52,122,4.681,0.59,us,us7000tciy,2026-09-24T09:59:40.040Z,"Fiji region",earthquake,11.95,7.139,0.094,32,reviewed,us,us
2026-08-28T10:29:38.760Z,18.490833333333,-66.633166666667,13.62,2.58,md,13,201,0.1836,0.21,pr,pr71530163,2026-08-28T10:50:26.140Z,"5 km N of Animas, Puerto Rico",earthquake,0.83,0.61,0.058425107767686,5,reviewed,pr,pr
2026-08-28T10:23:06.459Z,-6.8912,127.4498,10,4.5,mb,17,135,4.987,0.38,us,us7000tcj1,2026-09-24T09:52:25.040Z,"187 km NNE of Lospalos, Timor Leste",earthquake,9.86,1.924,0.14,15,reviewed,us,us
2026-08-28T10:18:23.669Z,56.079,-154.419,24,3.1,ml,27,242,0.5,1,ak,aka2026rafwcu,2026-09-23T11:32:44.040Z,"97 km S of Akhiok, Alaska",earthquake,9.5,5.7923,0.2,21,reviewed,ak,ak
2026-08-28T10:11:32.519Z,25.8089,125.35,129.292,4.6,mb,90,77,1.746,1.08,us,us7000tcit,2026-09-24T07:51:11.040Z,"111 km N of Hirara, Japan",earthquake,5.31,7.527,0.056,93,reviewed,us,us
2026-08-28T10:02:25.535Z,31.672,-104.367,7.7917,2.9,ml,57,66,0.1,0.2,tx,tx2026qxmlhv,2026-09-23T11:36:49.040Z,"55 km S of Whites City, New Mexico",earthquake,1.0153220500633,0.64218091790409,0.1,30,reviewed,tx,tx
2026-08-28T09:27:59.920Z,41.559666666667,-109.88883333333,-1.93,2.98,ml,21,112,0.1108,0.16,uu,uu80150926,2026-08-28T22:44:39.634Z,"3 km NW of Little America, Wyoming",earthquake,0.36,0.89,0.19464178804526,23,reviewed,uu,uu
2026-08-28T09:26:32.052Z,50.995,-178.702,14.9,2.6,ml,12,230,0.6,0.4,ak,aka2026raedbm,2026-08-28T19:38:36.347Z,"173 km SW of Adak, Alaska",earthquake,14.2,7.5544,0.1,8,reviewed,ak,ak
2026-08-28T09:12:16.798Z,52.0771,160.6301,10,5,mb,214,110,1.536,0.47,us,us7000tcii,2026-09-24T08:14:17.040Z,"174 km SE of Petropavlovsk-Kamchatsky, Russia",earthquake,7.58,1.849,0.034,275,reviewed,us,us
2026-08-28T09:01:39.356Z,-6.7932,126.8733,414.6,4.1,mb,18,71,4.645,0.36,us,us7000te0t,2026-09-25T07:27:53.040Z,"191 km N of Lospalos, Timor Leste",earthquake,15.68,9.083,0.174,9,reviewed,us,us
2026-08-28T08:56:52.837Z,-3.7194,141.1607,44.102,4.1,mb,10,111,1.281,0.97,us,us7000te0s,2026-09-06T12:21:05.040Z,"115 km S of Vanimo, Papua New Guinea",earthquake,8.82,12.365,0.174,9,reviewed,us,us
2026-08-28T08:32:36.200Z,-19.249,168.2309,10,5,mb,38,148,3.359,0.74,us,us7000tcig,2026-09-06T12:12:08.685Z,"115 km WNW of Isangel, Vanuatu",earthquake,10.86,1.752,0.1,32,reviewed,us,us
2026-08-28T08:22:26.767Z,5.2762,125.4174,65.967,4.5,mb,26,128,1.789,0.74,us,us7000te0q,2026-09-06T11:57:01.040Z,"14 km SSW of Sarangani, Philippines",earthquake,11.58,9.078,0.121,20,reviewed,us,us
2026-08-28T08:20:52.570Z,18.5318,-154.4191,8.176,2.8,ml,34,315,1.007,0.27,us,us7000tcid,2026-09-06T11:44:48.040Z,"116 km SSE of Leilani Estates, Hawaii",earthquake,4.35,7.89,0.053,46,reviewed,us,us
2026-08-28T06:49:03.863Z,63.042,-143.778,0.1,3.1,ml,39,54,0.6,0.9,ak,aka2026qzywnd,2026-09-21T08:49:44.040Z,"13 km N of Mentasta Lake, Alaska",earthquake,3.7,2.6857,0.2,7,automatic,ak,ak
2026-08-28T06:46:33.516Z,10.0063,-78.4009,35,4.3,mb,41,56,1.644,0.69,us,us7000tci6,2026-09-24T05:36:41.649Z,"65 km NNE of Narganá, Panama",earthquake,5.78,1.946,0.075,50,reviewed,us,us
2026-08-28T06:26:43.821Z,51.5353,179.9923,70.309,3,ml,23,162,0.418,0.4,us,us7000tcnh,2026-09-21T08:40:10.040Z,"236 km W of Adak, Alaska",earthquake,3.11,9.47,0.085,18,reviewed,us,us
2026-08-28T05:55:40.656Z,51.363,-178.196,25.6,2.5,ml,23,206,0.4,0.5,ak,aka2026qzxcfs,2026-08-28T18:21:03.460Z,"122 km WSW of Adak, Alaska",earthquake,10.4,4.6269,0.1,16,reviewed,ak,ak
2026-08-28T05:13:35.089Z,29.304,105.2207,10,5,mb,66,42,6.757,0.58,us,us7000tcht,2026-09-24T05:30:29.040Z,"22 km NW of Fuji, China",earthquake,8.61,1.579,0.066,72,reviewed,us,us
2026-08-28T05:08:51.721Z,-37.6472,178.2898,55.222,4.5,mb,29,140,0.086,1.38,us,us7000tchn,2026-09-24T12:45:53.040Z,"5 km S of Hicks Bay, New Zealand",earthquake,7.7,7.027,0.156,12,reviewed,us,us
2026-08-28T05:01:00.947Z,-17.7383,-178.6154,580.129,4.1,mb,33,139,2.298,0.54,us,us7000te0l,2026-09-24T13:17:50.040Z,"222 km E of Levuka, Fiji",earthquake,13.45,11.363,0.076,47,reviewed,us,us
2026-08-28T04:59:06.858Z,-50.073,111.5555,10,5.2,mww,76,40,16.261,0.58,us,us7000tchl,2026-09-23T00:06:52.040Z,"southeast Indian Ridge",earthquake,9.02,1.748,0.093,11,reviewed,us,us
2026-08-28T04:50:50.627Z,-18.2213,-173.401,10,4.5,mb,12,110,3.401,0.77,us,us7000te0k,2026-09-22T23:29:35.040Z,"77 km NE of Neiafu, Tonga",earthquake,8.43,1.918,0.191,8,reviewed,us,us
2026-08-28T04:13:12.251Z,-50.0677,111.642,10,4.5,mb,14,166,24.97,0.48,us,us7000te0j,2026-09-22T23:09:55.040Z,"southeast Indian Ridge",earthquake,13.17,1.909,0.192,8,reviewed,us,us
2026-08-28T04:02:23.060Z,18.871,-64.378833333333,39.21,3.42,md,11,286,0.3794,0.17,pr,pr71530133,2026-09-22T23:01:49.040Z,"74 km NE of Cruz Bay, U.S. Virgin Islands",earthquake,3.54,4.91,0.12241977620193,10,reviewed,pr,pr
2026-08-28T03:20:36.060Z,19.195666666667,-66.092833333333,25.83,3.3,md,19,253,0.8819,0.22,pr,pr71530118,2026-09-22T22:57:55.040Z,"80 km N of San Juan, Puerto Rico",earthquake,0.9,15.75,0.07659224978047,10,reviewed,pr,pr
2026-08-28T03:01:40.761Z,13.2578,50.5884,10,4.5,mb,13,178,21.805,0.85,us,us7000te0h,2026-09-22T22:54:16.040Z,"144 km N of Caluula, Somalia",earthquake,11.84,1.914,0.191,8,reviewed,us,us
2026-08-28T02:39:17.515Z,8.435,-103.4321,10,5,mww,77,194,10.235,0.56,us,us7000tch3,2026-09-22T22:34:38.040Z,"northern East Pacific Rise",earthquake,6.96,1.924,0.098,10,reviewed,us,us
2026-08-28T02:38:12.856Z,47.1965,-113.4473,20.37,3.2,ml,54,49,0.055,0.64,us,us7000tch1,2026-09-22T21:48:29.303Z,"3 km NE of Seeley Lake, Montana",earthquake,2.15,5.295,0.034,112,reviewed,us,us
2026-08-28T02:20:55.653Z,22.0375,120.3823,13.08,4.4,mb,37,107,1.01,0.58,us,us7000tcgz,2026-09-22T21:40:12.040Z,"37 km W of Hengchun, Taiwan",earthquake,7.56,5.062,0.127,18,reviewed,us,us
2026-08-28T01:53:28.169Z,-63.019,-158.5357,10,5,mb,35,81,18.349,0.99,us,us7000tcj9,2026-09-22T05:13:42.040Z,"Pacific-Antarctic Ridge",earthquake,7.87,1.861,0.113,25,reviewed,us,us
2026-08-28T01:17:32.141Z,65.462,-149.986,2.2,3,ml,69,24,0.4,1,ak,aka2026qznvbr,2026-09-22T04:56:38.040Z,"9 km ESE of Rampart, Alaska",earthquake,2.1,1.7536,0.2,49,reviewed,ak,ak
2026-08-28T01:14:47.984Z,-6.7316,131.7082,10,4.5,mb,13,112,2.835,0.25,us,us7000tcj8,2026-09-22T03:41:27.040Z,"168 km SW of Tual, Indonesia",earthquake,6.73,1.928,0.205,7,reviewed,us,us
2026-08-28T00:43:02.585Z,1.7755,126.9005,41.633,4.7,mb,42,98,7.094,0.62,us,us7000tcgq,2026-09-15T00:27:24.040Z,"121 km NNW of Ternate, Indonesia",earthquake,12.62,7.324,0.085,42,reviewed,us,us
2026-08-28T00:38:21.038Z,10.2493,-67.2874,10,4.4,mb,25,112,0.279,0.63,us,us7000tci3,2026-09-15T00:23:38.634Z,"5 km ENE of La Victoria, Venezuela",earthquake,5.75,1.923,0.126,18,reviewed,us,us
2026-08-28T00:03:55.809Z,-6.3227,130.3183,124.401,4.1,mb,14,122,1.835,0.35,us,us7000tcgk,2026-09-15T00:12:09.040Z,"280 km WSW of Tual, Indonesia",earthquake,10.31,8.922,0.185,8,reviewed,us,us
2026-08-27T23:50:50.134Z,-3.8879,151.9912,266.722,4.5,mb,31,124,0.347,0.71,us,us7000tcgh,2026-09-15T00:05:45.040Z,"39 km NNW of Rabaul, Papua New Guinea",earthquake,12.44,5.73,0.113,23,reviewed,us,us
2026-08-27T23:19:36.249Z,58.162,-151.537,37.8,3.2,ml,124,138,0.6,0.9,ak,aka2026qzjwts,2026-09-14T05:06:12.040Z,"62 km ENE of Ouzinkie, Alaska",earthquake,3.1,9.3346,0.1,91,reviewed,ak,ak
2026-08-27T23:02:58.861Z,-20.4125,-177.7174,518.966,4.9,mb,74,48,4.791,0.9,us,us7000tcgb,2026-09-15T00:01:03.040Z,"265 km WNW of Houma, Tonga",earthquake,12.06,6.725,0.027,449,reviewed,us,us
2026-08-27T22:48:03.802Z,10.3597,-67.2584,10,4.3,mb,23,125,0.317,1.17,us,us7000tdy4,2026-09-18T02:53:27.040Z,"14 km NW of Las Tejerías, Venezuela",earthquake,3.14,1.928,0.238,5,reviewed,us,us
2026-08-27T22:40:16.360Z,53.0986,-166.7707,35,2.9,ml,18,210,0.699,0.75,us,us7000tcgp,2026-09-14T05:04:22.040Z,"87 km S of Unalaska, Alaska",earthquake,2.68,2.009,0.115,10,reviewed,us,us
2026-08-27T22:22:45.168Z,1.889,128.2198,114.823,4.4,mb,31,93,6.247,0.62,us,us7000tdxz,2026-09-15T05:00:26.040Z,"29 km NE of Tobelo, Indonesia",earthquake,14.63,7.615,0.112,24,reviewed,us,us
2026-08-27T22:13:30.921Z,42.042,142.2321,60.5,4.6,mb,67,96,0.69,0.7,us,us7000tcfw,2026-09-14T23:48:12.040Z,"34 km SSW of Shizunai-furukawachō, Japan",earthquake,5.12,2.998,0.056,94,reviewed,us,us
2026-08-27T21:38:03.396Z,13.3207,50.5116,10,4.3,mb,17,82,7.695,1.16,us,us7000tdxw,2026-09-19T04:47:42.040Z,"152 km N of Caluula, Somalia",earthquake,15.07,1.932,0.153,12,reviewed,us,us
2026-08-27T21:28:49.496Z,13.4457,50.4665,10,4.3,mb,14,142,7.681,0.77,us,us7000tdxv,2026-09-19T04:35:15.040Z,"166 km N of Caluula, Somalia",earthquake,15.03,1.958,0.202,7,reviewed,us,us
2026-08-27T21:07:38.478Z,13.2595,50.5603,10,5.9,mww,127,27,6.132,0.81,us,us7000tcf3,2026-09-19T04:28:51.923Z,"144 km N of Caluula, Somalia",earthquake,8.86,0.891,0.051,37,reviewed,us,us
2026-08-27T21:05:29.229Z,-7.9324,120.2871,10,4.4,mb,13,125,2.947,0.83,us,us7000tdxu,2026-09-14T21:52:08.040Z,"76 km NE of Labuan Bajo, Indonesia",earthquake,9.4,1.722,0.203,8,reviewed,us,us
2026-08-27T20:07:24.905Z,-35.0095,-179.9058,34.224,4.6,mb,29,192,2.928,1.23,us,us7000tcxy,2026-09-08T19:28:00.040Z,"east of the North Island of New Zealand",earthquake,13.74,4.05,0.151,13,reviewed,us,us
2026-08-27T19:54:40.587Z,40.634,142.3482,58.569,4.8,mb,114,67,0.988,0.78,us,us7000tcef,2026-09-08T19:15:41.040Z,"69 km NE of Kuji, Japan",earthquake,7.7,5.005,0.046,142,reviewed,us,us
2026-08-27T19:45:59.774Z,36.9105,141.4004,49.082,4.6,mb,30,139,2.59,0.8,us,us7000tcee,2026-09-08T17:16:39.040Z,"48 km ESE of Iwaki, Japan",earthquake,8.91,8.479,0.132,17,reviewed,us,us
2026-08-27T19:35:46.785Z,-28.3502,-176.8245,10,4.5,mb,11,263,1.317,0.94,us,us7000tdxs,2026-09-08T17:08:08.040Z,"Kermadec Islands region",earthquake,11.5,1.856,0.163,11,reviewed,us,us
2026-08-27T19:33:32.730Z,17.951333333333,-67.0655,7.77,2.61,md,6,241,0.02709,0.06,pr,pr71530088,2026-08-27T20:35:13.010Z,"3 km SW of La Parguera, Puerto Rico",earthquake,0.75,0.26,0.15781867854971,5,reviewed,pr,pr
2026-08-27T19:06:05.281Z,18.6678,145.6944,218.633,4.4,mb,107,42,3.416,0.64,us,us7000tce1,2026-09-08T16:35:05.040Z,"Pagan region, Northern Mariana Islands",earthquake,11.19,6.446,0.057,88,reviewed,us,us
2026-08-27T18:55:47.420Z,31.671,-104.416,7.3816,2.6,ml,30,70,0,0.2,tx,tx2026qwimff,2026-09-08T15:36:17.040Z,"56 km S of Whites City, New Mexico",earthquake,0.83829892272287,0.67369601028281,0.1,25,reviewed,tx,tx
2026-08-27T18:43:39.959Z,5.998,125.6277,10,4.9,mb,87,77,1.066,0.83,us,us7000tcdu,2026-09-08T15:34:51.756Z,"5 km NW of Culaman, Philippines",earthquake,8.8,1.868,0.054,108,reviewed,us,us
2026-08-27T18:37:51.437Z,63.649,-150.721,5,3,ml,132,22,0.1,1.4,ak,aka2026qzamnb,2026-09-08T15:29:06.040Z,"51 km ENE of Denali National Park, Alaska",earthquake,1.8,0,0.1,96,reviewed,ak,ak
2026-08-27T18:02:48.376Z,55.959,-135.517,7.2,2.6,ml,18,186,1.1,0.9,ak,aka2026qyzidg,2026-09-08T15:26:22.040Z,"63 km WSW of Port Alexander, Alaska",earthquake,6.8,3.1674,0.1,13,reviewed,ak,ak
2026-08-27T17:40:41.842Z,-17.5706,-69.4412,143.959,4.5,mb,65,63,0.042,1.14,us,us7000tcc3,2026-09-08T14:44:55.040Z,"59 km ENE of Palca, Peru",earthquake,7.28,5.854,0.079,47,reviewed,us,us
2026-08-27T17:33:33.362Z,52.9568,-166.6181,16.581,2.5,ml,14,236,0.852,1.16,us,us7000tcgg,2026-09-08T14:32:14.040Z,"102 km S of Unalaska, Alaska",earthquake,4.18,10.644,0.115,10,reviewed,us,us
2026-08-27T17:23:23.384Z,-3.0892,-79.9951,51.763,4.2,mb,40,86,0.461,0.79,us,us7000tcc0,2026-09-08T13:40:41.004Z,"19 km NNW of Machala, Ecuador",earthquake,6.37,7.649,0.102,27,reviewed,us,us
2026-08-27T17:09:28.884Z,-3.4155,-80.6388,40.936,4.1,mb,28,160,0.586,0.91,us,us7000tcbz,2026-09-07T21:32:46.040Z,"26 km NW of Tumbes, Peru",earthquake,8.34,11.178,0.136,15,reviewed,us,us
2026-08-27T17:05:33.151Z,60.563,-150.759,55.8,2.5,ml,92,55,0.3,0.7,ak,aka2026qyxkno,2026-08-27T23:07:03.845Z,"2 km N of Sterling, Alaska",earthquake,2.2,3.1883,0.2,68,reviewed,ak,ak
2026-08-27T16:56:29.017Z,52.9553,-163.3086,10,2.7,ml,15,259,1.754,0.34,us,us7000tcg6,2026-09-20T13:17:35.040Z,"209 km SE of Akutan, Alaska",earthquake,7.48,2.019,0.148,6,reviewed,us,us
2026-08-27T16:50:42.679Z,53.081,-163.4646,10,2.7,ml,19,240,1.545,0.3,us,us7000tcg5,2026-09-20T13:16:00.040Z,"192 km SE of Akutan, Alaska",earthquake,6.05,2.007,0.128,8,reviewed,us,us
2026-08-27T16:31:59.647Z,-7.8341,120.4866,10,4.7,mb,31,83,2.895,1.05,us,us7000tcaf,2026-09-06T15:42:53.040Z,"86 km N of Ruteng, Indonesia",earthquake,4.39,1.837,0.123,23,reviewed,us,us
2026-08-27T16:21:22.850Z,4.5588,-76.6859,63.685,4.5,mb,50,103,1.989,1.12,us,us7000tca5,2026-09-06T15:39:38.040Z,"11 km SSW of Sipí, Colombia",earthquake,7.52,6.954,0.084,42,reviewed,us,us
2026-08-27T16:16:31.165Z,-7.7398,120.9735,10,4.3,mb,13,129,2.967,0.75,us,us7000tdxm,2026-09-06T15:13:39.040Z,"111 km NNE of Ruteng, Indonesia",earthquake,6.99,1.929,0.238,6,reviewed,us,us
2026-08-27T15:40:13.677Z,53.6208,-164.7372,35,2.7,ml,20,217,0.751,1.06,us,us7000tcg2,2026-09-20T13:14:51.040Z,"89 km SE of Akutan, Alaska",earthquake,4.05,2.017,0.115,10,reviewed,us,us
2026-08-27T15:36:05.076Z,8.6667,-71.214,10,3.5,ml,7,144,0.612,0.8,us,us7000tca4,2026-08-27T16:53:32.737Z,"10 km NW of Mérida, Venezuela",earthquake,4.89,2.005,0.097,14,reviewed,us,us
2026-08-27T15:29:01.125Z,55.902,-151.931,15,2.5,ml,26,278,1.4,0.9,ak,aka2026qyufbr,2026-08-27T22:36:33.117Z,"167 km SSE of Old Harbor, Alaska",earthquake,8.8,0,0.1,20,reviewed,ak,ak
2026-08-27T15:25:29.013Z,4.5126,-76.7491,61.381,4.7,mb,59,104,2.063,1.12,us,us7000tc9s,2026-09-05T20:20:08.040Z,"19 km SW of Sipí, Colombia",earthquake,6.92,7.476,0.053,108,reviewed,us,us
2026-08-27T14:48:52.845Z,31.794,-103.737,9.1376,2.8,ml,48,41,0.1,0.2,tx,tx2026qwahjm,2026-09-05T20:09:25.040Z,"16 km NW of Mentone, Texas",earthquake,0.34337041741425,0.48296968641856,0.1,27,reviewed,tx,tx
2026-08-27T14:45:48.131Z,33.2546,86.9132,10,5,mb,83,83,11.406,0.73,us,us7000tc9m,2026-09-05T19:43:53.040Z,"western Xizang",earthquake,9.24,1.812,0.052,123,reviewed,us,us
2026-08-27T14:30:19.771Z,53.0388,-163.5646,10,4.8,mb,94,129,1.611,0.91,us,us7000tc9g,2026-09-20T13:13:08.040Z,"190 km SE of Akutan, Alaska",earthquake,6.85,1.865,0.037,224,reviewed,us,us
2026-08-27T12:58:05.258Z,10.647,-62.4305,97.913,4.6,mb,53,119,0.398,1.07,us,us7000tdxa,2026-09-24T13:03:33.040Z,"16 km WNW of Güiria, Venezuela",earthquake,7.85,8.175,0.083,44,reviewed,us,us
2026-08-27T12:21:11.155Z,51.523,-175.124,26.1,2.5,ml,11,241,0.7,0.4,ak,aka2026qynxwz,2026-08-27T22:09:40.642Z,"98 km SW of Atka, Alaska",earthquake,17.6,6.9267,0.1,10,reviewed,ak,ak
2026-08-27T12:17:26.069Z,-19.7874,173.2918,10,4.5,mb,20,113,4.947,0.65,us,us7000tcxk,2026-09-23T13:04:52.040Z,"Vanuatu region",earthquake,11.61,1.585,0.156,12,reviewed,us,us
2026-08-27T11:47:16.412Z,-26.0419,70.7791,10,4.9,mb,40,71,27.385,0.67,us,us7000tc95,2026-09-23T13:02:43.040Z,"Indian Ocean Triple Junction",earthquake,12.86,1.879,0.096,34,reviewed,us,us
2026-08-27T11:00:15.613Z,1.5326,126.0944,81.565,4.4,mb,36,98,5.524,0.93,us,us7000tc8s,2026-09-23T12:48:28.040Z,"107 km E of Bitung, Indonesia",earthquake,6.41,8.672,0.105,26,reviewed,us,us
2026-08-27T10:55:57.002Z,54.0729,-162.4417,2.622,2.8,ml,26,213,0.953,0.66,us,us7000tcfk,2026-09-21T06:39:34.040Z,"107 km SE of False Pass, Alaska",earthquake,3.6,11.495,0.085,18,reviewed,us,us
2026-08-27T10:38:12.009Z,-21.1033,-179.191,617.54,4.3,mb,39,113,4.234,0.67,us,us7000tdx5,2026-09-24T14:20:16.040Z,"Fiji region",earthquake,14,9.314,0.104,30,reviewed,us,us
2026-08-27T10:33:24.339Z,-7.9804,120.1629,10,5.2,mww,96,37,2.975,0.95,us,us7000tc8j,2026-09-23T10:18:51.040Z,"64 km NNE of Labuan Bajo, Indonesia",earthquake,5.74,1.744,0.11,8,reviewed,us,us
2026-08-27T10:05:03.286Z,60.021,-150.512,35.6,3.4,ml,208,98,0.3,1.2,ak,aka2026qyjins,2026-09-21T06:40:31.990Z,"30 km NE of Fox River, Alaska",earthquake,1.9,2.367,0.2,93,automatic,ak,ak
2026-08-27T09:33:59.977Z,51.4577,160.1161,10,4.5,mb,29,164,1.809,1.01,us,us7000tc8e,2026-09-23T09:23:04.040Z,"201 km SE of Vilyuchinsk, Russia",earthquake,9.62,1.929,0.128,18,reviewed,us,us
2026-08-27T08:22:49.283Z,62.557,-150.742,75.3,2.8,ml,118,17,0,0.9,ak,aka2026qyfxsi,2026-09-06T07:41:26.040Z,"6 km N of Petersville, Alaska",earthquake,1.9,2.2909,0.2,84,reviewed,ak,ak
2026-08-27T08:09:54.898Z,24.2279,142.6599,31.948,4.2,mb,21,148,2.888,0.57,us,us7000tdwz,2026-09-06T07:36:29.040Z,"Volcano Islands, Japan region",earthquake,14.87,6.865,0.136,15,reviewed,us,us
2026-08-27T07:54:56.593Z,52.1886,-172.2961,72.836,3.6,mb,41,178,1.089,0.66,us,us7000tcf4,2026-09-06T07:25:15.040Z,"130 km E of Atka, Alaska",earthquake,4.07,12.335,0.125,16,reviewed,us,us
2026-08-27T07:22:42.009Z,24.2111,142.7145,24.034,4.3,mb,16,149,2.912,0.67,us,us7000tdwx,2026-09-06T07:15:40.040Z,"Volcano Islands, Japan region",earthquake,13.43,4.987,0.148,13,reviewed,us,us
2026-08-27T07:12:43.973Z,24.1239,142.5339,39.941,4.1,mb,16,147,2.976,0.88,us,us7000tdwv,2026-09-06T07:06:36.040Z,"Volcano Islands, Japan region",earthquake,15.1,9.001,0.157,11,reviewed,us,us
2026-08-27T06:15:10.544Z,-8.1967,121.7296,26.483,4.5,mb,14,119,2.946,1.06,us,us7000tdwu,2026-09-06T06:38:51.040Z,"70 km NW of Maumere, Indonesia",earthquake,9.22,5.501,0.163,11,reviewed,us,us
2026-08-27T06:02:15.010Z,19.892,-155.5695,-2.11,2.46,ml,29,185,0.08988,0.36,hv,hv75024632,2026-08-27T19:17:50.000Z,"18 km SE of Waimea, Hawaii",earthquake,0.92,0.32,0.16253023106293,8,reviewed,hv,hv
2026-08-27T05:53:13.102Z,-22.8057,-66.1,259.421,4.3,mb,18,135,1.923,0.69,us,us7000tc7m,2026-09-06T06:28:41.040Z,"42 km WSW of Abra Pampa, Argentina",earthquake,8.88,13.962,0.188,8,reviewed,us,us
2026-08-27T05:47:41.398Z,24.1044,142.225,9.67,4.4,mb,23,148,2.979,0.72,us,us7000tdwt,2026-09-24T08:22:55.040Z,"Volcano Islands, Japan region",earthquake,13.63,4.112,0.13,17,reviewed,us,us
2026-08-27T05:44:25.931Z,24.2624,142.7467,10,5.2,mww,82,96,2.867,0.78,us,us7000tc7l,2026-09-06T06:13:48.040Z,"Volcano Islands, Japan region",earthquake,9.3,1.852,0.078,16,reviewed,us,us
2026-08-27T05:30:48.984Z,-48.0141,32.0573,10,4.5,mb,21,118,17.79,0.94,us,us7000tdwf,2026-09-06T05:58:57.040Z,"Prince Edward Islands region",earthquake,5.92,1.911,0.121,20,reviewed,us,us
2026-08-27T05:09:23.826Z,59.819,-152.498,87.3,2.6,ml,121,63,0.3,0.7,ak,aka2026qxznno,2026-09-05T10:36:06.040Z,"37 km W of Anchor Point, Alaska",earthquake,2.3,1.5946,0.2,89,reviewed,ak,ak
2026-08-27T04:55:30.948Z,51.4961,178.4435,72.427,2.9,ml,10,263,0.443,0.69,us,us7000tcec,2026-09-22T03:34:58.040Z,"Rat Islands, Aleutian Islands, Alaska",earthquake,5.94,6.333,0.115,10,reviewed,us,us
2026-08-27T04:49:51.576Z,54.559,-160.113,5.7,2.5,ml,22,251,1.2,0.6,ak,aka2026qxywqw,2026-08-27T19:50:39.172Z,"89 km SSE of Sand Point, Alaska",earthquake,6.1,3.4819,0.1,18,reviewed,ak,ak
2026-08-27T04:47:42.972Z,-20.9773,-179.022,621.016,4.1,mb,51,113,4.238,0.52,us,us7000tdwr,2026-09-22T03:22:33.040Z,"Fiji region",earthquake,15.08,8.03,0.083,40,reviewed,us,us
2026-08-27T04:30:15.407Z,-24.834,-175.3317,10,4.5,mb,17,235,17.065,1.35,us,us7000tdwq,2026-09-22T03:09:57.040Z,"south of Tonga",earthquake,18.96,1.986,0.132,17,reviewed,us,us
2026-08-27T04:19:08.691Z,-22.4558,-20.2918,10,5.2,mb,125,35,19.91,1.13,us,us7000tc56,2026-09-22T02:40:32.040Z,"South Atlantic Ocean",earthquake,11.1,1.785,0.053,117,reviewed,us,us
2026-08-27T04:08:34.317Z,-22.4036,-20.2237,10,4.4,mb,19,62,15.455,0.62,us,us7000tdwp,2026-09-22T02:05:05.040Z,"South Atlantic Ocean",earthquake,13.24,1.89,0.13,17,reviewed,us,us
2026-08-27T03:36:18.220Z,32.141833333333,-115.77816666667,6.21,2.56,ml,27,51,0.1465,0.2,ci,ci41537288,2026-09-22T01:12:37.040Z,"52 km SSW of Progreso, B.C., MX",earthquake,0.27,1.68,0.20318379707834,64,reviewed,ci,ci
2026-08-27T01:54:36.907Z,50.9769,-172.8308,10,2.9,ml,14,237,1.494,0.57,us,us7000tc9v,2026-09-17T05:46:06.040Z,"165 km SE of Atka, Alaska",earthquake,7.72,2.016,0.105,12,reviewed,us,us
2026-08-27T01:51:56.221Z,-12.6094,-14.7044,10,4.7,mb,37,132,4.739,0.37,us,us7000tdwj,2026-09-21T22:21:33.040Z,"southern Mid-Atlantic Ridge",earthquake,13.95,1.909,0.1,30,reviewed,us,us
2026-08-27T01:46:54.441Z,10.7662,126.0323,35,4.3,mb,16,104,3.7,0.67,us,us7000tdwi,2026-09-17T05:37:38.040Z,"29 km SE of Sulangan, Philippines",earthquake,13.59,1.954,0.2,7,reviewed,us,us
2026-08-27T01:41:37.010Z,19.191,-68.8455,10.5,3.44,md,6,194,0.3384,0.2,pr,pr71530033,2026-09-17T05:23:44.040Z,"31 km NE of Miches, Dominican Republic",earthquake,1.02,2.17,0.025175276597352,5,reviewed,pr,pr
2026-08-26T23:42:16.928Z,-56.1896,-26.3107,35,4.3,mb,17,106,6.127,1.32,us,us7000tdmf,2026-09-13T03:36:21.040Z,"South Sandwich Islands region",earthquake,13.09,1.954,0.133,16,reviewed,us,us
2026-08-26T23:20:02.625Z,-21.3306,-68.6981,122.154,4.7,mb,33,69,0.686,1.09,us,us7000tc43,2026-09-11T03:57:45.040Z,"47 km WSW of Ollagüe, Chile",earthquake,4.3,5.985,0.12,21,reviewed,us,us
2026-08-26T22:23:12.555Z,-35.3132,-71.4564,78.811,4.2,mb,30,157,0.449,0.69,us,us7000tc3j,2026-09-17T02:15:47.040Z,"22 km NE of Talca, Chile",earthquake,5.82,5.139,0.176,9,reviewed,us,us
2026-08-26T22:04:28.953Z,-18.8485,169.4281,255.308,4.2,mb,21,150,4.179,0.88,us,us7000tdmd,2026-09-03T21:45:37.040Z,"78 km NNE of Isangel, Vanuatu",earthquake,8.1,8.817,0.153,12,reviewed,us,us
2026-08-26T21:47:19.233Z,22.7959,121.5325,28.769,4.6,mwr,51,109,0.418,0.74,us,us7000tc37,2026-09-17T02:12:25.786Z,"115 km ESE of Yujing, Taiwan",earthquake,5.83,5.075,0.057,30,reviewed,us,us
2026-08-26T21:08:12.010Z,51.8233,176.1499,61.778,3.8,mb,26,205,1.469,0.46,us,us7000tdf6,2026-09-23T22:01:54.040Z,"231 km ESE of Attu Station, Alaska",earthquake,8.93,11.596,0.253,4,reviewed,us,us
2026-08-26T21:03:27.443Z,-17.2617,-175.0901,225.284,4.3,mb,19,69,4.612,0.24,us,us7000tdmb,2026-09-23T22:00:08.040Z,"193 km NW of Neiafu, Tonga",earthquake,12.8,8.42,0.137,15,reviewed,us,us
2026-08-26T20:14:07.773Z,-30.1391,72.8436,10,4.5,mb,9,205,53.002,0.54,us,us7000tdma,2026-09-18T18:13:22.040Z,"South Indian Ocean",earthquake,16.13,1.943,0.243,5,reviewed,us,us
2026-08-26T20:10:36.017Z,17.4437,-94.8653,130.286,4.1,mb,45,83,0.698,0.79,us,us7000tfk0,2026-09-18T18:05:36.040Z,"14 km ENE of Suchilapan del Río, Mexico",earthquake,5.75,7.804,0.107,25,reviewed,us,us
2026-08-26T19:53:55.397Z,14.0852,-93.2386,10,4.2,mb,79,180,1.413,0.86,us,us7000tdm9,2026-09-18T17:49:19.040Z,"112 km SW of Puerto Madero, Mexico",earthquake,6.79,1.925,0.071,58,reviewed,us,us
2026-08-26T19:50:10.148Z,-14.0376,168.7114,10,4.4,mb,20,279,7.733,1.12,us,us7000tc21,2026-09-18T17:16:48.348Z,"126 km E of Sola, Vanuatu",earthquake,28.71,2.024,0.139,15,reviewed,us,us
2026-08-26T19:44:58.130Z,40.963666666667,-124.94233333333,23.37,2.75,md,78,233,0.6121,0.22,nc,nc75425577,2026-09-05T03:07:21.383Z,"67 km WNW of Bayview, CA",earthquake,0.99,5.45,0.294,53,reviewed,nc,nc
2026-08-26T19:43:19.850Z,59.462,-155.459,7.7,2.5,ml,56,61,0.1,0.6,ak,aka2026qxgqtu,2026-09-01T19:02:56.885Z,"28 km ENE of Igiugig, Alaska",earthquake,2.4,1.601,0.2,42,reviewed,ak,ak
2026-08-26T19:29:19.787Z,-16.8736,-74.6393,10,4.1,mb,12,185,4.36,0.88,us,us7000tc1f,2026-09-18T17:09:48.040Z,"122 km SSW of Atiquipa, Peru",earthquake,13.65,2.013,0.235,5,reviewed,us,us
2026-08-26T19:21:42.986Z,38.1728,143.7989,17.09,5.6,mww,234,62,3.362,0.66,us,us7000tc18,2026-09-18T17:15:45.967Z,"206 km ESE of Ōfunato, Japan",earthquake,19.82,5.377,0.043,51,reviewed,us,us
2026-08-26T19:02:58.846Z,-6.2169,130.3825,132.024,4.4,mb,51,47,1.749,0.6,us,us7000tc0v,2026-08-27T14:54:50.040Z,"270 km WSW of Tual, Indonesia",earthquake,8.56,7.124,0.084,41,reviewed,us,us
2026-08-26T18:34:58.524Z,-8.3246,120.6242,10,4.5,mb,35,77,3.401,0.59,us,us7000tc0p,2026-09-18T15:58:26.040Z,"36 km NNE of Ruteng, Indonesia",earthquake,7.67,1.494,0.101,31,reviewed,us,us
2026-08-26T18:23:13.367Z,-8.376,120.6226,10,4.9,mb,78,47,3.45,0.68,us,us7000tc0k,2026-09-18T15:46:36.040Z,"31 km NE of Ruteng, Indonesia",earthquake,6.36,1.87,0.072,66,reviewed,us,us
2026-08-26T17:49:07.280Z,17.9655,-67.064666666667,14.12,2.6,md,8,228,0.01985,0.09,pr,pr71529998,2026-08-26T18:20:04.800Z,"2 km WSW of La Parguera, Puerto Rico",earthquake,0.87,0.6,0.10679134218641,5,reviewed,pr,pr
2026-08-26T17:24:49.410Z,18.79,-66.629333333333,51.24,3.11,md,18,226,0.4566,0.27,pr,pr71529973,2026-08-26T19:18:22.665Z,"36 km NNE of Arecibo, Puerto Rico",earthquake,1.07,2.3,0.083380431449999,14,reviewed,pr,pr
2026-08-26T17:23:56.535Z,-8.6828,120.9506,10,4,mb,13,116,3.443,1.23,us,us7000tdm4,2026-09-18T15:12:59.040Z,"54 km E of Ruteng, Indonesia",earthquake,6.98,1.831,0.258,4,reviewed,us,us
2026-08-26T17:17:31.512Z,54.6173,-161.2868,35,2.9,ml,49,205,0.629,0.6,us,us7000tc80,2026-09-17T20:36:55.040Z,"82 km SE of King Cove, Alaska",earthquake,3.21,2.009,0.081,20,reviewed,us,us
2026-08-26T17:14:05.158Z,51.2651,-178.0237,35,2.7,ml,30,205,0.497,0.62,us,us7000tc7z,2026-09-17T20:33:57.040Z,"117 km SW of Adak, Alaska",earthquake,2.26,2.009,0.091,16,reviewed,us,us
2026-08-26T17:02:33.844Z,61.25,-150.258,48.6,2.5,ml,83,26,0.1,0.9,ak,aka2026qxbglc,2026-09-18T18:49:56.040Z,"19 km SW of Point MacKenzie, Alaska",earthquake,1.9,2.4193,0.2,62,reviewed,ak,ak
2026-08-26T16:52:48.110Z,-8.3149,121.2015,10,4.7,mb,40,108,3.072,0.68,us,us7000tbzr,2026-09-07T21:07:31.040Z,"77 km NW of Ende, Indonesia",earthquake,8.7,1.801,0.106,27,reviewed,us,us
2026-08-26T16:45:14.482Z,6.7547,-73.004,158.98,4.9,mww,145,30,0.86,0.71,us,us7000tbzn,2026-09-13T14:35:47.444Z,"3 km W of Cepitá, Colombia",earthquake,6.76,5.48,0.078,16,reviewed,us,us
2026-08-26T16:22:06.763Z,-19.8041,-175.7164,219.786,4.1,mb,19,96,5.51,0.75,us,us7000tdm1,2026-09-07T20:38:25.040Z,"142 km W of Pangai, Tonga",earthquake,17.38,12.18,0.131,16,reviewed,us,us
2026-08-26T16:18:37.490Z,66.48,-148.876,14,2.6,ml,35,30,0.6,0.7,ak,aka2026qwzvfp,2026-09-07T20:23:15.040Z,"53 km N of Stevens Village, Alaska",earthquake,2.7,2.0957,0.2,25,reviewed,ak,ak
2026-08-26T15:58:48.085Z,4.6543,125.6555,10,4.4,mb,18,173,2.401,0.36,us,us7000tdlz,2026-09-07T20:19:18.040Z,"85 km SSE of Sarangani, Philippines",earthquake,12.58,1.914,0.149,13,reviewed,us,us
2026-08-26T15:52:51.959Z,51.2138,178.5911,31.293,3.1,ml,14,278,0.476,0.92,us,us7000tc7w,2026-09-07T20:04:52.040Z,"Rat Islands, Aleutian Islands, Alaska",earthquake,6,13.584,0.085,18,reviewed,us,us
2026-08-26T15:48:15.200Z,19.137333333333,-65.994666666667,15.42,3.42,md,11,248,0.8858,0.4,pr,pr71529948,2026-08-26T17:41:27.670Z,"75 km N of San Juan, Puerto Rico",earthquake,2.59,5.8,0.020079391386154,4,reviewed,pr,pr
2026-08-26T15:45:25.692Z,-10.9245,161.6841,10,4.2,mb,11,159,2.259,0.85,us,us7000tdm0,2026-09-07T19:56:47.040Z,"58 km SSW of Kirakira, Solomon Islands",earthquake,11.94,1.934,0.176,9,reviewed,us,us
2026-08-26T15:36:51.460Z,-42.4115,83.9303,10,4.7,mb,42,66,23.167,0.56,us,us7000tdly,2026-09-07T19:48:59.040Z,"Mid-Indian Ridge",earthquake,10.25,1.815,0.112,24,reviewed,us,us
2026-08-26T15:32:02.604Z,-17.8113,167.3856,10,4.5,mb,21,140,4,0.74,us,us7000tc36,2026-09-07T19:27:27.040Z,"98 km W of Port-Vila, Vanuatu",earthquake,8.25,1.892,0.151,13,reviewed,us,us
